Metodo = BFGS
tbeg = 0.0 | tend = 31.0 | dim = 101
x0 = [0.09, 0.09, 0.09, 0.09, 0.09, 0.09, 0.09, 0.09, 0.09, 0.09, 0.09, 0.09, 0.09, 0.09, 0.09, 0.09, 0.09, 0.09, 0.09, 0.09, 0.09, 0.09, 0.09, 0.09, 0.09, 0.09, 0.09, 0.09, 0.09, 0.09, 0.09, 0.09, 0.09, 0.09, 0.09, 0.09, 0.09, 0.09, 0.09, 0.09, 0.09, 0.09, 0.09, 0.09, 0.09, 0.09, 0.09, 0.09, 0.09, 0.09, 0.09, 0.09, 0.09, 0.09, 0.09, 0.09, 0.09, 0.09, 0.09, 0.09, 0.09, 0.09, 0.09, 0.09, 0.09, 0.09, 0.09, 0.09, 0.09, 0.09, 0.09, 0.09, 0.09, 0.09, 0.09, 0.09, 0.09, 0.09, 0.09, 0.09, 0.09, 0.09, 0.09, 0.09, 0.09, 0.09, 0.09, 0.09, 0.09, 0.09, 0.09, 0.09, 0.09, 0.09, 0.09, 0.09, 0.09, 0.09, 0.09, 0.09, 0.09]
lower = [0.0, 0.0, 0.0, 0.0, 0.0, 0.0, 0.0, 0.0, 0.0, 0.0, 0.0, 0.0, 0.0, 0.0, 0.0, 0.0, 0.0, 0.0, 0.0, 0.0, 0.0, 0.0, 0.0, 0.0, 0.0, 0.0, 0.0, 0.0, 0.0, 0.0, 0.0, 0.0, 0.0, 0.0, 0.0, 0.0, 0.0, 0.0, 0.0, 0.0, 0.0, 0.0, 0.0, 0.0, 0.0, 0.0, 0.0, 0.0, 0.0, 0.0, 0.0, 0.0, 0.0, 0.0, 0.0, 0.0, 0.0, 0.0, 0.0, 0.0, 0.0, 0.0, 0.0, 0.0, 0.0, 0.0, 0.0, 0.0, 0.0, 0.0, 0.0, 0.0, 0.0, 0.0, 0.0, 0.0, 0.0, 0.0, 0.0, 0.0, 0.0, 0.0, 0.0, 0.0, 0.0, 0.0, 0.0, 0.0, 0.0, 0.0, 0.0, 0.0, 0.0, 0.0, 0.0, 0.0, 0.0, 0.0, 0.0, 0.0, 0.0]
upper = [0.5, 0.5, 0.5, 0.5, 0.5, 0.5, 0.5, 0.5, 0.5, 0.5, 0.5, 0.5, 0.5, 0.5, 0.5, 0.5, 0.5, 0.5, 0.5, 0.5, 0.5, 0.5, 0.5, 0.5, 0.5, 0.5, 0.5, 0.5, 0.5, 0.5, 0.5, 0.5, 0.5, 0.5, 0.5, 0.5, 0.5, 0.5, 0.5, 0.5, 0.5, 0.5, 0.5, 0.5, 0.5, 0.5, 0.5, 0.5, 0.5, 0.5, 0.5, 0.5, 0.5, 0.5, 0.5, 0.5, 0.5, 0.5, 0.5, 0.5, 0.5, 0.5, 0.5, 0.5, 0.5, 0.5, 0.5, 0.5, 0.5, 0.5, 0.5, 0.5, 0.5, 0.5, 0.5, 0.5, 0.5, 0.5, 0.5, 0.5, 0.5, 0.5, 0.5, 0.5, 0.5, 0.5, 0.5, 0.5, 0.5, 0.5, 0.5, 0.5, 0.5, 0.5, 0.5, 0.5, 0.5, 0.5, 0.5, 0.5, 0.5]
rmsd_tol = 0.09
grad_tol = 0.001

iter	f	x1	x2	x3	x4	x5	x6	x7	x8	x9	x10	x11	x12	x13	x14	x15	x16	x17	x18	x19	x20	x21	x22	x23	x24	x25	x26	x27	x28	x29	x30	x31	x32	x33	x34	x35	x36	x37	x38	x39	x40	x41	x42	x43	x44	x45	x46	x47	x48	x49	x50	x51	x52	x53	x54	x55	x56	x57	x58	x59	x60	x61	x62	x63	x64	x65	x66	x67	x68	x69	x70	x71	x72	x73	x74	x75	x76	x77	x78	x79	x80	x81	x82	x83	x84	x85	x86	x87	x88	x89	x90	x91	x92	x93	x94	x95	x96	x97	x98	x99	x100	x101
0	22.1679256727995	0.09	0.09	0.09	0.09	0.09	0.09	0.09	0.09	0.09	0.09	0.09	0.09	0.09	0.09	0.09	0.09	0.09	0.09	0.09	0.09	0.09	0.09	0.09	0.09	0.09	0.09	0.09	0.09	0.09	0.09	0.09	0.09	0.09	0.09	0.09	0.09	0.09	0.09	0.09	0.09	0.09	0.09	0.09	0.09	0.09	0.09	0.09	0.09	0.09	0.09	0.09	0.09	0.09	0.09	0.09	0.09	0.09	0.09	0.09	0.09	0.09	0.09	0.09	0.09	0.09	0.09	0.09	0.09	0.09	0.09	0.09	0.09	0.09	0.09	0.09	0.09	0.09	0.09	0.09	0.09	0.09	0.09	0.09	0.09	0.09	0.09	0.09	0.09	0.09	0.09	0.09	0.09	0.09	0.09	0.09	0.09	0.09	0.09	0.09	0.09	0.09
1	3.380000000000001e56	0.09	17.450816321666945	-11.477668073856728	5.319446599350033	-4.7961576418686915	3.8249860886693705	-3.4786315312871374	2.6498409459363383	-2.563873809693409	1.1804048155814482	-1.6852238524545158	2.169529705597204	-0.5452086237522629	0.5118293397662401	-1.9059596425475773	0.1282395903385415	-0.6823314014088679	-0.21950231406271273	-0.38990508580026295	0.41108940832225127	0.36529431765592546	-0.14996056164605048	0.1894546420439955	-2.072276002053091	4.761716346893182	4.761883069360424	0.9719930818379372	1.3388082504245309	1.8594221855815676	4.295587630292065	2.341590582621417	1.2291407287469098	0.3258396734812544	1.268870027173091	1.6664601635523197	2.0224175942297653	1.9993790560949645	1.441811212279625	0.4969401057875398	0.6829860235780565	0.8521184622454385	0.9686783333719198	1.6075242554714397	2.8103991866655176	1.3925971714793222	0.1736602905052279	0.0893172056767392	0.38968730934153417	0.3504979177436034	0.3645997185784976	0.7424208338618058	0.41686964984076824	0.6006866545400213	0.18595717133392442	0.5770874025350239	-0.01081468604310809	-0.8059566883767915	-0.5837247735703173	0.9433444142868692	2.15413770967845	0.2075603226297785	-0.28896151288143734	0.22148413764038075	0.9623419248610667	1.1264102521084176	0.7684759853300765	-0.674439283235512	0.5909087713533697	0.23222058159135917	1.3187003405922488	-1.1144814401139962	-2.6334083554825356	-1.7799659421194347	1.1082192910073807	2.618928636999214	0.5326675226248287	0.5890525780464023	-0.44002407196119275	0.4046687152042695	0.3022307258649844	0.6704276453599106	0.19624244373126168	0.2009069701893644	-0.8414965767314135	0.6249842853667305	0.47826302714096747	1.7377130302878263	-0.3093166321967886	-0.27616811595594803	-1.9285047686228742	1.7070896485538543	-4.984439931234214	11.41343376324862	-22.93164971471802	59.2721076516366	-150.12913606468655	377.5872435462022	-765.9818492389161	1252.0449896513985	-2387.4562063578046	2127.2947635685946
2	14.19608113920933	0.09	0.0900086817249285	0.08999421528858893	0.09000261511993805	0.08999755655057814	0.09000186777633222	0.08999821541356398	0.09000128011462949	0.0899986728618065	0.09000054528511184	0.08999911225342817	0.0900010399225791	0.08999968234750938	0.09000021094666441	0.08999900186879096	0.09000001912269553	0.08999961377572019	0.08999984522536811	0.08999976001105768	0.09000016056905787	0.0900001376680391	0.08999988000151886	0.09000004973486436	0.08999891869799659	0.09000233621250961	0.09000233629588349	0.09000044106343753	0.0900006244988437	0.09000088484529833	0.09000210311279679	0.09000112596606794	0.0900005696567649	0.0900001179377245	0.09000058952442747	0.09000078834965171	0.09000096635536539	0.09000095483434892	0.0900006760081371	0.09000020350091811	0.09000029653798806	0.0900003811170356	0.09000043940581189	0.09000075887722755	0.09000136040592774	0.09000065139738396	0.09000004183649064	0.08999999965855104	0.09000014986638508	0.09000013026871688	0.09000013732068687	0.09000032625990116	0.09000016345961703	0.09000025538206137	0.09000004798586374	0.09000024358064543	0.08999994958501047	0.08999955195370009	0.08999966308651314	0.09000042673693084	0.09000103222541371	0.09000005878907792	0.08999981049050042	0.0900000657520415	0.09000043623712704	0.09000051828373477	0.0900003392894531	0.08999961772237787	0.09000025049237816	0.09000007112107782	0.09000061444336366	0.0899993976679235	0.08999863808925962	0.08999906487519743	0.09000050918687448	0.09000126465613041	0.09000022136733636	0.09000024956414071	0.08999973494776323	0.09000015735822431	0.09000010613146002	0.09000029025784644	0.09000005312928004	0.09000005546189706	0.08999953418106031	0.09000026753271968	0.0900001941609622	0.09000082398148941	0.08999980031139689	0.08999981688816923	0.08999899059451794	0.09000080866747584	0.0899974623951528	0.0900056625757313	0.08998848742901715	0.09002959554261739	0.08992487903828097	0.09018877725384639	0.08961690597104811	0.09062607245198798	0.08880604580835191	0.09106376372410858
3	3.380000000000001e56	0.09	8.770412501695937	-5.69383692928407	2.7047246072349855	-2.353080042659057	1.9574939782228515	-1.6943166579367868	1.369921113025484	-1.2369375684158013	0.63520268043328	-0.7976123701005439	1.1297653727598918	-0.22760447070237674	0.3009147753564523	-0.9079803203393932	0.10911980473061851	-0.2961658938165739	-0.06475123441867232	-0.14995266289460266	0.2505447844456546	0.22764722766198228	-0.02998034082226582	0.13972734588942995	-0.9911385416775472	2.425859341552846	2.425942702828154	0.5309967614506874	0.7144044374616872	0.974711535213433	2.1927948667024313	1.2157958542937426	0.6595706492018374	0.2079198957094895	0.6794353083487592	0.8782304759509857	1.0562092802925656	1.0446900054646566	0.765905944143881	0.293470154644229	0.3864931600580223	0.4710594216812371	0.5293393863888659	0.8487625071743337	1.450200273535723	0.741298911438353	0.13183016617085927	0.08965860266764512	0.23984372960395964	0.22024902400616017	0.22729992794959222	0.41621058006085354	0.25343490665019264	0.3453434549610414	0.13797860965989409	0.3335438230578347	0.03959263177095119	-0.3579785682115457	-0.24686255524190207	0.5166724205119001	1.122069370951932	0.14878019070942822	-0.09948085119546846	0.15574210169621114	0.526171180549097	0.6082053851960761	0.42923816230976486	-0.2922198327565671	0.340454510922874	0.1611103263562185	0.7043504775178062	-0.5122410212230364	-1.271704858696638	-0.8449834386221188	0.5991099000971276	1.3544649508276725	0.31133387199608253	0.33952641380527154	-0.17501216850671478	0.2473344362812469	0.19611541599822221	0.38021396780887856	0.14312124843027085	0.14545351282563074	-0.3757485212751766	0.3574922764497251	0.2841316106509648	0.9138569271346578	-0.10965841594269589	-0.09308414953388941	-0.9192528890141782	0.8985452286106651	-2.4472212344195308	5.751719712912176	-11.420830613644503	29.68106862358961	-75.01960559282413	188.83871616172806	-382.94611616647256	626.0678078619253	-1193.6837001559984	1063.6929136661593
4	4.428136786779203	0.09	0.09002299305536067	0.08998467952039305	0.09000692599662001	0.08999352866299148	0.09000494669952823	0.08999527362418676	0.09000339031088711	0.08999648514987452	0.09000144415664711	0.08999764885362757	0.0900027541758843	0.08999915871542093	0.09000055868025916	0.08999735650618562	0.09000005064537296	0.08999897710693204	0.08999959008817848	0.08999936440291739	0.0900004252580296	0.09000036460598217	0.08999968219083848	0.09000013171996339	0.08999713623306076	0.09000618732613738	0.09000618754694838	0.0900011681314624	0.0900016539497167	0.09000234346251441	0.0900055699747878	0.0900029820571773	0.09000150870358596	0.09000031235136459	0.0900015613219618	0.09000208789927518	0.09000255933729732	0.09000252882453957	0.09000179036915461	0.09000053896062302	0.09000078536401834	0.09000100936682176	0.09000116374133503	0.0900020098432338	0.09000360295783004	0.09000172518897277	0.0900001108015692	0.08999999909569185	0.09000039691260865	0.09000034500929754	0.09000036368603954	0.09000086408081702	0.0900004329135114	0.09000067636488412	0.09000012708783457	0.09000064510950433	0.08999986647876376	0.08999881337482322	0.08999910770376637	0.09000113018852315	0.09000273379037893	0.09000015569953372	0.0899994980948543	0.0900001741405473	0.09000115534925317	0.09000137264503359	0.09000089858884527	0.08999898755943075	0.09000066341483585	0.09000018836013499	0.09000162731834895	0.08999840475770722	0.08999639305675913	0.08999752337507447	0.09000134855251582	0.09000334936993032	0.09000058627881694	0.09000066095645172	0.08999929802420559	0.09000041675431932	0.0900002810831437	0.09000076873141996	0.09000014070988052	0.09000014688768421	0.08999876630499624	0.09000070854521254	0.09000051422428025	0.09000218226817344	0.08999947113607676	0.08999951503871675	0.0899973266469139	0.09000214170987834	0.08999327929769536	0.09001499701019625	0.08996950960965332	0.09007838211362776	0.08980104639967548	0.09049996583447102	0.08898539722364192	0.09165811732886103	0.0868378801387096	0.09281731780268788
5	3.380000000000001e56	0.09	12.23159141005	-7.081604654685502	2.6157385461646676	-2.0810047531336333	1.5505976657519769	-1.6602079573640818	1.164451460694191	-1.255955826190082	0.3674129013283814	-0.6885070820524907	0.9528443133677733	-0.21269617065721214	0.04753511785406218	-1.1484742405493964	-0.027287948612351273	-0.26865842106037097	-0.18071805671941077	-0.06561855563027053	0.1261937374472229	0.34933582722965184	-0.26304636753293287	0.5507877284836572	-2.3410155948379985	5.625374468201392	5.098816339332645	1.09580367723224	1.4745202975847496	2.109453832250297	4.608673340668402	2.3607640679756376	1.493879017658844	0.8707184685280672	1.5779826869821125	1.7013439884203372	2.0224280544448883	2.0012966968086063	1.744684873731629	0.9594287908282934	0.8724339112528384	0.9223678134659576	1.0860377988578052	1.5930138999428607	2.1415091279559983	1.2076794453750266	0.43804618208658963	0.37145361006831146	0.5503277087618447	0.5320550060751132	0.4805299830961436	0.5095798021378904	0.32927324515940026	0.3973982046213275	0.19204584260041507	0.36714732647083065	0.07399674080326597	-0.3000649967772707	-0.15070570969325695	0.5831178267382567	1.1056428836017642	0.1687838626272487	-0.06719843277340684	0.21331342626846006	0.6092087898963697	0.769228323117218	0.5071510629556447	-0.38271558258032323	0.3560624471750188	0.12171593064213838	0.8499646151340265	-0.9127331024553526	-1.482139675264422	-1.389957289178204	1.9318238876695022	0.33899108638541464	1.9369041562685652	-1.6569512011424699	2.462931980650563	-3.3190907526478233	4.483337063779672	-4.414500640738829	5.574859999667822	-6.5759921580618945	10.602603030783142	-18.47255711940669	23.484102616924215	-24.745629244885304	32.27615948346734	-49.9234040016022	72.17064643614191	-117.99637493043133	192.10145023916667	-254.11652371658656	358.0033156832099	-484.2253791214967	578.4437710313509	-601.3272219205159	396.108805855512	-168.39137834252347	-472.3987121612923	772.1853613838791
6	3.7001604823436254	0.09	0.09002826797959802	0.08998156381168886	0.09000802330484928	0.08999258546924067	0.09000558125642154	0.08999451324553333	0.09000385710660687	0.08999590039869365	0.09000156467850795	0.0899973106309752	0.09000312903880951	0.0899990272089405	0.09000054023107901	0.0899968184501767	0.08999999968941004	0.08999882128763938	0.08999947247445449	0.08999929679445777	0.09000044098227322	0.09000047727469764	0.08999952880940533	0.09000033190988771	0.08999608007560761	0.09000859217593146	0.09000836363270291	0.0900016051040059	0.09000225545610364	0.09000322081651338	0.090007533117384	0.09000396859304136	0.09000211862046358	0.09000065153564318	0.09000220777779311	0.09000278794939669	0.09000339888271114	0.0900033591894138	0.09000250924892382	0.09000091668514763	0.09000112529336833	0.09000137098993984	0.09000159647107862	0.09000266282920528	0.09000449423775742	0.09000221076588452	0.09000026201075355	0.09000012137367303	0.09000059690256143	0.09000053706066734	0.0900005333522708	0.09000104636757222	0.09000053686597563	0.09000080991424254	0.0900001714217624	0.09000076551633289	0.08999985952617967	0.08999864391096356	0.08999900312916516	0.0900013444238777	0.09000317503690151	0.09000018992724393	0.08999942979995638	0.09000022771419117	0.09000138091985835	0.09000166773629203	0.09000107982041577	0.08999878218781338	0.09000077900581253	0.09000020213909105	0.09000195748551074	0.08999796911936551	0.08999571003967548	0.08999688040628799	0.09000214873532736	0.0900034575430595	0.09000138866909065	0.08999990199036081	0.09000032894868679	0.08999893566909052	0.09000218977548739	0.08999881174342253	0.09000252361620817	0.08999725083643549	0.0900033335230959	0.0899926440116341	0.09001067783016331	0.08999139238752	0.09001345446588434	0.0899777866338401	0.09002864220269491	0.0899508388904134	0.0900766989889066	0.08990455656409412	0.09012500564770706	0.08986797047177333	0.09005231322693064	0.09023867892251755	0.0891574486817123	0.09158491959838003	0.08663260801948147	0.09315275467000962
7	3.380000000000001e56	0.09	6.257214410951214	-3.280489274701335	1.0310638221391353	-0.6349437783852292	0.48293659405089095	-0.5741827950108203	0.41907705814842977	-0.4403520433745447	0.08315782038263955	-0.16553987250245433	0.3485662071567464	-0.021113407304697032	-0.04004770108295139	-0.4809566523041209	-0.022196824378032234	-0.026971810660819287	-0.07783681311143763	0.08346134429202914	0.02577010470666033	0.28457983073866194	-0.22728875775399443	0.6408394147952967	-1.9743590463125247	4.989829191937988	4.3540662441488855	0.9699699421116366	1.3034562167113872	1.8577626221743941	3.9204979580235686	1.9293303710425374	1.3944055028440943	1.0210203235093118	1.4790479693513514	1.4391035458364232	1.6852142191716888	1.655592548458275	1.6284244706954072	1.0585728789527833	0.8411673074939746	0.8183753469750027	0.9872773096531061	1.3179403142932817	1.430823070525598	0.9131920875017906	0.5545632918465756	0.4975636538953562	0.5711040886012122	0.5724873250938675	0.4775440022017005	0.3360079406667523	0.24828119705388763	0.25439369574801846	0.17982823679075383	0.2216393408363433	0.12407926567628261	0.028541761291586226	0.11864202863083882	0.338120025438325	0.4202720019968174	0.14953455583007175	0.07780284589131445	0.22056096756035246	0.3078516770089556	0.4983111057360492	0.2391655390325895	0.0459207587285434	0.08703695072741506	0.18977493084627056	0.24042422471429573	-0.1541512940706879	-0.8697702320960304	0.1510586074447488	-0.2968267342092022	1.4238447397344214	-0.6491228404900262	1.2923235256629715	-1.436519921286806	1.8728967067239723	-1.931326059604996	2.3094622532609512	-2.2796279891267845	2.8568751083364754	-4.4238389757765715	6.910599332596597	-7.426184692256569	7.754112083973136	-8.317520115737329	11.401286781158712	-15.003637380277441	20.30448203191841	-23.13206226885503	17.19941278708918	-4.5893069220402865	-2.743207074116269	16.151745248293455	1.1192153638929128	-0.788052304877645	-19.224295497591182	-11.562328672515196	0.06791917898105172
8	3.698718046348437	0.09	0.09003142300107031	0.08997983953944853	0.09000850473206472	0.0899922146048398	0.09000578227285817	0.08999417346437213	0.09000402545453592	0.0899956290822275	0.0900015611773715	0.08999717990274987	0.09000326131502828	0.08999897036581811	0.09000047370073855	0.0899965263606535	0.08999994229153346	0.08999876144756858	0.08999938661243045	0.0899992934497589	0.0900004081231888	0.09000057681799405	0.08999936649042649	0.09000061370925196	0.08999502398866631	0.09001109883599397	0.09001054504799673	0.09000205527997494	0.09000287623731806	0.09000412517041803	0.09000949272736818	0.09000490955933615	0.09000278592976645	0.0900011278285567	0.09000291838861336	0.09000347812507174	0.09000421496386617	0.09000416011667534	0.09000329627792039	0.09000141218913722	0.09000150957647235	0.09000174361296123	0.09000205550118993	0.09000329102001503	0.09000518017641737	0.09000263189501484	0.09000049967284131	0.09000032987584348	0.0900008430264519	0.09000078389222732	0.09000073161253688	0.09000117222027325	0.09000061783951363	0.09000089401468522	0.09000021737618448	0.09000083286025962	0.08999987696059071	0.08999861247072813	0.08999901778242167	0.09000147135693082	0.09000334399649128	0.0900002203839544	0.0899994235604035	0.09000029450671665	0.09000149236815032	0.09000187662005432	0.09000115613026938	0.08999875963828961	0.09000077748957132	0.09000025318204713	0.0900020344388363	0.08999784421699514	0.08999521904068734	0.08999691164436893	0.09000195084063058	0.09000413991226133	0.09000101054643314	0.09000051707749478	0.08999954800839154	0.08999984776751274	0.09000115570032223	0.08999994718098718	0.09000131135587164	0.08999866632136642	0.09000102432258238	0.08999613331130135	0.09000683267984146	0.08999531321377491	0.09000915332297603	0.08998357329601149	0.09002092055471922	0.08996118028087703	0.0900648189604175	0.08991330948067491	0.09012261173452402	0.0898665211215525	0.09006053010005831	0.0902392053284765	0.08915699991698492	0.09157503794148501	0.0866266486204755	0.0931527417609663
9	3.347968110587143	0.09	0.09149538312214038	0.08917976073812421	0.0902318915618534	0.08982012997784894	0.0900990558209119	0.08983651175770951	0.09008214050280426	0.08986973564849997	0.08999993661659196	0.08993652075660358	0.09006463874492426	0.0899725946136822	0.0899696029868205	0.08986099402989624	0.08997330912815268	0.0899709950827242	0.08995954581254698	0.08999774147751173	0.08998516119392633	0.09004676585903336	0.08992404893268732	0.0901313713079001	0.0895049895530748	0.09117421306542647	0.09102274259584023	0.09021094123271235	0.09029092465467559	0.09042375402663214	0.09091877049136013	0.09044152691454377	0.09031242382491389	0.09022213229317051	0.09033264860173537	0.09032372623548476	0.09038288442048116	0.09037579802186166	0.09036848525531209	0.09023133077668664	0.09017982060998825	0.09017464425668228	0.09021504986057054	0.09029477756042902	0.09032346227132582	0.09019803983693067	0.09011077715330591	0.09009707687594727	0.0901150468642519	0.09011531609544754	0.09009272627110955	0.09005956907654016	0.09003819033515102	0.09003991742397903	0.090021540667294	0.09003208108598126	0.09000796669396294	0.08998402390095996	0.09000581703350784	0.09006036950689368	0.09008174286117496	0.09001435258873863	0.08999652834822057	0.09003128687699398	0.09005320544092682	0.09009880068241125	0.09003656463176507	0.08998829644372015	0.09000007393915063	0.0900239376015752	0.09003774151746807	0.08993988832323535	0.08976739081687912	0.09001140641252343	0.08991012580970391	0.09032076574447988	0.08982555801898856	0.09028592338709403	0.08963718424661381	0.09042307015390749	0.08952133493926774	0.09052680106430276	0.08943881097208153	0.09065546485952439	0.08892953321133314	0.09161520171009965	0.08822264617583615	0.09181461407407665	0.0880133819001591	0.09266863985654611	0.08643800208503052	0.09475968430632237	0.08455237218375998	0.09397474644073071	0.08901181313487344	0.08919400876516734	0.09387323777397982	0.09048346272518638	0.08894876879386758	0.0869898546863387	0.08386143051756044	0.0931467518414691
10	3.380000000000001e56	0.09	38.62828573187536	-21.11454726909385	6.036871345947947	-4.527854972865573	2.590550856375748	-4.133746201161235	2.180498353111116	-3.281777686150539	0.04825470627476386	-1.5423218426320549	1.7400494520289487	-0.6227218165245962	-0.7047751012879706	-3.5254828681508092	-0.6110218261088451	-0.6726542078042291	-0.9605631962924467	0.014502098631788515	-0.2851917289815331	1.2662241392736606	-1.8359613981228373	3.369291321602195	-12.446626525343824	29.611043742469885	25.775244825326133	5.403110992498787	7.400609875398808	10.780659793876081	23.27902030319275	11.25763150012856	7.93774992996867	5.63440706866554	8.421305147918153	8.234202425277163	9.728569070606206	9.576959859898908	9.343319128599688	5.858403388318065	4.559115719808458	4.441925855937458	5.439536225698908	7.486453939332032	8.286965560399114	5.094941679316184	2.8229845846427097	2.4772464486056336	2.9376895835117987	2.938576348441789	2.3752993733537044	1.570770002047969	1.0306801874644462	1.0868214269921943	0.613804511904033	0.8984541065490822	0.2691013032001281	-0.37582608710040705	0.15033622971024985	1.5655934478986229	2.182868018304387	0.4339749018603383	-0.043982964028843705	0.8439950080435666	1.424474542689281	2.5970799204952097	1.0001070113063282	-0.290348941118235	0.09678303994245954	0.6766665062983482	1.1064513792109067	-1.5590757240213244	-5.943972156510485	0.17332801946616777	-1.946427208588158	8.043643214152222	-4.0403789783467765	6.96408684468857	-8.650540640508472	10.151320800995503	-11.260706671127384	12.579901616344797	-13.171506686989837	15.519162643867032	-25.162514737309394	37.61267074811222	-41.06287647094143	41.87873428071491	-45.767033203249355	60.55689079823106	-81.09208830027512	101.64253370358122	-114.05822993942962	63.025042430302	17.912041727190932	-51.71418261929326	138.66046362453304	23.996533487181022	-58.068046313126956	-66.66747499758893	-76.29031807073433	-54.78667822684648
11	3.346779932692951	0.09	0.09149850299573414	0.08917804412012227	0.0902323729917607	0.0898197561386556	0.09009925825327522	0.08983616982357183	0.09008230973937749	0.08986946268560754	0.08999993323696848	0.08993638861171761	0.09006477232491374	0.08997253691514391	0.08996953864562876	0.08986070133775073	0.08997325237676805	0.08997093334187316	0.08995946076399641	0.08999773536551173	0.08998513082023765	0.09004686108037109	0.08992389301624756	0.09013163678316272	0.08950397464899672	0.09117660294430852	0.09102482194716988	0.09021137135614574	0.09029151648577646	0.09042461949012377	0.0909206477609772	0.09044243099142196	0.0903130591402277	0.09022258114103836	0.09033332306322725	0.09032438555017792	0.09038366471178985	0.09037656603971789	0.09036923435860054	0.0902317977581743	0.09018018240750636	0.0901749965671256	0.09021548293259678	0.09029537634100869	0.09032412585765483	0.09019844501254035	0.09011099840216318	0.09009727013553692	0.09011527739908687	0.0901155467020517	0.09009291127758803	0.0900596889523611	0.09003826648794168	0.09003999812173	0.09002158307188052	0.09003214653446587	0.0900079811930576	0.08998398618975847	0.09000582191775636	0.09006048896356474	0.09008191228962448	0.09001438043520496	0.08999651750146669	0.09003134791662605	0.09005331347342915	0.09009900364337725	0.09003663830953453	0.08998826565225845	0.09000007448828813	0.09002398509516879	0.09003782380460304	0.08993975482171075	0.0897669023354951	0.090011413157696	0.08990996095126552	0.09032140963206016	0.08982522364459065	0.09028647987843098	0.08963647665654849	0.09042388466723036	0.08952041604393891	0.09052781218303725	0.08943773738828503	0.09065671392546121	0.08892748889696572	0.0916182393515158	0.08821931465221086	0.09181799707266197	0.0880096695528752	0.09267353493806099	0.08643143000836563	0.09476790544295052	0.08454313137648907	0.09397984123390153	0.08901325605733497	0.08918981485110893	0.09388445589158673	0.09048539811870326	0.08894406050156803	0.08698445035737738	0.08385524739271494	0.09314230886333752
12	3.380000000000001e56	0.09	0.10448524994495963	0.08203247141349988	0.09223636712550909	0.08826361777031569	0.09094190068661404	0.08841283904237779	0.09078677179047254	0.0887332307505489	0.08998586525834648	0.08938632395585892	0.0906208107247458	0.08973236169853095	0.08970171280257726	0.0886423446596862	0.08973701977017123	0.08971393164460247	0.08960543872706345	0.08997229363047013	0.08985869768219444	0.0904432282343999	0.08927487718675685	0.09123670080367695	0.08527934757879121	0.10112468300191328	0.09968030388423574	0.09200179780079519	0.09275506525235176	0.09402718703715113	0.09873494687911545	0.0942057301401989	0.09295761474981151	0.09209094968332682	0.09314082806586116	0.0930688406771489	0.09363169559128846	0.09357350759891908	0.09348744237362466	0.09217564908032538	0.09168619624856507	0.09164151962887074	0.09201818315314053	0.09278785292146245	0.09308636204282789	0.09188502395706227	0.09103196613872973	0.09090173009548942	0.09107489883075848	0.09107546687929106	0.09086301693983372	0.09055868255105089	0.09035525914550294	0.09037590957442959	0.09019809587541723	0.09030458158102415	0.0900683349438617	0.0898270100123649	0.09002615302981018	0.09055773781410127	0.09078717304258369	0.09013029378900225	0.08995136693889673	0.09028543072858508	0.09050300822158173	0.09094384643165446	0.09034332847469806	0.08986009349741929	0.09000236032118321	0.09022168133609497	0.09038035120735269	0.08938404303878761	0.08773355581261298	0.09003949052897166	0.08922372326966936	0.0930016480512	0.08843336094204307	0.09260292378401908	0.08669107106687413	0.09381436767658416	0.08569543379718653	0.09473668242916362	0.08496885085334106	0.09585606023128457	0.08041785138237359	0.10426268766283509	0.07435155591880124	0.10590002483333237	0.07255669900299261	0.11304974026150114	0.059074585568052645	0.12898910633982605	0.04607746216671763	0.11518736380801048	0.09501954711758179	0.07173228044578754	0.1405808524696178	0.09854164305798058	0.06934538163856065	0.0644884579583759	0.05811744894968576	0.07464802345020209
13	3.380000000000001e56	0.09	0.10448524994495963	0.08203247141349987	0.09223636712550909	0.08826361777031567	0.09094190068661404	0.08841283904237779	0.09078677179047254	0.0887332307505489	0.08998586525834648	0.08938632395585892	0.0906208107247458	0.08973236169853095	0.08970171280257726	0.0886423446596862	0.08973701977017123	0.08971393164460247	0.08960543872706345	0.08997229363047013	0.08985869768219444	0.0904432282343999	0.08927487718675685	0.09123670080367695	0.08527934757879121	0.10112468300191328	0.09968030388423574	0.09200179780079519	0.09275506525235176	0.09402718703715113	0.09873494687911545	0.0942057301401989	0.09295761474981151	0.09209094968332682	0.09314082806586116	0.0930688406771489	0.09363169559128846	0.0935735075989191	0.09348744237362466	0.09217564908032538	0.09168619624856507	0.09164151962887074	0.09201818315314053	0.09278785292146245	0.0930863620428279	0.09188502395706227	0.09103196613872973	0.09090173009548942	0.09107489883075848	0.09107546687929106	0.09086301693983372	0.09055868255105089	0.09035525914550294	0.09037590957442959	0.09019809587541723	0.09030458158102415	0.0900683349438617	0.0898270100123649	0.09002615302981018	0.09055773781410127	0.09078717304258369	0.09013029378900225	0.08995136693889673	0.09028543072858508	0.09050300822158173	0.09094384643165446	0.09034332847469806	0.08986009349741929	0.09000236032118321	0.09022168133609497	0.09038035120735269	0.08938404303878761	0.08773355581261297	0.09003949052897166	0.08922372326966936	0.0930016480512	0.08843336094204307	0.09260292378401908	0.08669107106687413	0.09381436767658416	0.08569543379718653	0.09473668242916362	0.08496885085334106	0.09585606023128457	0.08041785138237359	0.1042626876628351	0.07435155591880123	0.10590002483333238	0.07255669900299261	0.11304974026150114	0.05907458556805264	0.12898910633982605	0.046077462166717625	0.11518736380801048	0.09501954711758179	0.07173228044578754	0.1405808524696178	0.09854164305798058	0.06934538163856063	0.0644884579583759	0.05811744894968576	0.07464802345020209
14	2.911744061550243	0.09	0.09799187647034688	0.08560525776681108	0.0912343700586349	0.08904168695448564	0.09052057946994463	0.08912450443297482	0.090434540764925	0.08930134671807821	0.08999289924765748	0.08966135628378827	0.09034279152482977	0.08985244930683743	0.08983562572410302	0.08925152299871847	0.08985513607346964	0.08984243249323781	0.08978244974552993	0.08998501449799093	0.08992191425121605	0.0902450446573855	0.0895993851015022	0.09068416879341984	0.08739166111389397	0.09615064297311089	0.09535256291570281	0.09110658457847046	0.0915232908690641	0.09222590326363744	0.09482779732004633	0.09232408056581043	0.09163533694501962	0.0911567654121826	0.0917370755645442	0.09169661311366341	0.09200768015153916	0.09197503681931848	0.0919283383661126	0.09120372341924984	0.09093318932803571	0.09090825809799817	0.09111683304286865	0.09154161463123557	0.09170524395024136	0.09104173448480131	0.09057148227044645	0.09049950011551318	0.09059508811492267	0.09059550679067138	0.09047796410871088	0.090309185751706	0.0901967628167223	0.0902079538480798	0.09010983947364888	0.09016836405774502	0.09003815806845965	0.08990549810106169	0.09001598747378327	0.090309113388833	0.09043454266610408	0.0900723371121036	0.08997394222018171	0.09015838932260557	0.09027816084750544	0.09052142503751585	0.09018998339211629	0.08992417957483888	0.09000121740473567	0.09012283321563189	0.09020908750597786	0.08966189893024919	0.08875022907405404	0.09002545184333383	0.08956684211046743	0.09166152884163008	0.08912929229331687	0.09144470183122502	0.08816377386171131	0.09211912617190726	0.08760792492056273	0.09263224730610044	0.08720329412081305	0.09325638707837289	0.08467267013966966	0.09794046350717545	0.08128543528550605	0.09885901095299718	0.0802831842779339	0.10286163759978106	0.07275300778820913	0.11187850589138829	0.06531029677160335	0.10458360252095601	0.09201640158745839	0.08046104764844823	0.11723265418060226	0.09451352058834192	0.07914472107006433	0.07573645415787664	0.07098634817120035	0.0838951661567698
15	2.911744171713792	0.09	0.09799187647034688	0.08560525776681108	0.0912343700586349	0.08904168695448564	0.09052057946994463	0.08912450443297482	0.090434540764925	0.08930134671807821	0.08999289924765748	0.08966135628378827	0.09034279152482977	0.08985244930683743	0.08983562572410302	0.08925152299871847	0.08985513607346964	0.08984243249323781	0.08978244974552993	0.08998501449799093	0.08992191425121605	0.0902450446573855	0.0895993851015022	0.09068416879341984	0.08739166111389397	0.09615064297311089	0.09535256291570281	0.09110658457847046	0.0915232908690641	0.09222590326363744	0.09482779732004633	0.09232408056581043	0.09163533694501962	0.0911567654121826	0.0917370755645442	0.09169661311366341	0.09200768015153916	0.09197503681931848	0.0919283383661126	0.09120372341924984	0.09093318932803571	0.09090825809799817	0.09111683304286865	0.09154161463123557	0.09170524395024136	0.09104173448480131	0.09057148227044645	0.09049950011551318	0.09059508811492267	0.09059550679067138	0.09047796410871088	0.090309185751706	0.0901967628167223	0.0902079538480798	0.09010983947364888	0.09016836405774502	0.09003815806845965	0.08990549810106169	0.09001598747378327	0.090309113388833	0.09043454266610408	0.0900723371121036	0.08997394222018171	0.09015838932260557	0.09027816084750544	0.09052142503751585	0.09018998339211629	0.08992417957483888	0.09000121740473567	0.09012283321563189	0.09020908750597786	0.08966189893024919	0.08875022907405404	0.09002545184333383	0.08956684211046743	0.09166152884163008	0.08912929229331687	0.09144470183122502	0.08816377386171131	0.09211912617190726	0.08760792492056273	0.09263224730610044	0.08720329412081305	0.09325638707837289	0.08467267013966966	0.09794046350717545	0.08128543528550605	0.09885901095299718	0.0802831842779339	0.10286163759978106	0.07275300778820913	0.11187850589138829	0.06531029677160335	0.104583602520956	0.09201640158745839	0.08046104764844823	0.11723265418060226	0.09451352058834192	0.07914472107006433	0.07573645415787664	0.07098634817120035	0.08389516615676981
16	3.380000000000001e56	0.09	29.488352331288795	-16.702791195604256	5.056259757613911	-3.883354102943479	2.374317471170479	-3.450817649486489	1.961042496163039	-2.708329563563812	0.20123061042313195	-1.2835103854314402	1.6078755690504165	-0.5056564291579276	-0.3765463200893944	-2.8367491804900093	-0.4033355905082595	-0.6115101324750409	-0.6854514534779433	-0.09001924901124811	-0.04909239599160535	0.8578877513753786	-1.1337030221685866	1.989813316834727	-8.047945351863484	18.49252117930024	16.09740597201967	3.4551087299548278	4.662184745730395	6.921275310183047	14.979474433218602	7.392321407094104	4.948850289103754	3.2998875477514167	5.163604128144717	5.26258030588653	6.233850417599853	6.2297329432845965	5.806059538550508	3.430518989144437	2.6797340134637566	2.6901742440793033	3.2423722659179997	4.72655777242241	5.695363443862179	3.3959050380139213	1.5468561234416163	1.327812876604074	1.6967670467709592	1.685191250010563	1.374636917079303	1.0650594498977959	0.6689133597458987	0.7761589179562667	0.3741897976139959	0.6784761811812136	0.10991895696988763	-0.5730663695373148	-0.29937904937066284	0.9585264861723968	1.818238735100548	0.24375524821515715	-0.24089294782063245	0.4572914372430404	1.0618047957331567	1.9785383453612357	0.839243729739293	-0.39899204289237666	0.23232936951794886	0.48837940220969367	1.0681444044956556	-1.6167658081975882	-4.976799483005287	-1.0175649812546306	-1.2371398574877284	5.124492073102604	-2.379182876299344	4.4550441135923124	-5.1092816889949235	6.669142177693997	-5.807499819984386	7.772926083960239	-6.458046872447519	8.294021634625024	-12.81694624804319	18.621865954481358	-21.724265214035434	23.909149870261814	-30.707249254741495	41.24815949216003	-59.090370840606255	66.58967091796167	-75.49065768179653	7.082258564709273	39.86046002358232	-18.284193777188577	81.49459952393546	67.74947288308988	20.17258514298723	-27.032907057466808	-41.24993378709263	-25.423538193102242
17	3.1006059462604703	0.09	0.09799517610564071	0.08560337294523669	0.09123492747857634	0.08904124097637763	0.09052083587023069	0.08912410700613525	0.09043475077677703	0.08930103263000484	0.08999291173623782	0.08966120211875343	0.09034296189717753	0.0898523824494705	0.08983557336372686	0.08925119449865786	0.08985508070329033	0.08984235375287393	0.08978236271055967	0.08998499428903767	0.08992189864417628	0.09024513084009742	0.08959924776219313	0.09068438200732629	0.0873907477652749	0.0961527083208154	0.09535435945509141	0.09110696225264783	0.09152380401404155	0.09222666995625699	0.09482946840895494	0.09232490013142483	0.09163588226115858	0.09115712565415221	0.09173764497952494	0.09169719364517337	0.09200836969194466	0.09197572590112285	0.09192897988764176	0.09120409832184843	0.09093347997090077	0.09090854991577967	0.09111718683212082	0.09154213500127067	0.09170587306904375	0.0910421055195021	0.09057164576650861	0.090499639027824	0.09059526843872955	0.09059568581482462	0.09047810828034193	0.0903092951862391	0.09019682778883148	0.09020803085931668	0.09010987136710788	0.0901684301066538	0.09003816030046309	0.08990542366967195	0.09001594375667375	0.09030921086299261	0.09043473664547712	0.09007235436597698	0.08997390507398646	0.0901584305403771	0.09027826992012393	0.09052163700386023	0.09019006748785857	0.08992412468455518	0.09000123338381816	0.09012287792761944	0.09020919729809464	0.08966170735079927	0.08874966036831672	0.09002532749492749	0.0895666931620305	0.09166209387400923	0.08912901517762922	0.09144519172949113	0.08816319034812993	0.09211986456970346	0.08760726308092295	0.0926331095673391	0.08720255929013652	0.09325730777257427	0.08467122168390147	0.09794254317538585	0.08128298719152521	0.0988616841177648	0.08027972778311473	0.10286625695370784	0.07274636558550993	0.11188596930683146	0.06530181415571353	0.1045843858996631	0.09202086636291963	0.08045898586144455	0.11724179036089019	0.09452111616349856	0.07914697694662265	0.07573341068935449	0.07098170910028247	0.083892302454996
18	2.91178417849605	0.09	0.09799192581247769	0.08560522958154076	0.09123437839418874	0.08904168028541218	0.09052058330410669	0.08912449848992797	0.09043454390540308	0.08930134202126373	0.08999289943440938	0.08966135397843308	0.09034279407254608	0.08985244830706483	0.08983562494111572	0.08925151808638983	0.0898551352454743	0.08984243131576909	0.08978244844402522	0.08998501419579001	0.0899219140178313	0.0902450459461457	0.08959938304775579	0.09068417198178083	0.08739164745584906	0.09615067385793528	0.09535258978081777	0.09110659022613966	0.09152329854253839	0.0922259147286159	0.09482782230919821	0.09232409282144179	0.09163534509957545	0.09115677079917382	0.09173708407946964	0.09169662179482334	0.09200769046279779	0.09197504712371928	0.0919283479593059	0.09120372902547338	0.09093319367425491	0.09090826246178685	0.09111683833336714	0.09154162241275203	0.0917052533579666	0.09104174003318503	0.09057148471533608	0.09049950219278197	0.09059509081145126	0.09059550946776518	0.09047796626462656	0.0903091873881696	0.0901967637883031	0.09020795499969146	0.09010983995057772	0.09016836504542808	0.09003815810183662	0.08990549698802856	0.09001598682004576	0.09030911484644341	0.09043454556683544	0.09007233737011482	0.08997394166470443	0.09015838993896844	0.09027816247855704	0.09052142820722103	0.09018998464966833	0.08992417875401981	0.09000121764368389	0.0901228338842466	0.0902090891477887	0.08966189606540582	0.0887502205697345	0.09002544998385095	0.08956683988312028	0.0916615372910189	0.08912928814938056	0.09144470915707233	0.08816376513595804	0.0921191372137702	0.08760791502353618	0.09263226020019419	0.08720328313229216	0.09325640084626227	0.08467264847973223	0.09794049460614601	0.08128539867716522	0.09885905092700457	0.080283132590155	0.10286170667673819	0.07275290846194872	0.11187861749791092	0.06531016992414733	0.10458361423545509	0.09201646835287797	0.0804610168168699	0.11723279080133842	0.09451363417115625	0.07914475480402167	0.07573640864641595	0.07098627879939902	0.08389512333350756
19	2.911743105344941	0.09	0.09799188286730197	0.08560525411273483	0.09123437113929686	0.08904168608987435	0.09052057996702415	0.08912450366248917	0.09043454117207193	0.08930134610916021	0.0899928992718689	0.08966135598491075	0.09034279185512817	0.08985244917722203	0.08983562562259272	0.08925152236186017	0.08985513596612427	0.089842432340585	0.0897824495767965	0.08998501445881213	0.08992191422095891	0.09024504482446667	0.08959938483524447	0.09068416920677455	0.08739165934319824	0.09615064697717053	0.09535256639862767	0.0911065853106619	0.09152329186389083	0.09222590475001331	0.09482780055976216	0.0923240821546904	0.09163533800221611	0.09115676611057848	0.09173707666846077	0.09169661423913143	0.09200768148834115	0.09197503815523139	0.09192833960982108	0.09120372414606807	0.09093318989150082	0.09090825866374107	0.09111683372875475	0.09154161564006941	0.09170524516990486	0.0910417352041209	0.09057148258741389	0.09049950038482046	0.09059508846451382	0.0905955071377429	0.09047796438821433	0.09030918596386514	0.09019676294268279	0.09020795399738037	0.09010983953548027	0.09016836418579308	0.0900381580727868	0.08990549795676263	0.09001598738902954	0.09030911357780474	0.09043454304216908	0.09007233714555345	0.08997394214816691	0.09015838940251387	0.09027816105896294	0.09052142544845193	0.09018998355515148	0.08992417946842388	0.09000121743571408	0.09012283330231437	0.09020908771883025	0.08966189855883688	0.08875022797151247	0.09002545160226137	0.08956684182170326	0.09166152993705015	0.0891292917560767	0.09144470278098368	0.088163772730462	0.09211912760342836	0.08760792363746381	0.0926322489777538	0.08720329269620748	0.09325638886330938	0.08467266733156946	0.09794046753899804	0.08128543053942175	0.09885901613542294	0.08028317757687753	0.10286164655525554	0.07275299491106708	0.11187852036060357	0.06531028032647894	0.10458360403968094	0.09201641024325383	0.08046104365129167	0.1172326718927825	0.09451353531377332	0.0791447254434995	0.07573644825754834	0.07098633917750083	0.08389516060495271
20	3.380000000000001e56	0.09	31.024841899113472	-17.643002647677367	5.467891232609198	-4.289952286148669	2.654503225675524	-3.750998437759021	2.1339787828368024	-2.9408579125643457	0.25357546009662	-1.4695691548756387	1.7328479256313316	-0.5709689262425031	-0.3659698791041677	-2.9866554347669703	-0.4121551925834348	-0.6662971100696197	-0.7323377560118911	-0.12027293977799117	-0.06872990844548213	0.9089485352339954	-1.224319322958047	2.1290390469099916	-8.577840593658781	19.882235939214365	17.40319848665771	3.6894271530151275	5.0098976682266185	7.369349336719034	15.992109338755483	7.865465237720481	5.311005460884164	3.5486881733902975	5.569540795594832	5.643829074974234	6.692680694500276	6.653599560508017	6.242782482419587	3.7173982592970525	2.9380859362989256	2.9393983862273747	3.554505265110886	5.1103573525616675	6.1128506546185415	3.643308809359182	1.7117278224646182	1.4699379043835692	1.8590896730442945	1.8360661372013758	1.4956422323220944	1.1536672708409195	0.7224461892670799	0.8345659121535859	0.40308100416081183	0.7300856533766169	0.126967101093827	-0.5855709779807077	-0.2448723350622431	1.1487845009598194	2.033627984837862	0.29999814345891496	-0.2025880539114071	0.5242202448408457	1.1388089063145503	1.9901323786145362	0.7970161059404621	-0.5450276158853178	0.22362543912292404	0.4774100675465732	1.2017127951743207	-1.533356370820152	-4.8811268329418	-0.6890809802054975	-0.5717412564972213	5.711457543639167	-2.0702021793197627	4.043734356839962	-5.093789258725988	5.619176435419819	-6.082066682272408	7.129685363816936	-7.168157793921956	8.657540834927282	-13.961430069117599	19.725653943271325	-20.39349228136475	20.43823870524744	-22.065808415934217	25.24858706589837	-38.51409835092542	28.81596667531619	-43.885960019741304	-6.497229470226691	39.88981324090884	19.95922584433868	81.06892349467539	77.26653576090781	-11.526795285194725	-66.80938686905392	-28.462812144139583	-2.5172103216965462
21	2.9109069492057786	0.09	0.09799533414188238	0.0856032756928904	0.0912349711460594	0.08904119741706816	0.09052086609406668	0.08912407512486939	0.09043476922091272	0.08930100795924781	0.08999291752682645	0.08966118198294727	0.09034297515010369	0.0898523754330155	0.08983557475708423	0.08925117910674407	0.08985507994439929	0.08984234795936996	0.08978235783248481	0.089984990995125	0.08992189651624594	0.09024513618749083	0.08959923820879417	0.09068439667650947	0.08739069234863552	0.09615285500072221	0.09535449786363737	0.09110698686440245	0.09152384072872682	0.09222671683889744	0.09482957461317017	0.09232494959655616	0.0916359204566019	0.09115715195298567	0.09173768796268317	0.09169723382805235	0.09200841808889929	0.09197577039818236	0.0919290260129478	0.0912041288103975	0.09093350761884438	0.09090857654032936	0.09111722022477517	0.0915421757136355	0.09170591709821588	0.09104213161853263	0.09057166349997575	0.09049965432292591	0.09059528581925257	0.09059570192312885	0.09047812119719154	0.09030930462906145	0.09019683349840937	0.09020803706383228	0.09010987446142404	0.090168435597213	0.09003816219386354	0.08990542257712358	0.09001595001724566	0.09030923169811757	0.09043475989238586	0.0900723605721746	0.08997390949977951	0.09015843784154491	0.09027827806950575	0.0905216374350911	0.09019006243324698	0.08992410861112707	0.0900012323474778	0.09012287652154252	0.09020921175682603	0.08966171743849344	0.08874967335924645	0.09002536465806169	0.08956676802318099	0.09166215707686941	0.08912905078598718	0.09144514383582147	0.08816319445162775	0.09211974439409346	0.08760723513407191	0.09263303427604713	0.08720248303588718	0.09325734459262525	0.08467109986002604	0.09794265788908398	0.08128314566140088	0.09886128590373318	0.08028070618897569	0.10286445268659127	0.07274868882043328	0.11188172358659494	0.06530537559476898	0.10458286731189793	0.09202085146906525	0.08046326201739137	0.1172417056777503	0.09452214730750973	0.07914343028134366	0.07572898422788507	0.07098315495494546	0.08389487033519594
22	3.380000000000001e56	0.09	15.561418616627677	-8.778699685992239	2.7795631018776286	-2.1004555443658	1.3725120458847953	-1.8309371813170758	1.1122067760288576	-1.425778452302549	0.17178418881172322	-0.6899539864463456	0.9115954503907175	-0.24055827540474378	-0.13806715217354174	-1.4487021278301129	-0.16115005631951776	-0.28822738105512485	-0.32127769908970316	-0.015143974391433083	0.010595994035381905	0.4995968357107431	-0.5673600423746263	1.1098617217932507	-4.245224950655073	9.989194397107543	8.749276492260675	1.8902670699397648	2.550710754477673	3.7307880267789653	8.043469456684326	3.9788950936585183	2.7013206906703835	1.8199226626716416	2.830639241778757	2.867763154401143	3.3923445562945878	3.3727876654530995	3.1673557542162674	1.9043011940537249	1.514509721958885	1.515153481383852	1.8228112426678305	2.6009497641376518	3.1022782858583784	1.8671754704888575	0.9011497429822969	0.7802187793532475	0.9748424794317735	0.9633309195622524	0.7930601767596429	0.6219882877349905	0.40632151138274464	0.4623869746087091	0.24659543931111794	0.41012704448691495	0.10850263164384527	-0.24783277770179205	-0.07742819252249872	0.6195468663289685	1.0620313723651238	0.19503525201554478	-0.05630707220581378	0.3071893413411953	0.614543592192028	1.0403270080248137	0.4436030841868545	-0.22755175363709537	0.1568133357352009	0.28376647203405786	0.6459610034655734	-0.7218473266908293	-2.3961885797912768	-0.2995278077737179	-0.24108724423702016	2.901559850358018	-0.9905365642668879	2.0675897503378917	-2.50281303213718	2.855648089906956	-2.9972297235691676	3.6111591990464915	-3.540477655443034	4.375399089759953	-6.938379484628786	9.911798300580205	-10.156104567851674	10.268549995575585	-10.99276385487262	12.675725759292481	-19.220674831052495	14.463924199451391	-21.910327322073268	-3.196323301457397	19.990917046188954	10.019844553178036	40.59308260017657	38.68052895410766	-5.723825927456691	-33.366828942413015	-14.19591449459232	-1.216657725680675
23	2.9099926550104014	0.09	0.09799943796192877	0.08560092320576469	0.09123568459835729	0.08904061634905648	0.09052120632022531	0.08912356556203	0.09043504038780557	0.0893006058740596	0.08999293923331747	0.08966097508177809	0.09034319310134963	0.08985228774571445	0.08983551427424273	0.0892507709510921	0.08985501333043606	0.0898422476238812	0.08978224874173103	0.08998496309507029	0.0899218754640363	0.09024524482486562	0.08959906385912941	0.09068466715480275	0.0873895425207737	0.0961554805035917	0.09535679451800112	0.09110746434141907	0.09152449336950177	0.09222768247248135	0.09483168409352867	0.09232598104891813	0.09163661303782918	0.09115761074806802	0.0917384148366034	0.09169797056498095	0.09200929396129548	0.09197664108906221	0.09192984219689543	0.09120460998613371	0.09093388542009183	0.09090895451903981	0.09111767979705186	0.0915428416824173	0.09170671607053994	0.0910426029845082	0.09057187861835614	0.09049983736668796	0.09059552048859408	0.09059593353732034	0.09047830765463186	0.09030944573073274	0.09019691739437254	0.09020813583597069	0.09010991599094738	0.09016852051065871	0.09003816709412776	0.08990533294517267	0.09001590557943806	0.09030937215188221	0.09043501774328876	0.09007238842815515	0.08997387067843872	0.09015849543912575	0.090278417203672	0.09052188950284148	0.09019015622512067	0.08992402435657464	0.09000125007866475	0.0901229279123927	0.09020935924715219	0.08966150207304542	0.08874901388435329	0.09002526127499515	0.08956668027129454	0.0916629027923731	0.0891287642547765	0.09144566828255637	0.08816250683543926	0.0921204778036895	0.08760641645275409	0.0926339680536425	0.0872015202900448	0.0932584810252776	0.08466923602074226	0.09794526237689906	0.08128042877289865	0.09886398482567497	0.08027776752646777	0.10286778938373316	0.07274356856104712	0.11188553245857258	0.06529954350698679	0.10458199128822199	0.09202613241414534	0.08046589981831334	0.11725244751442016	0.09453238760329359	0.07914189023800759	0.07572010894605938	0.07097936867945494	0.08389452518304447
24	3.380000000000001e56	0.09	13.599193697546552	-7.236569763400435	2.080773492738755	-1.3249306004188486	0.8819768247232883	-1.2464976235948448	0.8048611570549611	-0.9710196754086539	0.0977199872352506	-0.3388920415275003	0.6703803380743156	-0.09803369402925584	-0.1890094014015452	-1.1370181417423781	-0.15404258884397165	-0.13313833691231752	-0.26674923675844453	0.12252774801573416	-0.04217446916133438	0.5443718918393774	-0.5965828807941181	1.3311635318939021	-4.424970272608712	10.880058486320019	9.455220442883263	2.0375096569416367	2.7636670558656147	4.004626983824847	8.532355434932649	4.153076315206351	2.965152497420385	2.15862036058307	3.1643663945771348	3.080330040485735	3.6072989604754877	3.540463748138422	3.4665607709077526	2.218042802402868	1.738125125100715	1.6920213952453793	2.062565534011896	2.7987318006778055	3.0357979778885706	1.9028228261317677	1.1170294929742046	1.005199983385419	1.179818909342738	1.1933347258931994	0.980089373642546	0.6442361039019735	0.4457828241901981	0.4478570621932347	0.28553615770032864	0.37249959456273973	0.16496823890635998	-0.03237437259400888	0.19984763869700806	0.6987926474390509	0.8443680477495404	0.24018692898450003	0.09760203701253407	0.40128557460878406	0.5726469560372961	0.9092882707826244	0.31575994662411505	-0.1659890838368152	0.043295325416867175	0.23468041171812398	0.46057365165290726	-0.49278042539164385	-1.8398918084613385	0.3214915029488043	0.17035140379910169	2.9912455482221474	-0.662285040123689	1.862571630849995	-2.2558903224204827	2.097887735483148	-3.2250836056507133	2.8691892177337572	-4.12535359727574	4.351488761933827	-7.7436599100503845	10.256810573141596	-9.969768834884476	7.991125672622678	-6.263124406073132	4.762972219767416	-6.727690375120308	-2.285995970840707	-2.771718160610399	-2.2553296381027	1.8496006417117716	18.93792293864903	23.500603363174765	13.202773270488478	11.794758284297915	-15.294857180047613	-28.31742045766713	-19.155923405848394
25	2.9095567309524926	0.09	0.09800268036561474	0.0855991647366421	0.09123616239940203	0.08904027677424577	0.09052139639367845	0.08912324480351164	0.09043521196209964	0.08930035123092786	0.08999294108902063	0.08966087216185456	0.09034333240121753	0.08985224262361724	0.08983544730773851	0.08925047645426715	0.08985495475676702	0.08984219407357628	0.08978216311826835	0.08998497091044157	0.08992184374020012	0.09024535388647054	0.08959889906786549	0.0906849650642444	0.08738845884685452	0.09615807033129012	0.09535904235295632	0.09110793178315217	0.09152513510272385	0.09222862206180003	0.09483371042228035	0.09232695626574697	0.09163730313222498	0.09115810726331784	0.091739152749124	0.09169868830531216	0.09201013818203276	0.0919774692667102	0.09193065263747954	0.09120512076080016	0.09093428100427826	0.09090933903708907	0.09111815325367105	0.09154349183227001	0.09170742311409295	0.09104303809585915	0.09057212512913795	0.09050005703815316	0.0905957820730038	0.09059619836754619	0.09047852130078374	0.09030957875998953	0.09019700279074805	0.09020822172779439	0.09010996292388933	0.0901685883143876	0.09003818508909446	0.08990530357886918	0.09001593195627625	0.0903095182832819	0.09043519880543692	0.09007242447918369	0.08997387251039478	0.09015857015841124	0.09027853304775943	0.09052208613516019	0.09019021039724098	0.08992396289730005	0.09000123886191908	0.09012296262885625	0.09020944819265758	0.08966136219565264	0.08874855070813413	0.09002531686318836	0.08956669967229569	0.09166359914687898	0.08912858379763752	0.09144609363050997	0.08816194389519949	0.092120959502347	0.08760562088770024	0.092634634862282	0.08720050861626409	0.09325950366825964	0.08466735599422089	0.09794770209754122	0.08127801494501397	0.09886588020603135	0.08027624411526474	0.1028689085395272	0.07274193539055411	0.1118849565910104	0.06529886217787736	0.10458142453938343	0.0920265545076252	0.08047042856495866	0.11725806318528169	0.09453553563655184	0.07914470382301712	0.07571641759731651	0.07097255101203485	0.08388990460982867
26	3.380000000000001e56	0.09	6.848598188956082	-3.5754852993318957	1.0860048275690783	-0.6179451618223013	0.48624911055848336	-0.5786871893956665	0.44764818450853033	-0.44085966208886296	0.09385646416213562	-0.12461558468282283	0.38036183523776657	-0.004090725702819289	-0.04958697704690334	-0.5238838326440555	-0.0320938170436023	-0.021648071419370613	-0.08848353682008805	0.10625635946308785	0.02387368728943288	0.31730862286292394	-0.2534919908631263	0.7109242484790732	-2.1687909068809286	5.488108278325654	4.775289742618109	1.0643087943623943	1.427596095484169	2.0484278029433236	4.313594572677464	2.122701635736049	1.5283949002763049	1.1248892339231937	1.6280527736631292	1.5860143643955236	1.8496545493287602	1.8162206087025659	1.779245711772616	1.154623961581834	0.9145297030524966	0.8914653671412341	1.0768418436327833	1.4451376462550376	1.5637527005013316	0.9969329321138133	0.6038008090516713	0.5478500202117861	0.6352073457078709	0.6419654621303728	0.5352839474716649	0.3672728413309815	0.2679899134904731	0.2690326419605145	0.187823060312109	0.23133409143856365	0.1275032119977272	0.02876546549243016	0.14493178532664214	0.3945510828611664	0.46740162327748863	0.16512967673184187	0.09378795476146443	0.24572207238359764	0.3314627445425277	0.49990517845889226	0.202975078510678	-0.03803256046975757	0.06664828213939313	0.1624016871734901	0.2753915499227824	-0.20155953159799556	-0.875571628876602	0.2057584099059963	0.1299590517356987	1.5414545736845129	-0.2865782281630257	0.9770088622402524	-1.0838641892626415	1.0950043474927476	-1.5687389923815063	1.4809119262980195	-2.019076544329738	2.222374132801043	-3.8294962770280816	5.1773791376195675	-4.9442454099697315	4.044995776414354	-3.0914240809789333	2.4329205641534712	-3.3274742198648766	-1.0870555071248482	-1.3532096492162609	-1.075374106781658	0.9708135981096984	9.509196683606993	11.808930713180022	6.648654403062514	5.936951494060465	-7.609570381225147	-14.123223953327546	-9.536016750619282
27	2.9091004160021523	0.09	0.09800603871416293	0.08559734338655839	0.09123665728609733	0.0890399250566057	0.09052159326395347	0.08912291257501427	0.09043538967170558	0.08930008748203211	0.08999294301108175	0.08966076556162547	0.09034347668229861	0.08985219588800245	0.08983537794658425	0.08925017142655305	0.08985489408856667	0.08984213860837018	0.08978207443300291	0.08998497900528209	0.08992181088195376	0.09024546684800093	0.08959872838384352	0.09068527362660668	0.0873873364219236	0.09616075276843658	0.09536137056806755	0.091108415940098	0.0915257997836345	0.09222959524982037	0.09483580921036489	0.09232796635527883	0.09163801790365282	0.09115862153341801	0.09173991704860125	0.09169943171126427	0.09201101259119399	0.09197832705909854	0.09193149205854573	0.09120564980021832	0.09093469073412896	0.09090973730508949	0.09111864364058882	0.09154416523078093	0.0917081554407616	0.09104348876632319	0.09057238045487971	0.09050028456483328	0.09059605301139016	0.09059647266781558	0.09047874258669182	0.09030971654622923	0.09019709124080594	0.09020831069101716	0.09011001153510272	0.09016865854270477	0.09003820372754177	0.08990527316245833	0.09001595927632175	0.090309669640183	0.09043538634217242	0.09007246181935817	0.08997387440785962	0.09015864754957788	0.09027865303430661	0.09052228979883875	0.09019026650649795	0.08992389924030801	0.09000122724407467	0.09012299858674311	0.09020954031875841	0.08966121731639501	0.08874807096923243	0.09002537443915548	0.08956671976705573	0.09166432040227168	0.08912839688754567	0.09144653418844807	0.0881613608248233	0.09212145842602948	0.08760479687409727	0.09263532551527999	0.08719946076611905	0.09326056287985282	0.08466540873997679	0.09795022905996482	0.08127551480124494	0.09886784336314705	0.08027466622851853	0.10287006771512658	0.07274024381964395	0.11188436013104466	0.0652981564851731	0.10458083752421707	0.09202699169471311	0.08047511925470441	0.1172638796664825	0.0945387962400875	0.07914761801879505	0.07571259424991991	0.07096548955217365	0.08388511880989322
28	3.380000000000001e56	0.09	3.4733021138351226	-1.7449439779726688	0.5886207424275879	-0.26445261838284784	0.2883853519112184	-0.24478213841032614	0.26904178709011795	-0.17577978730341542	0.09192470358660869	-0.01747740956059869	0.23535265596003258	0.042880735092591576	0.02012420044984045	-0.2173168306087512	0.028880538522482187	0.03409703359449978	0.0006492688064574229	0.09812066923418497	0.05689774908569332	0.20377704485546244	-0.0819466312396414	0.40080476105283996	-1.0407017852295024	2.7921345155470454	2.4353255565930887	0.5777086051512461	0.7595609476339018	1.070328699096572	2.2042151909439145	1.107514801045664	0.8100164590899789	0.6080239277283059	0.8598963453558652	0.838856898053394	0.970832780959977	0.9540994678808322	0.9355886019155809	0.6229148056910262	0.5027321968933128	0.4911875522231618	0.5839802436366861	0.7683409057429094	0.8277304279710467	0.5439882104400683	0.3471865947532755	0.3191751523883097	0.36290169935963057	0.36628096739909416	0.31288134502917836	0.22879127893860537	0.1790935023656395	0.17962047632576583	0.13896653592360586	0.16075137499063422	0.1087707078626345	0.059335369327444244	0.11747387230148194	0.2424303762506747	0.27891850480983055	0.12760106927560003	0.09188091458466202	0.16794035996658777	0.2108706987884172	0.29521373412886553	0.14658267250858797	0.02594566938527522	0.07832475469173389	0.12626234288011662	0.18280054512077043	-0.05594915714080029	-0.39341177895368484	0.1478918921725759	0.1097628857513772	0.8165594470433923	-0.09872491563774002	0.5342276982143502	-0.49785141421890916	0.5935629029593885	-0.7405670977537046	0.7867736259066498	-0.9659385417818094	1.1578173478404479	-1.8724154341440524	2.6376646833397666	-2.4314849475842433	2.071931809888751	-1.5055747073752075	1.267895315934299	-1.6273669880226165	-0.4875855734969018	-0.6439557463655439	-0.48539663462872057	0.5314202949022058	4.794835901430849	5.9630972964232525	3.371596599651301	3.0080495560396305	-3.766928893487614	-7.026129231887687	-4.726065815904694
29	2.9086087545322963	0.09	0.09800961311603798	0.08559540486318568	0.09123718401044001	0.08903955071184247	0.09052180279952433	0.08912255897319275	0.0904355788139401	0.0892998067653245	0.08999294505679521	0.08966065210346194	0.09034363024544412	0.08985214614573575	0.0898353041232046	0.08924984677542837	0.08985482951738655	0.08984207957490957	0.08978198004233008	0.08998498762088966	0.0899217759098311	0.09024558707670866	0.08959854671917131	0.0906856020397748	0.08738614178779909	0.09616360777536287	0.09536384856471967	0.09110893124441205	0.09152650722559869	0.09223063104614547	0.09483804302021429	0.09232904142710799	0.09163877865861773	0.09115916888816217	0.09174073051791373	0.09170022294290416	0.09201194325389934	0.09197924003602077	0.09193238548225975	0.09120621287443804	0.09093512682321431	0.09091016119494695	0.09111916557566886	0.09154488195117656	0.09170893488035221	0.09104396842986275	0.09057265220654484	0.09050052672903403	0.09059634138011137	0.09059676461470051	0.09047897810863167	0.09030986319669936	0.09019718538113956	0.09020840537752922	0.09011006327363127	0.09016873328903469	0.09003822356506014	0.08990524078926228	0.09001598835395334	0.09030983073435869	0.09043558594374723	0.09007250156174577	0.08997387642739445	0.09015872991956632	0.09027878073997299	0.09052250656485458	0.09019032622544328	0.08992383148805765	0.09000121487881708	0.09012303685791612	0.09020963837162661	0.08966106311659033	0.08874756036718945	0.09002543571916911	0.08956674115457611	0.09166508805833568	0.0891281979529285	0.0914470030888905	0.08816074024366084	0.09212198944707169	0.08760391984905794	0.09263606060019913	0.08719834550441542	0.09326169023392299	0.08466333621262548	0.09795291858998098	0.08127285381521338	0.09886993281645265	0.08027298683126022	0.10287130146420785	0.07273844342455504	0.11188372529889747	0.06529740539299517	0.10458021274448345	0.09202745700744773	0.08048011171155692	0.11727007034056294	0.09454226660870005	0.07915071969412843	0.07570852493433004	0.070957973805965	0.08388002512410765
30	3.380000000000001e56	0.09	1.7856558634755804	-0.8296742865547416	0.33992896321901395	-0.08770653383550268	0.18945357735537138	-0.0778297897185667	0.17973868295202902	-0.04323999026904548	0.09095882432170195	0.036091621271431625	0.16284814310273835	0.06636644061916366	0.05497975228652253	-0.06403349191666143	0.059367684019934364	0.061969556584704676	0.045215624424393745	0.09405282842753732	0.07340976249776221	0.14701131596608555	0.0038259577397649494	0.2457451815463074	-0.47665782172085175	1.444149061661204	1.2653447025789042	0.3344087681978291	0.4255437274297503	0.5812796650713588	1.1495266169820644	0.599921921236386	0.45082761887429834	0.3495915483082341	0.4758185379368895	0.4652785604981491	0.5314223621069383	0.5230393539584265	0.5137604936989203	0.35706050928273214	0.29683366185826354	0.2910488567090544	0.3375497046061775	0.429942893847043	0.45971968142569947	0.3175160894349655	0.2188796234799102	0.20483783955867185	0.22674902036987096	0.22843886600689736	0.201680161568905	0.15955057106765236	0.13464534387338953	0.13491444085164753	0.11453829959861857	0.12546005413983446	0.09940446571384733	0.07462030505835326	0.10374493032771764	0.16637010349251669	0.1846770453767889	0.1088367854186729	0.09092739550602823	0.12904954494307705	0.15057473976419508	0.19286812034686004	0.11838649936701563	0.05793475043666643	0.0841629847852755	0.10819268986901637	0.13650509174619851	0.01685595298789502	-0.1523321092932477	0.11895866394587251	0.09966481345297666	0.45411226755086403	-0.0047983588424057606	0.3128373506516204	-0.2048453369876242	0.3428424462032301	-0.3264815889523233	0.43970484325342446	-0.439370098138697	0.6255395190371855	-0.8938760489657135	1.3678088009648737	-1.175106046884515	1.0854008713526018	-0.7126508602719737	0.6853833086992535	-0.7773142722990307	-0.18785092409900217	-0.2893291704862744	-0.19040821094211857	0.31172387595482676	2.437658006571203	3.040183683381908	1.7330694331300005	1.5436001378668796	-1.8456101842766421	-3.477585629040861	-2.3210928953902936
31	2.9080524082343167	0.09	0.0980136076143815	0.08559323850677925	0.09123777264025498	0.08903913237065171	0.09052203696163591	0.08912216381284432	0.09043579018590356	0.08929949305621655	0.08999294734293967	0.08966052531065516	0.09034380185673792	0.08985209055730198	0.08983522162342478	0.08924948396832803	0.08985475735720952	0.08984201360329562	0.08978187455800025	0.08998499724908239	0.08992173682746403	0.09024572143579604	0.08959834370360183	0.09068596905106839	0.08738480674932321	0.09616679832886986	0.0953666177982497	0.09110950711201196	0.09152729781262635	0.092231788578748	0.09484053936787051	0.09233024285123177	0.09163962882447858	0.09115978057305246	0.09174163959359544	0.09170110716733818	0.09201298329661557	0.09198026031435852	0.09193338390931706	0.09120684212630074	0.0909356141654858	0.09091063490422549	0.09111974885334317	0.09154568290712198	0.09170980592682725	0.09104450446785768	0.09057295589695633	0.09050079735459113	0.09059666364056766	0.09059709087385913	0.09047924131126851	0.09031002708287683	0.09019729058570802	0.09020851119246799	0.0901101210929459	0.09016881682023836	0.09003824573406549	0.08990520461127152	0.0900160208490547	0.09031001076179837	0.09043580900432852	0.090072545975023	0.08997387868428351	0.09015882197043074	0.09027892345477971	0.09052274880719928	0.09019039296310638	0.08992375577294184	0.0900012010602811	0.09012307962706813	0.09020974794856655	0.08966089079381134	0.08874698975451459	0.09002550420137158	0.0895667650557539	0.09166594593637606	0.08912797563769186	0.09144752709881049	0.08816004672611243	0.09212258287857368	0.08760293974799788	0.09263688207903517	0.08719709916693477	0.09326295008497588	0.08466102010286472	0.09795592421821474	0.0812698800857149	0.09887226784146098	0.08027111005584409	0.10287268021478872	0.07273643143053428	0.11188301585545797	0.06529656602558057	0.1045795145349093	0.09202797700799961	0.08048569092769561	0.11727698859940013	0.09454614484683858	0.0791541859067745	0.07570397735547593	0.07094957474037852	0.08387433278168388
32	3.380000000000001e56	0.09	0.941834735544981	-0.3720405240239812	0.21558336792963448	0.0006662992675745077	0.13998780715850365	0.005646187047138808	0.1350872365689663	0.023029751393585533	0.0904758858323208	0.06287607329104339	0.12659597247973814	0.07810926558823282	0.07240748695497365	0.012607996025833295	0.07461122068857194	0.07590578509400014	0.067498749491197	0.09201891283830986	0.08166574966261311	0.1186285187009408	0.04671215072168339	0.16821557529868789	-0.19463650748576428	0.7701579299950371	0.680355660188577	0.21275913765492055	0.2585355126211883	0.3367557268250534	0.6221835781749675	0.3461260820438089	0.2712336238493885	0.22037566444064327	0.28378008876524247	0.27848983383274367	0.3117176727017769	0.30750980713639253	0.3028469388041187	0.22413367570451645	0.1938846380118747	0.19097974580663996	0.21433472672976034	0.26074428837708247	0.27571474367626336	0.20428029695141162	0.15472628968843327	0.1476693184566315	0.1586728420052193	0.15951797844037824	0.14607970144008675	0.1249302990752646	0.11242131722954878	0.11256147602205777	0.10232421034578223	0.10781443548003641	0.0947213557239564	0.0822627548348124	0.09688047558838618	0.12834005712715754	0.13755642719055872	0.09945466569684795	0.09045063709515587	0.10960418345675389	0.1204268316094874	0.14169543457702968	0.104288446165061	0.07392925310480414	0.0870820929227783	0.09915788474804224	0.11335741984738254	0.05325842189085318	-0.03179255976936656	0.10449208407362205	0.09461578925436527	0.27288910674362005	0.04216480839764305	0.20214243887521544	-0.05834264513075589	0.2174825145409019	-0.11943932460216275	0.26617086266622986	-0.17608649948588112	0.3594012345610807	-0.40460751443142445	0.7328823625915443	-0.5469180833994001	0.5921365695970314	-0.3161898751080648	0.3941279944570211	-0.35228892043424825	-0.03798395412177211	-0.11201630223034692	-0.042914348203604645	0.20187592648141317	1.2590718487494494	1.5787303359906542	0.9138077889884196	0.8113771618868271	-0.8849531034605831	-1.7033180271502413	-1.118609281304305
33	2.9073647263634848	0.09	0.0980184500983428	0.08559061225806155	0.09123848622934504	0.08903862522048357	0.09052232083364489	0.0891216847645422	0.09043604642968059	0.08929911275030752	0.08999295011440606	0.08966037160120773	0.0903440098991168	0.08985202316808916	0.08983512160989962	0.08924904414149287	0.08985466987826476	0.08984193362667403	0.08978174668057201	0.08998500892122865	0.08992168944836423	0.09024588431775761	0.08959809759018418	0.09068641397459822	0.08738318829768017	0.09617066619984051	0.09536997490790426	0.09111020522961687	0.09152825623210038	0.0922331918420818	0.09484356566114878	0.09233169932374716	0.09164065947068033	0.09116052211154262	0.09174274165548899	0.0917021791023527	0.09201424412832439	0.0919814971859408	0.09193459429084579	0.09120760496102759	0.09093620496486296	0.09091120917648358	0.09112045595409522	0.0915466538967146	0.0917108618863551	0.09104515430049495	0.090573324057316	0.09050112543081175	0.09059705431317701	0.09059748639404888	0.09047956038876906	0.09031022576018688	0.09019741812398481	0.09020863947068963	0.09011019118662969	0.0901689180841467	0.09003827260929327	0.08990516075311338	0.09001606024248879	0.09031022900697318	0.09043607941808121	0.0900725998167233	0.08997388142028394	0.09015893356262487	0.09027909646628283	0.09052304247478106	0.09019047386840047	0.0899236639843861	0.09000118430823037	0.0901231314756145	0.09020988078741854	0.08966068188890725	0.08874629800739432	0.09002558722155049	0.0895667940308742	0.09166698593196347	0.0891277061275118	0.09144816234995214	0.088159205982841	0.09212330228869316	0.08760175158286283	0.09263787794828983	0.08719558824647836	0.09326447738777906	0.08465821230989436	0.09795956790642382	0.08126627506797221	0.09887509856516637	0.08026883486279857	0.10287435165810908	0.07273399231354441	0.11188215580541369	0.06529554847020984	0.10457866810354956	0.09202860739863086	0.08049245454663964	0.11728537552425973	0.09455084638990326	0.07915838795611872	0.07569846437843357	0.07093939265069056	0.08386743202105798
34	3.380000000000001e56	0.09	0.5199265928216619	-0.14322495588295983	0.15341092707948975	0.044852462244029036	0.11525506399607427	0.0473839359058405	0.11276164149932344	0.056164432071946525	0.09023441797336343	0.07626822244612555	0.10846999118942748	0.083980644378161	0.08112130428243663	0.05092852008366309	0.08223294528341835	0.08287385936033709	0.0786402480858845	0.09100196087976925	0.08579371955548867	0.1044372015093492	0.06815512415593378	0.12945099463664306	-0.05362665959404205	0.4331642980974388	0.38786281754824065	0.15193467144226872	0.17503188442664436	0.2144944593335676	0.35851357191805816	0.21922889068377802	0.18143714166003438	0.15576809327609295	0.18776141521036574	0.18509600646754817	0.20186595841505064	0.1997456521611667	0.19739076654748225	0.157670640332772	0.14241042148836883	0.14094547749156178	0.1527275913419278	0.17614547113689855	0.18371280278130922	0.14766272562595328	0.12264980687287462	0.11908522194372162	0.12463494815919816	0.12505773241721357	0.11827963091442792	0.10762026241772574	0.10130936767676679	0.1013850577463737	0.09621720076620596	0.09899167678209156	0.09237981416662484	0.08608395779396288	0.09344826791543748	0.10932514306706535	0.11399625330431996	0.09476363275678562	0.0902122592577199	0.09988155850968938	0.10535296403788512	0.11610923852590536	0.09723946001673074	0.08192645854459513	0.08854163861550433	0.09464050811182838	0.10178365031740054	0.07145955188988021	0.02847686911901388	0.09725883564758626	0.09209129164261974	0.18227804633779177	0.06564625726257742	0.1467953006125838	0.014908280426042551	0.15480290841479755	-0.015918786509649962	0.17940437030725984	-0.04444545561970138	0.22633285597442987	-0.15997465106076503	0.41542096524898403	-0.23282590416571394	0.34550583408109886	-0.11796052012263313	0.2485011730575651	-0.1397774640603519	0.03694910084182079	-0.023360376880068534	0.030832159949972453	0.14695226694002203	0.6697821516480446	0.8480078557574569	0.5041793176891615	0.4452677749214729	-0.4046273195410748	-0.8161893172497754	-0.5173709246416235
35	2.9063411943626103	0.09	0.09802549758579474	0.08558679015869444	0.09123952474804704	0.08903788714174653	0.09052273396550807	0.08912098758373062	0.0904364193529195	0.08929855927379769	0.0899929541478473	0.0896601479008484	0.09034431267266574	0.08985192509349861	0.08983497605566149	0.08924840404146848	0.08985454256617238	0.08984181723305423	0.08978156057472671	0.08998502590823468	0.08992162049540249	0.09024612136729447	0.08959773941011864	0.09068706149207449	0.08738083289129432	0.09617629528862	0.09537486066247867	0.09111122123196193	0.0915296510636106	0.09223523407512083	0.09484796996358427	0.09233381899453147	0.09164215941703684	0.09116160130627952	0.0917443455363543	0.09170373913819889	0.09201607907413276	0.09198329726148581	0.0919363558142094	0.09120871514914762	0.09093706478210352	0.09091204494105509	0.09112148503002343	0.0915480670220909	0.09171239867234797	0.09104610003152754	0.09057385985785467	0.0905016028950773	0.09059762287681795	0.09059806201259436	0.09048002475678749	0.09031051490432462	0.09019760373624755	0.09020882615982781	0.09011029319715999	0.09016906545812439	0.09003831172203623	0.0899050969243384	0.09001611757354751	0.0903105466291157	0.09043647296353108	0.09007267817500188	0.08997388540210995	0.09015909596782727	0.09027934825780284	0.09052346986258744	0.09019059161355966	0.08992353040032057	0.09000115992820801	0.09012320693316542	0.09021007411384975	0.08966037786008606	0.08874529127630569	0.09002570804459788	0.08956683619968642	0.09166849948490677	0.08912731389707235	0.09144908685987008	0.08815798241086778	0.09212434927900441	0.08760002239202874	0.09263932728217138	0.08719338933512571	0.09326670014110704	0.08465412600090823	0.09796487073182038	0.08126102852146658	0.0988792182462955	0.08026552367073944	0.10287678418569637	0.07273044255550344	0.11188090413541467	0.06529406757553592	0.10457743625344236	0.09202952483482665	0.08050229794932695	0.11729758139797682	0.09455768875964944	0.07916450338990491	0.07569044109186422	0.07092457419184092	0.08385738902983518
36	222419.4285000522	0.09	0.30897604520372834	-0.028819082862132698	0.1223252259137684	0.06694517469288778	0.10288889898079116	0.06825246174478557	0.10159903042612148	0.07273149567287211	0.09011368606060537	0.08296418517348698	0.0994071519310466	0.0869162847358298	0.08547814016904906	0.07008846206256579	0.08604374392479537	0.08635783829669566	0.0842109043303056	0.09049349339400196	0.08785767002544559	0.09734166143832183	0.07887643178302621	0.11006902806435878	0.01687708664862613	0.2646702966930294	0.24161883910535967	0.12152294633711531	0.13328076774512748	0.15336484670434422	0.2266807709408212	0.15578135483915476	0.13653965053853562	0.12346484729118623	0.13975288037336	0.13839987280287352	0.1469410187445917	0.14586447471132624	0.14466356118084583	0.12443967774095982	0.11667374313523617	0.11592876121630843	0.12192453818597561	0.13384676907949472	0.13771260072682862	0.1193544128287404	0.10661183336536464	0.10479341241939946	0.10761628551800806	0.10782789721490396	0.1043798278356077	0.09896538866102518	0.09575348570650717	0.09579694195310075	0.09316374698168298	0.09458037112010798	0.09120906294433054	0.08799452735915064	0.0917321927444925	0.09981784484809053	0.10221636313392553	0.09241815546589376	0.09009307232991492	0.09502032723875833	0.09781615614784397	0.10331635419424641	0.09371502581514521	0.08592499447245784	0.08927139927185616	0.09238185752249689	0.09599686221562514	0.08055996487498314	0.05861108019765979	0.09364227184609207	0.09082906392115307	0.13697327291134928	0.07738678557982488	0.11912219373622694	0.05153313141845517	0.12346362884690097	0.03584061794118939	0.1360218487947156	0.021373966857712166	0.15979977805776846	-0.03766026252992841	0.2566929179904022	-0.07578243782212368	0.2221925261636972	-0.018847498225946845	0.17568897862163074	-0.03352351075242425	0.07441500248861772	0.02096684534773369	0.0677047981017074	0.11949089588742434	0.37514222479868575	0.48265271857771685	0.29936850322440545	0.2622161391556889	-0.16446843922460527	-0.3726323715289672	-0.21675676780589415
37	2.904676804406156	0.09	0.09803659612388849	0.08558077103262812	0.09124116023011834	0.08903672479913365	0.09052338457464393	0.0891198896480694	0.0904370066406304	0.08929768764682847	0.0899929604997992	0.08965979561260719	0.09034478948710345	0.08985177064347842	0.08983474683364902	0.08924739599788516	0.08985434207229187	0.08984163393382424	0.08978126749115221	0.08998505265974505	0.08992151190676324	0.09024649467811383	0.08959717534028115	0.09068808121682403	0.08737712354556253	0.09618516010131792	0.09538255485613713	0.09111282125477954	0.09153184767492155	0.09223845022858466	0.09485490595583541	0.09233715709865814	0.09164452156551738	0.09116330084586434	0.09174687136318305	0.09170619591692812	0.09201896878711105	0.09198613206000715	0.09193912989990839	0.09121046349779323	0.09093841884118672	0.09091336112146656	0.09112310564140708	0.0915502924429841	0.09171481883669733	0.0910475893895382	0.09057470364831613	0.09050235481629404	0.09059851826333276	0.09059896850932785	0.09048075605374645	0.09031097025486612	0.09019789604251738	0.09020912016198473	0.09011045384558461	0.09016929754590272	0.09003837331764329	0.08990499640538104	0.09001620785975853	0.09031104682744484	0.0904370927275529	0.09007280157534074	0.08997389167277704	0.09015935172710855	0.09027974478462118	0.09052414292229592	0.09019077704122358	0.08992332002919892	0.09000112153401309	0.09012332576537462	0.0902103785685616	0.08965989906881804	0.08874370585406641	0.09002589831938773	0.08956690260805845	0.09167088306133916	0.08912669620395781	0.0914505427984031	0.08815605550283882	0.09212599810235207	0.0875972992243077	0.09264160972501424	0.0871899264412109	0.0932702005818885	0.08464769079172839	0.09797322173777384	0.08125276614474715	0.09888570601065944	0.08026030913272791	0.10288061498359077	0.07272485231854167	0.11187893297799725	0.06529173543006371	0.10457549630882612	0.09203096963350661	0.08051779955616799	0.11731680347610614	0.09456846427387311	0.07917413410940581	0.07567780584387912	0.07090123775723851	0.08384157310658286
38	29233.81502645705	0.09	0.2035063206638084	0.028380844085247717	0.10678319307194337	0.07799094974601072	0.09670614177771755	0.07868617569642748	0.09601801853337594	0.08101459165985028	0.09005332328020228	0.08631199039304709	0.09487597070907502	0.08838402768965412	0.08765644350134905	0.07966792903022547	0.08794904299854361	0.08809973611525995	0.08699608591072891	0.09023927302687351	0.08888959096610442	0.09379407805821784	0.08423680356165368	0.10037855464059141	0.05212710509709433	0.18042772839717364	0.16850069698074838	0.10631788379594742	0.11240630771002451	0.12280164846646444	0.16076783844832832	0.12405925596890643	0.11409208605202649	0.10731407406852528	0.11574987586827153	0.11505303435990082	0.11947999376585137	0.1189253033856667	0.1183013455403771	0.10782507061937652	0.10380608098821145	0.1034210611688875	0.10652382191369135	0.11269853076123941	0.11471370978176296	0.10520100110913931	0.09859326850684039	0.09764788361784675	0.09910740189067041	0.0992134328621159	0.09743029194467707	0.09463817945794564	0.09297569087451228	0.09300303105754273	0.09163710041363379	0.09237483433300535	0.09062371813098692	0.08894976188226585	0.09087420030212551	0.09506444583776769	0.09632672793073921	0.09124547852061725	0.09003348200134599	0.09258983948293344	0.09404795046623259	0.09692024855827117	0.0919529014281844	0.08792415725082839	0.08963626040293463	0.09125259164393576	0.09310362039209337	0.08510993197190059	0.0736773930258631	0.09183408508273991	0.09019798326460576	0.11432207798634421	0.08325674089189135	0.10528636826731502	0.069844593460647	0.10779481347462652	0.06171895858274855	0.11433172925986491	0.05428194664946154	0.12653498931982846	0.02349371413089999	0.17733306986408803	0.0027351641613117413	0.1605391160871783	0.030706405453390536	0.13928479680261074	0.019600670783058716	0.0931469677333075	0.043129290388898706	0.08614014720526676	0.10576093276046547	0.22783001217742685	0.29998476102691146	0.19696848374913928	0.17069513663254735	-0.04439531669036307	-0.15086556688586436	-0.06645759734965564
39	2.902024582160776	0.09	0.09805396063264962	0.08557135365112886	0.0912437190664728	0.08903490622552382	0.09052440250222542	0.08911817184404446	0.09043792549701625	0.08929632392000104	0.0899929704379121	0.08965924443080293	0.0903455354996333	0.08985152899464989	0.08983438819833957	0.0892458188368675	0.08985402838433446	0.08984134714820816	0.08978080893956156	0.08998509451452197	0.08992134201156068	0.09024707875134388	0.08959629281002786	0.09068967665391653	0.08737131999144451	0.09619902977644616	0.09539459300855536	0.09111532461242897	0.09153528444073984	0.09224348214580912	0.09486575784436296	0.09234237981698946	0.0916482173268545	0.09116595990508107	0.09175082321177126	0.0917100397345019	0.09202348996331505	0.09199056731835777	0.09194347016842097	0.09121319892250572	0.0909405373698267	0.09091542038603753	0.09112564121143729	0.09155377428358966	0.0917186053682831	0.09104991960366247	0.0905760238228055	0.09050353125434787	0.09059991916378016	0.09060038679255916	0.09048190022357709	0.09031168268549439	0.09019835337795565	0.09020958015076763	0.09011070519228928	0.09016966066492128	0.09003846968866525	0.08990483913581086	0.09001634911941714	0.09031182942585515	0.0904380623956025	0.0900729946445763	0.08997390148371366	0.09015975188199768	0.09028036518105113	0.09052519597550943	0.09019106715693677	0.08992299088754493	0.0900010614633688	0.09012351168742312	0.09021085491116335	0.08965914996338648	0.08874122534013462	0.09002619601879892	0.08956700650901807	0.09167461234834015	0.08912572977600051	0.09145282072520741	0.08815304070836157	0.09212857781215027	0.0875930386208525	0.09264518078080619	0.08718450847974472	0.09327567728828928	0.08463762241648479	0.09798628752308886	0.08123983902662399	0.09889585661249421	0.08025215059056481	0.10288660855887408	0.07271610596673572	0.11187584895197913	0.06528808661071993	0.10457246111761442	0.09203323013116173	0.0805420530015794	0.11734687788241666	0.09458532338716914	0.07918920210410357	0.0756580370353673	0.07086472612663594	0.08381682788918927
40	2.987730226541401	0.09	0.09958030837393476	0.08474356179257742	0.0914686418756162	0.08887505282800502	0.09061387877167612	0.08896717613610292	0.0905186933660302	0.08917645174904656	0.08999384400228261	0.0896107953146473	0.09041111031983577	0.08983028795934682	0.08980286400136651	0.08910718570937441	0.089826455078816	0.08981613856998807	0.0897405020587681	0.08998877356730083	0.08990640815064628	0.09029841903788452	0.08951871802359083	0.0908299162561993	0.0868611851041697	0.09741818014779059	0.09645275175094048	0.09133537081968938	0.09183737762496037	0.0926857898203606	0.09581964348377521	0.09280145899037917	0.09197307632786922	0.09139969234665093	0.09209819239160193	0.0920479129419937	0.09242090328389134	0.09238042842290109	0.09232498162560575	0.09145364392378919	0.09112675694268903	0.09109643062190693	0.09134851890073548	0.09185982956087457	0.0920514431129458	0.09125474642106365	0.09069206772463179	0.09060694066206289	0.09072305891181778	0.09072505449473262	0.09058247324068103	0.09037430564219595	0.09023855335843407	0.09025001336137276	0.09013279867504984	0.09020157898184114	0.0900469407426821	0.08989101507337859	0.09002876590378023	0.09038062016058479	0.09052329663157486	0.09008996551289408	0.0899747638692353	0.09019492566776897	0.09033489829238629	0.0906177598030256	0.0902165684521154	0.08989405919549266	0.08999578122806208	0.09013985431494559	0.09025272562943443	0.08959330327580295	0.08852318710541714	0.09005236392427231	0.08957613944777269	0.09200241826953705	0.08904078034552555	0.09165305146483825	0.08788803898535859	0.09235533540591863	0.08721852975625885	0.09295907811110303	0.08670826735135928	0.09375708212153376	0.08375260792958784	0.09913477563628653	0.08010353981885293	0.09978809885189821	0.07953501124766088	0.10341344638778831	0.07194729790500977	0.11160476174694674	0.06496735383098147	0.10430566651293742	0.09223192884112973	0.08267394121859158	0.11999043105020094	0.09606724665107667	0.08051368527774147	0.07392035031845713	0.06765533819246244	0.08164171270477369
41	2.722693227277836	0.09	0.0988171345032922	0.08515745772185314	0.0913561804710445	0.08895497952676443	0.09056914063695076	0.08904267399007369	0.09047830943152323	0.08923638783452381	0.08999340722009735	0.08963501987272512	0.09037832290973453	0.08984090847699835	0.08981862609985304	0.08917650227312096	0.08984024173157523	0.08982874285909812	0.08976065549916483	0.0899869340409114	0.08991387508110349	0.0902727488946142	0.08955750541680935	0.09075979645505791	0.0871162525478071	0.09680860496211838	0.09592367237974793	0.09122534771605917	0.09168633103285011	0.09246463598308485	0.0953427006640691	0.09257191940368432	0.09181064682736187	0.09128282612586601	0.0919245078016866	0.0918789763382478	0.0922221966236032	0.09218549787062943	0.09213422589701337	0.09133342142314745	0.09103364715625786	0.09100592550397223	0.09123708005608638	0.09170680192223211	0.09188502424061444	0.09115233301236306	0.09063404577371864	0.09055523595820539	0.09066148903779897	0.09066272064364589	0.09053218673212905	0.09034299416384517	0.09021845336819485	0.0902297967560702	0.09012175193366956	0.0901856198233812	0.09004270521567367	0.08989792710459472	0.09002255751159868	0.09034622479321996	0.09048067951358868	0.09008148007873519	0.08997433267647448	0.09017733877488332	0.09030763173671871	0.0905714778892675	0.09020381780452609	0.0899085250415188	0.08999842134571544	0.09013168300118436	0.09023179027029889	0.08962622661959471	0.08863220622277589	0.09003927997153562	0.08957157297839538	0.0918385153089386	0.08908325506076303	0.09155293609502284	0.08802053984686008	0.09224195660903445	0.08740578418855567	0.0928021294459546	0.086946387915552	0.09351637970491153	0.08419511517303632	0.0985605315796877	0.08067168942273846	0.09934197773219622	0.07989358091911285	0.1031500274733312	0.07233170193587275	0.11174030534946294	0.0651277202208507	0.10443906381527593	0.09213257948614573	0.08160799711008548	0.1186686544663088	0.09532628501912291	0.07985144369092252	0.07478919367691221	0.06926003215954919	0.08272927029698149
42	2.9884675132761163	0.09	0.09919872143861348	0.08495050975721528	0.09141241117333035	0.08891501617738473	0.09059150970431344	0.0890049250630883	0.09049850139877672	0.08920641979178519	0.08999362561118998	0.08962290759368621	0.09039471661478515	0.08983559821817258	0.08981074505060978	0.0891418439912477	0.0898333484051956	0.0898224407145431	0.08975057877896647	0.08998785380410611	0.08991014161587488	0.09028558396624936	0.08953811172020008	0.0907948563556286	0.0869887188259884	0.09711339255495449	0.0961882120653442	0.09128035926787428	0.09176185432890524	0.09257521290172273	0.09558117207392215	0.09268668919703175	0.09189186157761554	0.09134125923625847	0.09201135009664427	0.09196344464012075	0.09232154995374726	0.09228296314676526	0.09222960376130955	0.09139353267346832	0.09108020204947344	0.09105117806293958	0.09129279947841093	0.09178331574155334	0.09196823367678011	0.09120353971671336	0.09066305674917521	0.09058108831013413	0.09069227397480838	0.09069388756918925	0.09055732998640505	0.09035864990302056	0.09022850336331446	0.09023990505872147	0.0901272753043597	0.09019359940261117	0.09004482297917789	0.08989447108898665	0.09002566170768946	0.09036342247690238	0.09050198807258177	0.09008572279581463	0.08997454827285489	0.09018613222132615	0.09032126501455251	0.09059461884614656	0.09021019312832074	0.08990129211850574	0.08999710128688876	0.09013576865806497	0.09024225794986665	0.08960976494769883	0.08857769666409651	0.09004582194790396	0.08957385621308403	0.09192046678923782	0.08906201770314429	0.09160299377993054	0.08795428941610933	0.09229864600747655	0.08731215697240725	0.09288060377852882	0.08682732763345564	0.09363673091322264	0.08397386155131209	0.09884765360798711	0.08038761462079569	0.09956503829204721	0.07971429608338686	0.10328173693055975	0.07213949992044126	0.11167253354820483	0.06504753702591608	0.10437236516410668	0.09218225416363772	0.08214096916433854	0.11932954275825487	0.0956967658350998	0.08018256448433199	0.07435477199768467	0.06845768517600581	0.08218549150087759
43	2.9203488058027025	0.09	0.09900792797095284	0.08505398373953421	0.09138429582218742	0.08893499785207458	0.09058032517063211	0.08902379952658099	0.09048840541514996	0.08922140381315449	0.08999351641564367	0.08962896373320567	0.09038651976225985	0.08983825334758547	0.08981468557523141	0.08915917313218433	0.08983679506838542	0.0898255917868206	0.08975561713906564	0.08998739392250876	0.08991200834848918	0.09027916643043178	0.08954780856850472	0.09077732640534325	0.08705248568689775	0.09696099875853643	0.09605594222254607	0.09125285349196673	0.09172409268087767	0.0925199244424038	0.09546193636899562	0.09262930430035804	0.0918512542024887	0.09131204268106223	0.09196792894916543	0.09192121048918428	0.09227187328867523	0.09223423050869735	0.09218191482916147	0.09136347704830788	0.09105692460286564	0.09102855178345591	0.09126493976724866	0.09174505883189273	0.09192662895869728	0.0911779363645382	0.09064855126144693	0.09056816213416975	0.09067688150630368	0.09067830410641757	0.09054475835926705	0.09035082203343286	0.09022347836575466	0.09023485090739583	0.09012451361901462	0.09018960961299619	0.09004376409742579	0.08989619909679068	0.09002410960964408	0.09035482363506117	0.09049133379308523	0.09008360143727491	0.08997444047466469	0.09018173549810474	0.09031444837563561	0.09058304836770703	0.09020700546642342	0.08990490858001227	0.08999776131630209	0.09013372582962466	0.09023702411008276	0.08961799578364678	0.08860495144343619	0.09004255095971979	0.0895727145957397	0.09187949104908821	0.08907263638195366	0.09157796493747669	0.08798741463148471	0.0922703013082555	0.08735897058048146	0.09284136661224171	0.08688685777450382	0.09357655530906708	0.0840844883621742	0.0987040925938374	0.08052965202176708	0.09945350801212172	0.07980393850124985	0.10321588220194547	0.072235600928157	0.11170641944883389	0.06508762862338338	0.1044057144896913	0.09215741682489173	0.08187448313721202	0.11899909861228183	0.09551152542711135	0.08001700408762726	0.07457198283729845	0.0688588586677775	0.08245738089892954
44	2.7125901432993778	0.09	0.09891253123712251	0.08510572073069368	0.09137023814661596	0.0889449886894195	0.09057473290379144	0.08903323675832733	0.09048335742333659	0.08922889582383915	0.08999346181787052	0.0896319918029654	0.09038242133599719	0.08983958091229191	0.08981665583754223	0.08916783770265264	0.08983851839998032	0.08982716732295935	0.08975813631911524	0.08998716398171008	0.08991294171479633	0.090275957662523	0.08955265699265703	0.09076856143020058	0.08708436911735243	0.09688480186032741	0.09598980730114699	0.09123910060401295	0.0917052118568639	0.09249228021274433	0.09540231851653236	0.09260061185202118	0.09183095051492528	0.09129743440346412	0.09194621837542602	0.09190009341371604	0.09224703495613922	0.09220986418966338	0.09215807036308742	0.09134844923572767	0.09104528587956175	0.09101723864371407	0.09125100991166753	0.09172593037706242	0.09190582659965586	0.09116513468845064	0.09064129851758279	0.09056169904618758	0.09066918527205133	0.09067051237503172	0.09053847254569805	0.09034690809863902	0.09022096586697476	0.090232323831733	0.09012313277634208	0.0901876147181887	0.09004323465654973	0.0898970631006927	0.09002333356062138	0.09035052421414057	0.09048600665333695	0.09008254075800505	0.08997438657556958	0.09017953713649403	0.09031104005617716	0.09057726312848727	0.09020541163547476	0.08990671681076554	0.08999809133100876	0.09013270441540451	0.09023440719019082	0.08962211120162074	0.08861857883310603	0.0900409154656277	0.08957214378706754	0.09185900317901341	0.08907794572135835	0.09156545051624976	0.0880039772391724	0.09225612895864498	0.08738237738451857	0.09282174802909816	0.08691662284502791	0.0935464675069893	0.08413980176760526	0.09863231208676256	0.08060067072225277	0.09939774287215897	0.07984875971018135	0.10318295483763833	0.07228365143201487	0.11172336239914842	0.06510767442211704	0.10442238915248361	0.09214499815551873	0.08174124012364875	0.11883387653929532	0.09541890522311713	0.07993422388927489	0.07468058825710533	0.06905944541366335	0.08259332559795551
45	3.380000000000001e56	0.09	13.11007655449598	-6.893723138276842	1.958083075510664	-1.1722464318890078	0.8153298286966922	-1.122345425414208	0.7776436688376109	-0.8651214494681032	0.12200339732963675	-0.240531342073448	0.6609460085723686	-0.05884941436997884	-0.17394244317805557	-1.072506168556225	-0.13936266724338525	-0.10577012665085596	-0.23763525327619617	0.14481382159779815	-0.02043224778362654	0.5353711740896412	-0.5544108334981535	1.2958548843040034	-4.233084153939284	10.435638161120487	9.016389981479564	1.966134858797738	2.6539792433028655	3.870806802863234	8.210946608606717	4.005855232089751	2.852616954885537	2.086874319892323	3.0401460215400546	2.966124164722405	3.462349123802967	3.40533112639475	3.323636994582049	2.123769981959599	1.6520990380059086	1.6106910281388331	1.9615279087615987	2.676275140439166	2.8991393628205335	1.8210047159669125	1.0645331660867265	0.9637256019859531	1.1364042720103618	1.15994760659539	0.9561056217080254	0.6269543518334408	0.436883718457349	0.4354234164264132	0.2811094515555418	0.35971142095527064	0.16290683694583474	-0.022283865541432663	0.2021274430609435	0.6627074777941689	0.7858744827814458	0.22068279737403773	0.08180896853404465	0.37061982247979014	0.5404851074614555	0.8915088691663723	0.33162759013982207	-0.11803232113314524	0.06661811753756973	0.24976994959551718	0.44767430144775777	-0.5081575477911214	-1.8189626168891098	0.21843249041909624	0.11077439688024301	2.7200457279348487	-0.6550410248145104	1.7422721643777028	-2.102798305208825	2.05889495528725	-2.8544524662460335	2.706112073865074	-3.530099809432865	3.841690424845666	-6.553638165556947	8.63778542420941	-8.271994507050318	6.659699380774572	-5.505279917262605	4.472170184553523	-6.180369421288576	-0.9760564626268132	-1.379754655656646	-3.082893641351865	-6.077964681973171	18.355636454465667	23.64162594444579	1.5139625450077332	5.547490613213888	7.07264515644115	-0.7396484140395866	-1.963033537561429
46	2.7123903834061354	0.09	0.0989158646760689	0.08510393276615207	0.09137071639539238	0.0889446655742399	0.09057491858486183	0.08903292640509498	0.0904835334726847	0.08922865132084128	0.08999347001876365	0.08963190721565915	0.09038256751345523	0.08983954281841446	0.08981658826289236	0.08916754008367185	0.08983845967901136	0.08982711721125249	0.08975805244146419	0.08998717802821012	0.08991291344453922	0.09027607169518961	0.0895524920102638	0.0907688701713459	0.08708326229724134	0.0968874506320317	0.09599209269308462	0.0912395809492403	0.09170586830728082	0.09249324821074659	0.09540439770570862	0.09260161442145577	0.09183165782378505	0.09129794566699893	0.09194697369939457	0.09190082978522306	0.09224789837078345	0.092210713005913	0.09215889826270356	0.09134896993880086	0.09104568581898034	0.0910176279816539	0.09125148907355066	0.09172659253434368	0.09190654580829734	0.09116557787052267	0.09064154802708671	0.09056192274935168	0.09066945318767052	0.09067078632207473	0.09053869430258625	0.09034704557658862	0.0902210546814051	0.09023241226912646	0.09012318170672465	0.09018768376974712	0.09004325332408548	0.08989703436012222	0.09002336228151092	0.09035067085105614	0.0904861848107274	0.09008257421757723	0.08997438448360283	0.09017960898483654	0.09031115539003708	0.09057746832585502	0.09020547348744211	0.08990666353712405	0.08999808534109771	0.09013274531420568	0.09023449876570723	0.08962195805144962	0.08861809011392305	0.09004094835933925	0.08957214921905012	0.09185967651615458	0.08907775507929491	0.09156587342461055	0.08800341595921013	0.09225663280829635	0.08738162369124224	0.09282241754980629	0.08691569617133264	0.09354742777534206	0.08413810117974439	0.09863449980382631	0.08059853080102672	0.09939942361071093	0.07984732880934733	0.10318407416502223	0.07228204951252223	0.11172308371173602	0.06510730425075077	0.10442157256732862	0.09214341738350829	0.08174592186572045	0.11883990304015771	0.09541926865167799	0.07993562466828107	0.07468238112418435	0.06905923822403219	0.08259280151169826
47	3.380000000000001e56	0.09	23.2259235017717	-11.829293710489502	3.0497421891883185	-1.6932790401055362	1.0738824702271315	-1.7395482450881172	1.1522466355311132	-1.3482420234883354	0.11385122412391133	-0.24962872635604916	0.990068357742793	-0.08607104049769741	-0.44238392745477134	-1.8576051670486287	-0.3265114295723095	-0.16693075686837788	-0.4621930220907776	0.2786481057583273	-0.12348371590038132	0.9287877386917449	-1.1071128376573214	2.482636433466894	-8.112578312468429	19.923932870448418	16.99559569809836	3.6846802527890126	4.989206743329384	7.351114227746119	15.583612832498007	7.527177480676388	5.416131708796139	4.043135190349685	5.766719955413153	5.559429317097836	6.479509727024518	6.373991021591736	6.302379334313913	4.0601193382809715	3.0739896664015847	2.9659385335474693	3.644941465513719	4.9673597256852	5.215423894507649	3.308701816412348	2.0115841686811713	1.8244725467701421	2.118519650965469	2.1819884101554474	1.7679470308304193	1.0592788158555027	0.7314624666890908	0.7056667372740666	0.463005475816361	0.5591477900918915	0.25978535128056246	0.021987312491253325	0.45278814759841607	1.1266759576143233	1.1535804494311273	0.3093378324980893	0.09231757222956004	0.5558477645937108	0.7804362845949597	1.4722703646020028	0.5045695003462408	-0.10522042993328441	0.0600699416247647	0.47523703476838197	0.6862308256978592	-0.8255732565473857	-3.1625084656533415	0.6413185434249812	0.02256078235405047	4.665808074609057	-1.6321728078252382	2.916311188440315	-4.340319700077427	3.77938350126126	-5.577870601191692	5.117605957609408	-6.447761608054264	7.097768460517281	-11.388794209413279	15.417124477316737	-13.56564500539973	10.719006480323534	-7.183641605459104	5.654725892917612	-5.247115823504488	-2.1883620321445547	11.250794890745992	-3.796930342131479	-29.42856752457448	5.133274975110228	35.837196954511164	18.391880863134546	11.455104454535949	7.329952286307197	1.0030847231147288	-0.011947382677287871
48	2.7121928025217166	0.09	0.09891887267068998	0.085102383130134	0.09137110117346729	0.08894443377082614	0.09057504647792403	0.08903268857223678	0.09048367157000148	0.08922846435743789	0.08999347312180218	0.08963186309001277	0.090382684530324	0.08983951993875372	0.08981651904268395	0.08916728687833186	0.08983840552681635	0.0898270838162575	0.08975798065241611	0.08998720256623358	0.08991288568928774	0.09027618075549797	0.08955233636700327	0.09076918126757061	0.08708219581521744	0.09689002941986759	0.09599429072568534	0.09124004832705163	0.09170650529657576	0.0924941922971241	0.09540641216639428	0.0926025813932563	0.0918323503243526	0.09129845965935635	0.09194771178392643	0.09190154091467562	0.0922487291245725	0.09221153004033768	0.09215970598975413	0.09134948613355064	0.09104607379305764	0.09101800190580162	0.09125195128122153	0.09172722667942933	0.09190721219423312	0.0911659963566429	0.09064179787285842	0.09056214826896547	0.09066971693828552	0.09067105832752663	0.09053891247327797	0.09034717159987703	0.09022113808392514	0.09023249231506963	0.09012323020534378	0.09018774476464535	0.0900432754014474	0.08989702552750188	0.09002340946420485	0.09035080563982506	0.09048632308118071	0.09008260273482632	0.08997438478836756	0.09017966955157	0.09031124515057631	0.09057764803456897	0.0902055273813476	0.08990663815808424	0.0899980814485191	0.09013279540246825	0.0902345762834637	0.08962183901736073	0.08861766725890671	0.0900410200607918	0.08957214050327356	0.09186027142287119	0.08907753120630123	0.09156624082271267	0.08800283999312224	0.09225711237132334	0.08738088684501955	0.09282307109401304	0.08691484624407486	0.0935483387734064	0.08413660896254017	0.09863649219022487	0.08059675591394236	0.0994008048408902	0.07984638408982342	0.10318479622159746	0.0722813576495523	0.11172278455311745	0.06510875910771373	0.1044210651413028	0.09213957779729301	0.08174657888855967	0.11884454871795445	0.09542164836542759	0.07993710416996114	0.07468332477470722	0.0690593597072642	0.08259278921540944
49	2.700482366031605	0.09	0.09926079591942455	0.08492623368560479	0.09141483947289686	0.08891808432999142	0.09058958427364056	0.08900565375543112	0.09049936929860257	0.08920721194766643	0.08999382584883542	0.08962684726177339	0.09039598601286176	0.08983691917348924	0.08980865067803566	0.08913850464852438	0.08983224996579536	0.089823287757216	0.08974982028391933	0.08998999184007007	0.08990973070832696	0.09028857780390907	0.08953464416472667	0.09080454404085361	0.08696096720803391	0.09718316409120645	0.09624414437980953	0.09129317586209337	0.09177891282270906	0.09260150800807128	0.09563539892629866	0.09271249852447548	0.09191106789989169	0.09135688593959006	0.09203161095688411	0.09198237606344481	0.09234316215063632	0.09230440356572638	0.09225152153200554	0.09140816276301862	0.09109017538685821	0.09106050642308769	0.0913044911186621	0.09179931090003773	0.09198296128050942	0.09121356630001243	0.09067019821551378	0.09058778342085731	0.09069969786528011	0.0907019775941822	0.09056371226220354	0.0903614968556081	0.09023061857315476	0.09024159125718487	0.09012874311593723	0.09019467814598014	0.09004578496820549	0.08989602151033345	0.09002877279161273	0.09036612728084131	0.09050204049047006	0.09008584433319433	0.08997441943142986	0.09018655426277417	0.0903214483653594	0.09059807579293969	0.09021165358221395	0.08990375328465995	0.08999763897328457	0.09013848901021111	0.0902433878428118	0.08960830823439424	0.08856960069658103	0.09004917047217303	0.08957114976791254	0.09192789535936835	0.08905208322818016	0.09160800351463173	0.08793736906622839	0.09231162501805831	0.08729712843251634	0.09289736044173864	0.08681823374113658	0.09365189328629239	0.08396698640048171	0.09886296973288879	0.08039500184371684	0.09955781134177843	0.07973899640817761	0.1032668734727464	0.07220271255068805	0.11168877874538302	0.06527413487525444	0.10436338526580559	0.09170312628793138	0.08182126365764289	0.11937262986334701	0.09569215398755132	0.08010528133936605	0.07479059094140521	0.06907316888799377	0.08259139147786287
50	3.380000000000001e56	0.09	11.09141653903625	-5.228601053254482	1.14135540441384	-0.6075085801538532	0.2012098225221201	-0.7206628296053108	0.3134510194215857	-0.5865908415664461	-0.13769124541024602	-0.1311155482539903	0.2574286853847953	-0.05601031670990697	-0.3095577811228071	-0.8308313253420604	-0.172839522959	-0.04045925137317523	-0.2069195214249726	0.13719099573498228	-0.07794566679596683	0.4195371824278189	-0.5255047749342718	1.2114896208087664	-3.980723067783453	9.550585589662518	8.014912483549622	1.7967590158716311	2.4064543533373146	3.5631123377101215	7.515847160841838	3.63930257456313	2.6412196678671958	1.9993890437174435	2.756827132743599	2.637088171877625	3.0889477590006704	3.0749350304245193	3.0719563529495697	1.9959546909187669	1.4558329897104354	1.3859118028377364	1.692624938487923	2.3269399420444272	2.4231067619259097	1.5947968847978582	1.0038260113603965	0.9050598728087484	1.0087157581875532	1.0200551174017565	0.7980081686852653	0.443218528137604	0.31237093553420725	0.30393552395952617	0.21539045635368703	0.2511933608337107	0.14424466814230597	0.0601522359641455	0.19762972775077306	0.43683231271873874	0.46093993443001724	0.19167667132659594	0.1146500626766756	0.29649798208371675	0.33098336457795785	0.6248920763850199	0.10300909323412255	-0.1491036185931761	-0.09197844157356876	0.13675434377144274	0.2179263347091661	-0.3784628957665367	-1.357518284302091	0.68649582748684	0.3742670265394347	2.5988075214666035	-0.4526698903166405	1.6054997497094188	-1.9324388004368522	1.6284972176415549	-3.076623882519351	2.3203519745013486	-3.9701861548006905	3.6786421159936964	-7.193113377783549	8.945746110932898	-8.869852202277125	6.545303085837613	-4.439297305846782	3.6500247043558556	-1.978624692213811	2.1740181873568867	8.644616667863419	-0.5189966108270531	1.129079550057319	-1.6103779949471306	-0.6765654290060206	2.471769667562791	1.5957177409798313	1.8270111363123656	2.0526571793303647	1.3849528196825394
51	2.7003573653078763	0.09	0.09926372772889853	0.08492481647045572	0.09141511951129581	0.08891789858023126	0.09058961377808628	0.08900543780200162	0.0904994287638954	0.08920703169993503	0.0899937651210524	0.08962678838572927	0.09039603056354517	0.08983688027335737	0.08980854415968606	0.0891382592757034	0.08983217990641754	0.08982325300847413	0.08974974115676657	0.08999000442944323	0.08990968593821487	0.09028866562054859	0.08953448012243707	0.09080484294811095	0.08695988228212223	0.09718568548695815	0.09624625643384158	0.09129363074110201	0.0917795301890878	0.09260243365694015	0.09563737803282253	0.09271344446507424	0.09191174784723598	0.09135739484674964	0.09203232170670786	0.09198305488982417	0.09234396140002399	0.09230519908800004	0.09225231627391592	0.09140867074049687	0.09109053938878886	0.09106085178366909	0.09130491822018505	0.09179990705302457	0.09198358303396739	0.09121396733325114	0.09067044177091153	0.09058800065549662	0.0906999427169949	0.09070222546970395	0.09056390095061082	0.09036159096904785	0.09023067782205016	0.09024164825327471	0.09012877652553278	0.09019472108728067	0.09004579942404135	0.0898960135771205	0.09002880149076024	0.0903662196897253	0.09050213929304822	0.09008587142933053	0.08997442601287634	0.09018660928981462	0.0903215125543049	0.09059821829894574	0.09021165699552573	0.08990368953701175	0.08999759043692741	0.09013850144351426	0.09024342189819475	0.08960818339122222	0.08856921499842858	0.0900493295554321	0.08957122570152268	0.09192856399012739	0.08905193874099754	0.09160840729731712	0.0879368301948611	0.09231203474692129	0.08729628455677335	0.09289795454472381	0.08681715166368241	0.09365284946891432	0.08396504546972589	0.09886532935882703	0.08039261464868788	0.09955953054022361	0.07973779109834087	0.10326781945808845	0.072202165557418	0.11168932880644838	0.0652764231432072	0.10436321900426554	0.09170340297524353	0.08182081231707475	0.11937241757207347	0.09569278773098873	0.08010568558099726	0.074791058290751	0.06907369794621766	0.08259173884153412
52	2.8885471864071057	0.09	0.10494639356286253	0.0821778575774981	0.0919579121641218	0.0885578636512682	0.09064680163669474	0.08858685972371041	0.09061468911449343	0.0888576612398441	0.0898760577117339	0.08951267016375172	0.09048238223432367	0.08976148095008527	0.08960208183962223	0.08866265819768566	0.08969638525935922	0.08975590023881	0.08959637062859065	0.0900144061517651	0.08982290895335988	0.09045887880166624	0.08921652033591898	0.09138420871995877	0.08485699276443308	0.10207285486791835	0.1003400072023995	0.0921753133415404	0.09297615870763518	0.09439659976768684	0.09947343938835959	0.0945469416173322	0.09322967576054236	0.09234379909779006	0.09340995343064337	0.09329881005993751	0.09389313000337846	0.0938471435031525	0.09379274812700325	0.09239327300939418	0.09179607682333266	0.09173025707542062	0.092132760293037	0.09295541809158155	0.09318871493768546	0.0919912817884158	0.0911425201749765	0.09100906207631755	0.09117453374562823	0.09118267748100108	0.09092963179867125	0.09054400910820093	0.09034551873397327	0.09035212259867811	0.09019353365550391	0.09027795332441448	0.09007381887253264	0.08988063679409031	0.09008442845645633	0.09054533392360474	0.09069364629246587	0.09013839131124368	0.08998718269483007	0.09029326706736371	0.0904459286634611	0.09087443475124243	0.090218272947371	0.08978012878532879	0.08990351341694253	0.09016260065856938	0.0903094307445661	0.08936620244580992	0.08782162422469551	0.09035767735533674	0.08971840625189043	0.09322455719965415	0.08877188221500641	0.0923910509482505	0.08689234693802773	0.09310620375124018	0.08566061760931806	0.09404949210731231	0.08471978325244559	0.09550619852343725	0.08020297941799133	0.10343894364691154	0.07576556376067276	0.1028918174275113	0.07740156390165581	0.10510140333534788	0.07114193978398771	0.11275550082425612	0.06971172571983007	0.10404095769039406	0.09223970028562375	0.08094598820287366	0.11896093777513547	0.09692115956457553	0.08088921879715663	0.0756969118884845	0.07009916058961194	0.08326502668101597
53	2.5945606342549663	0.09	0.10210506064588054	0.08355133702397691	0.09168651583770882	0.08873788111574973	0.09061820770739051	0.08879614876285602	0.09055705893919441	0.08903234646988957	0.08993491141639315	0.0895697292747405	0.09043920639893442	0.08979918061172132	0.08970531299965415	0.08890045873669454	0.08976428258288838	0.08978957662364206	0.08967305589267861	0.09000220529060417	0.08986629744578738	0.09037377221110741	0.08937550022917803	0.09109452583403486	0.08590843752327765	0.09962927017743825	0.09829313181812054	0.09173447204132121	0.09237784444836149	0.0934995167123135	0.09755540871059105	0.09363019304120322	0.09257071180388916	0.09185059697226984	0.09272113756867562	0.09264093247488084	0.09311854570170122	0.09307617129557627	0.09302253220045958	0.09190097187494553	0.09144330810606076	0.09139555442954486	0.09171883925661102	0.09237766257230307	0.09258614898582643	0.09160262456083347	0.09090648097294401	0.09079853136590708	0.09093723823131156	0.09094245147535251	0.09074676637464103	0.09045280003862438	0.09028809827801172	0.09029688542597641	0.09016115509051835	0.09023633720584757	0.090059809148287	0.0898883251856054	0.09005661497360828	0.09045577680666501	0.09059789279275705	0.0901121313702871	0.08998080435385321	0.09023993817858916	0.090383720608883	0.09073632652509409	0.09021496497144837	0.08984190916117027	0.08995055192693498	0.09015055105104182	0.09027642632138043	0.08948719291851606	0.08819541961156205	0.09020350345538443	0.08964481597670655	0.09257656059489076	0.08891191047800197	0.0919997291227838	0.0874145885664444	0.09270911924908073	0.08647845108304571	0.09347372332601807	0.085768467458064	0.09457952399617578	0.0820840124438586	0.10115213650286928	0.07807908920468032	0.10122567398386746	0.07856967749999834	0.10418461139671817	0.07167205267070285	0.11222241481535225	0.06749407443151864	0.1042020883473298	0.09197155163043365	0.0813834002599742	0.11916667767360446	0.09630697364778214	0.08049745218907695	0.07524398508961776	0.0695864292679148	0.08292838276127505
54	2.5945607421128583	0.09	0.10210506064588054	0.08355133702397691	0.09168651583770882	0.08873788111574973	0.09061820770739051	0.08879614876285602	0.09055705893919441	0.08903234646988957	0.08993491141639315	0.0895697292747405	0.09043920639893442	0.08979918061172132	0.08970531299965415	0.08890045873669454	0.08976428258288838	0.08978957662364206	0.08967305589267861	0.09000220529060417	0.08986629744578738	0.09037377221110741	0.08937550022917803	0.09109452583403486	0.08590843752327765	0.09962927017743825	0.09829313181812054	0.09173447204132121	0.09237784444836149	0.0934995167123135	0.09755540871059105	0.09363019304120322	0.09257071180388916	0.09185059697226984	0.09272113756867562	0.09264093247488084	0.09311854570170122	0.09307617129557627	0.09302253220045958	0.09190097187494553	0.09144330810606076	0.09139555442954486	0.09171883925661102	0.09237766257230307	0.09258614898582643	0.09160262456083347	0.09090648097294401	0.09079853136590708	0.09093723823131156	0.09094245147535251	0.09074676637464103	0.09045280003862438	0.09028809827801172	0.09029688542597641	0.09016115509051835	0.09023633720584757	0.090059809148287	0.0898883251856054	0.09005661497360828	0.09045577680666501	0.09059789279275705	0.0901121313702871	0.08998080435385321	0.09023993817858916	0.090383720608883	0.09073632652509409	0.09021496497144837	0.08984190916117027	0.08995055192693498	0.09015055105104182	0.09027642632138043	0.08948719291851606	0.08819541961156205	0.09020350345538443	0.08964481597670655	0.09257656059489076	0.08891191047800197	0.0919997291227838	0.0874145885664444	0.09270911924908073	0.08647845108304571	0.09347372332601807	0.085768467458064	0.09457952399617578	0.0820840124438586	0.10115213650286928	0.07807908920468032	0.10122567398386746	0.07856967749999834	0.10418461139671817	0.07167205267070285	0.11222241481535225	0.06749407443151864	0.1042020883473298	0.09197155163043365	0.0813834002599742	0.11916667767360446	0.09630697364778214	0.08049745218907695	0.07524398508961776	0.0695864292679148	0.08292838276127504
55	3.380000000000001e56	0.09	11.56155653833538	-6.207057223391288	1.5917361738091271	-1.378961110474687	0.5383629898430091	-1.3329116013898732	0.4449987042907617	-1.1007658663556574	-0.2146701171502035	-0.6339623857621809	0.34349354267400145	-0.30389793871098814	-0.27847282294309483	-1.139269049186768	-0.16424821820372948	-0.2864999755594364	-0.20068755979224284	-0.19314952536800162	0.08937197082603814	0.09914039447261334	-0.22893070544218477	0.3454249950999182	-2.4478872012679767	4.3011702968804375	2.9707100257544696	0.8936301726064756	1.0631571242115896	1.885350642380412	4.026342113645632	2.1207164327474293	1.2135194228536583	0.671140969954162	0.9592111064758573	1.1430524432597742	1.4303799079952126	1.6628174631921593	1.3901453750468176	0.6049833979381347	0.21631811158783093	0.24305310427813834	0.23431030016153892	0.8043555690322831	1.4316528821661991	0.9019872217415337	0.15027399004049408	0.05784918360757217	0.09287809954884024	0.02560180476329088	-0.10423860280170265	-0.02274570041823437	-0.08687838822717968	0.04243359444010325	-0.06715258674393888	0.10874502874109594	-0.08465066331511888	-0.43342163816384305	-0.6511439075165807	-0.26579528809395353	0.44099206938136354	0.006542391406143475	-0.23591833951243052	-0.08284547918677573	0.059796478048258384	0.3617779412181722	-0.1529577581259038	-0.6393099511069121	-0.16874808006415637	-0.06824569193917789	0.3006516876337113	-0.860173800786514	-1.9487165793870747	-0.1934375606141504	0.5321750080943543	2.19892248135867	0.06627178293528337	1.1107581650209726	-1.139191584372673	0.9167320310250078	-1.9685778454161498	1.4260391594999815	-2.7455807577919584	1.8326258025010222	-5.299113334550838	3.4366752145678356	-5.848538629838613	2.2588650307002407	-3.100871159467588	2.0013475252033537	-3.7595056067347095	11.439893659926543	17.511640382368963	3.633343624248306	1.499729445470291	2.446962101629489	2.4397055206875398	2.0225754901704507	1.4331677650916232	1.376201909595626	0.9079556359610735	0.47680524512992495
