method,point_index,function_evaluations,gradient_evaluations,RMSD,x
BFGS,1,1,1,0.31977291127904045,"[0.25, 0.25, 0.25, 0.25, 0.25, 0.25, 0.25, 0.25, 0.25, 0.25]"
BFGS,2,6,2,0.2789534704716277,"[0.24726780075341515, 0.25044635098201734, 0.22063783014615196, 0.17561252802367217, 0.18911649534801406, 0.2158683600985783, 0.22542420735102328, 0.23248482105320006, 0.27976841464786295, 0.07494175442368378]"
BFGS,3,11,3,0.23097144201902275,"[0.2455234612579806, 0.2506985705717538, 0.19513805406621282, 0.11306662429537648, 0.13819352326456885, 0.18665272102368893, 0.2041034913255263, 0.21727927423593382, 0.2872181723832286, 0.09126880258974818]"
BFGS,4,15,4,0.2284533182565442,"[0.24526367804986368, 0.2505334971816217, 0.199954386222004, 0.11189520322797304, 0.13487907112792613, 0.18676605305893773, 0.20511781441228694, 0.2178723530877808, 0.2990306377419113, 0.09302236456794001]"
BFGS,5,19,5,0.22588382317587313,"[0.24502414802265918, 0.25037202215998383, 0.204882210186326, 0.11076352442081851, 0.1314146823872567, 0.18686032215751486, 0.2061470397691356, 0.21853190314579546, 0.3108820555584714, 0.09478226133031792]"
BFGS,6,23,6,0.22327912344510775,"[0.24480458761016574, 0.2502140189401721, 0.20990420803096807, 0.1096801724422398, 0.12781795491362594, 0.18692983319602233, 0.20718093266894289, 0.21924193189378766, 0.3227271680657527, 0.09654201306673409]"
BFGS,7,29,7,0.22184222341887994,"[0.2447879983439325, 0.25014410532738657, 0.21309510490547035, 0.10938352560520002, 0.1252227285458689, 0.1868024560968399, 0.20771739462504293, 0.21980709203355972, 0.32902338495964323, 0.09748267962889785]"
BFGS,8,34,8,0.22037403915118978,"[0.24437037214206445, 0.25011882821233894, 0.21595812077754503, 0.11056668162069384, 0.12155788930426456, 0.18611692170607977, 0.20817420432567496, 0.21992835247101922, 0.3347993928056763, 0.09838645470226934]"
BFGS,9,39,9,0.21889589113750876,"[0.24395256414473457, 0.25009356465511945, 0.21882037295953868, 0.11175297064503721, 0.11789072975983819, 0.18542976069781442, 0.20863048975984647, 0.22004884490091522, 0.34057939786449465, 0.09929077819704198]"
BFGS,10,44,10,0.21699323260964645,"[0.2435014846677696, 0.2500723279050548, 0.22101719025627767, 0.11506126389537086, 0.1129976569767811, 0.1835596448633737, 0.20851330279810038, 0.21936515858572198, 0.348735853361264, 0.1005134920717199]"
BFGS,11,49,11,0.2150759198211903,"[0.24305057936618837, 0.25005086808459037, 0.2232144148260758, 0.11837160054430988, 0.1081042502599549, 0.18168673886960027, 0.2083938249513048, 0.21868083485612017, 0.35689702717206484, 0.10173680777116609]"
BFGS,12,53,12,0.21094120064588728,"[0.24349677765965286, 0.24938871712873295, 0.22754071819238522, 0.12710587230405782, 0.1026792774745345, 0.17203721915611217, 0.20130513292742128, 0.21443859614416552, 0.37810478527163977, 0.10465919539495155]"
BFGS,13,57,13,0.20676958319401437,"[0.24393708862519664, 0.24873286096168024, 0.23189690969368257, 0.1358427157568585, 0.09729352549498177, 0.1623191005970074, 0.19415329082746977, 0.21021805417478878, 0.3993430411978517, 0.10758509735300661]"
BFGS,14,61,14,0.2011204751365193,"[0.24639767194202575, 0.2498380966008412, 0.24589087950013477, 0.14283417442061438, 0.10339211604084299, 0.13913944926530572, 0.17079258927116442, 0.2000020520874653, 0.4277109720963353, 0.11156188955393695]"
BFGS,15,65,15,0.20055049325078214,"[0.24634566112739056, 0.2506979501363388, 0.24619252986183734, 0.14332288350097613, 0.10447385607236015, 0.13637601331468616, 0.1684581717944792, 0.2007489395605673, 0.4309879984972732, 0.1120179000185786]"
BFGS,16,69,16,0.20018665902988042,"[0.24662145648758385, 0.25121828504860255, 0.24812142370197, 0.1431016525202582, 0.1055980943601991, 0.13424415417625873, 0.16689482770511488, 0.1994831767657612, 0.4320428719540522, 0.11221859197218732]"
BFGS,17,74,17,0.2001271508858062,"[0.24662002418245318, 0.2513959498569438, 0.24821985945047254, 0.14307165598432056, 0.10574641976312849, 0.13390761949780705, 0.16680502413185463, 0.1994757395594767, 0.4322670339033226, 0.11225797578515533]"
BFGS,18,80,18,0.20012015264082822,"[0.2466194773515185, 0.25141617437304903, 0.24823334962932875, 0.14306744698502208, 0.10576676952191932, 0.13385847737294743, 0.16679720210563284, 0.19948025411233705, 0.43229235923263737, 0.11226247134347808]"
BFGS,19,88,19,0.20011981007508253,"[0.24661947153692723, 0.2514163782125581, 0.24823348703422368, 0.1430674040656506, 0.10576697683324494, 0.13385797525653106, 0.16679712463822668, 0.199480302940867, 0.4322926145178884, 0.11226251668662847]"
BFGS,20,94,20,0.20011341829965856,"[0.2466189783457598, 0.251436841532702, 0.24824739176789917, 0.14306303195784978, 0.10578815331383463, 0.1338064228469159, 0.16678955270317702, 0.19948579239377598, 0.4323184512458334, 0.11226710491977554]"
BFGS,21,100,21,0.20010800979305157,"[0.24662155627779095, 0.2514551354027673, 0.24824766776318116, 0.14306310277011192, 0.10579065877868707, 0.13381175749388036, 0.16677070016005388, 0.19946541096244425, 0.4323449611854925, 0.11227153132851764]"
BFGS,22,108,22,0.20003396082968194,"[0.24664970278242943, 0.2516966084046738, 0.24825792589633683, 0.1430628736999817, 0.10582460820508054, 0.13387931169544331, 0.16652532467989872, 0.19919699453524048, 0.43268368500980975, 0.11232825561279428]"
BFGS,23,119,23,0.20003260818109994,"[0.24664972077837158, 0.25169673541599324, 0.24825793070078303, 0.14306287348333094, 0.10582462560679308, 0.13387934649806357, 0.1665251990865673, 0.19919685442798946, 0.43268386098043327, 0.11232828510918708]"
BFGS,24,124,24,0.19973047449349848,"[0.24714456613065827, 0.25346941156092406, 0.24828628161700553, 0.14308789270971786, 0.10598650371453569, 0.13419869367500692, 0.1653702404352244, 0.1981135179317959, 0.43414967333100624, 0.11256400039234847]"
BFGS,25,129,25,0.19966145060151538,"[0.24701470240788068, 0.25383233329369403, 0.24830283689774196, 0.14311579001835498, 0.10604369105967915, 0.1343264955196674, 0.1649140481616545, 0.1978873628007046, 0.43456080116489765, 0.11262380906854462]"
BFGS,26,134,26,0.19959088140144587,"[0.2468847281974847, 0.2541955373893477, 0.2483194059430553, 0.1431437151788735, 0.10610092293850597, 0.1344544097312566, 0.16445745720753818, 0.19766108136421331, 0.43497222973417676, 0.11268365996032727]"
BFGS,27,140,27,0.19958746403892136,"[0.24687744328411626, 0.254238015411675, 0.24832056039878178, 0.14314522209470104, 0.10610606959215284, 0.13446330951265004, 0.16442515324429324, 0.19764325409407896, 0.43500313579459915, 0.11268807731322394]"
BFGS,28,148,28,0.19958585599141576,"[0.24687738182076477, 0.2542380210578415, 0.2483205601743599, 0.1431452201970862, 0.10610607377474347, 0.13446330456456856, 0.16442516931332504, 0.19764320462987534, 0.435003169054218, 0.11268808269242223]"
BFGS,29,166,28,0.19958585599141576,"[0.24687738182076477, 0.2542380210578415, 0.2483205601743599, 0.1431452201970862, 0.10610607377474347, 0.13446330456456856, 0.16442516931332504, 0.19764320462987534, 0.435003169054218, 0.11268808269242223]"
BOBYQA,1,1,0,0.31977291127904045,"[0.25, 0.25, 0.25, 0.25, 0.25, 0.25, 0.25, 0.25, 0.25, 0.25]"
BOBYQA,2,3,0,0.31973349164263776,"[0.25, 0.26, 0.25, 0.25, 0.25, 0.25, 0.25, 0.25, 0.25, 0.25]"
BOBYQA,3,10,0,0.31713898469998675,"[0.25, 0.25, 0.25, 0.25, 0.25, 0.25, 0.25, 0.25, 0.26, 0.25]"
BOBYQA,4,14,0,0.3170867278292424,"[0.25, 0.25, 0.24, 0.25, 0.25, 0.25, 0.25, 0.25, 0.25, 0.25]"
BOBYQA,5,15,0,0.31296987439112534,"[0.25, 0.25, 0.25, 0.24, 0.25, 0.25, 0.25, 0.25, 0.25, 0.25]"
BOBYQA,6,21,0,0.30402765389499875,"[0.25, 0.25, 0.25, 0.25, 0.25, 0.25, 0.25, 0.25, 0.25, 0.24]"
BOBYQA,7,22,0,0.2854151339167365,"[0.24985936986194196, 0.2500229938744937, 0.2484883268384948, 0.2461703651765432, 0.24686530336701804, 0.2482426185918845, 0.248734658419677, 0.24909812761112432, 0.25153375180156123, 0.23191625917573824]"
BOBYQA,8,23,0,0.24940946005974524,"[0.24952370834266013, 0.2500778448830214, 0.24493008613779876, 0.23747155136478834, 0.23968163214916965, 0.24413164115976138, 0.24575429502978471, 0.246969965624154, 0.2550288042430099, 0.21717103671098614]"
BOBYQA,9,24,0,0.18301695430048387,"[0.24867744899608613, 0.25021599959845875, 0.23615095529236027, 0.2170911397074493, 0.22265054627416342, 0.23408790381811678, 0.23839624967069525, 0.2417025254161862, 0.2631973414646144, 0.19335330935072875]"
BOBYQA,10,25,0,0.0676550497499148,"[0.24590653308714538, 0.250665902201462, 0.21055564250857378, 0.1719885829463324, 0.18259634368332078, 0.20635255598018482, 0.21690149161606587, 0.2261216057882583, 0.2805915900876095, 0.17541394705808191]"
BOBYQA,11,26,0,0.05581957393210863,"[0.23968043276296952, 0.2516540916033139, 0.17127605287759562, 0.13799543406508052, 0.14964845509954744, 0.17129316914776987, 0.1844286247584417, 0.20206241293880658, 0.29210940775848765, 0.179174901595169]"
BOBYQA,12,27,0,0.051890811617258906,"[0.25529316935842183, 0.24923731327230048, 0.21432664786595546, 0.09793136300755373, 0.1318536636360796, 0.1886371447443162, 0.2209240843306418, 0.2326407735007063, 0.30757506023741427, 0.17802129628573088]"
BOBYQA,13,29,0,0.029563098313640138,"[0.24240482300265495, 0.2512083414505691, 0.2146445284329129, 0.13263995638382714, 0.13835781702015704, 0.19297113309173303, 0.21519602296842777, 0.22138715404310735, 0.3005207686932951, 0.1700734404250693]"
BOBYQA,14,32,0,0.028461181648087138,"[0.2352499527078658, 0.2522432057625988, 0.21785858761938937, 0.12383932006042844, 0.15207930925308108, 0.19333369802724687, 0.21348018657471424, 0.21282060040846007, 0.29580460047740337, 0.17026422310790162]"
BOBYQA,15,34,0,0.027334799216503718,"[0.23055878782808423, 0.25358742412348484, 0.21222152904398273, 0.12739617414111143, 0.1534970917478771, 0.19229284744069902, 0.2146012655291216, 0.21797257197689662, 0.2959245372385529, 0.17118667511119945]"
BOBYQA,16,35,0,0.02704189653187572,"[0.23256921943555733, 0.2633647839236051, 0.21252996948642017, 0.12751329652800092, 0.15348760040119233, 0.19234645701303676, 0.21447941572378856, 0.21755534202088095, 0.2957459107720558, 0.17135622520092827]"
BOBYQA,17,36,0,0.023048006031604604,"[0.23816872999331912, 0.26175252537252697, 0.21318779548582234, 0.13275547371172808, 0.15425101635451788, 0.18967928542575196, 0.20990137746763046, 0.21648052957840283, 0.29566163644986077, 0.1742399000769094]"
BOBYQA,18,39,0,0.02212834577561426,"[0.24438980838125096, 0.25804356727039957, 0.21594004149647064, 0.13382444987487405, 0.15336862820785532, 0.1948147627703518, 0.21204959386995464, 0.21857367043316084, 0.29413268341644255, 0.17482191315376203]"
BOBYQA,19,40,0,0.0206990371139641,"[0.23702128246086485, 0.25561683903505616, 0.21959336896114595, 0.1369841937301891, 0.1513151049916978, 0.19350575597633968, 0.21099302114811408, 0.21564742375704687, 0.29327668735925216, 0.17519951330608416]"
BOBYQA,20,41,0,0.019838671280008196,"[0.2303224386572527, 0.25599730528958736, 0.22494511269261327, 0.13498112042039317, 0.15257444691456618, 0.19342913164151362, 0.21200015293272237, 0.21124196149127455, 0.29272411548088634, 0.17511169407470736]"
BOBYQA,21,42,0,0.01893465938555242,"[0.2213564210466193, 0.2655837220426868, 0.23772445150694532, 0.12993471238322196, 0.1540548574642185, 0.1918167895298919, 0.21466815403986034, 0.20621532768937828, 0.2922959391887509, 0.17636609940351955]"
BOBYQA,22,45,0,0.016947953521426362,"[0.21732664032334528, 0.26300187802241465, 0.2421903189595958, 0.1308809420169194, 0.1478256486251614, 0.18868159316368288, 0.2145894313882914, 0.20402962527455212, 0.2936129124566092, 0.17531480674806765]"
BOBYQA,23,46,0,0.015263742930226509,"[0.21637268905444912, 0.2611303864246178, 0.24825754679109546, 0.12940721011604517, 0.14832853937248297, 0.18763983697267753, 0.2092728998153975, 0.19907207398281707, 0.2921970954373185, 0.17466762730783936]"
BOBYQA,24,47,0,0.013987703448457563,"[0.2124044781468812, 0.26039502858697855, 0.25517735143617076, 0.12806739303009806, 0.14664881676430536, 0.18694985490376692, 0.20894987544077842, 0.19354834997292863, 0.29200602241407536, 0.17495714589759137]"
BOBYQA,25,48,0,0.01286855744481878,"[0.2077597899802823, 0.26411275035184495, 0.26118348283018294, 0.12865849780529792, 0.14683017818152297, 0.18464025077346774, 0.20431902945917807, 0.19424428390885384, 0.29156900673939534, 0.17412336350035046]"
BOBYQA,26,49,0,0.012082070366059313,"[0.20449552728688128, 0.2695299187997412, 0.2620633252790407, 0.12843354531542517, 0.1486077969579337, 0.18220861197963453, 0.20659487862987397, 0.18781404798822954, 0.289737081600273, 0.17459024659295586]"
BOBYQA,27,50,0,0.011825900830345999,"[0.19926776273304464, 0.2745280180290858, 0.26700089754885903, 0.12659708441364648, 0.14727888863104188, 0.18582240790023344, 0.20574950040078066, 0.18594595053052032, 0.29066687802523855, 0.17438341054868225]"
BOBYQA,28,52,0,0.010747871233710932,"[0.19389717363325587, 0.27399963557870133, 0.27050777747766996, 0.12697465193284335, 0.15032466915467818, 0.1806282952221827, 0.20478003619161034, 0.18175369054434232, 0.28875582349732853, 0.17426424227672865]"
BOBYQA,29,53,0,0.009843288215015,"[0.19556935001126655, 0.27741514614116564, 0.2773739801735907, 0.12600812450960408, 0.14874701256130596, 0.17957626042622107, 0.20435809492375132, 0.17597098255588503, 0.28827892147537787, 0.17412918729970212]"
BOBYQA,30,54,0,0.009413057148059135,"[0.18919698576718302, 0.2822556699500541, 0.27629962425981774, 0.12687755313686694, 0.1504563743845619, 0.18072656264146483, 0.2000175664158051, 0.17337152861043506, 0.28623365944699974, 0.17429227651520413]"
BOBYQA,31,56,0,0.009097465078865755,"[0.19018883007995557, 0.28144825978276977, 0.2775700536350986, 0.1245364903155449, 0.15055615601840017, 0.1820094202716141, 0.20088735423838897, 0.17512153011321205, 0.2772104284852916, 0.1722003026692909]"
BOBYQA,32,57,0,0.008995987154644995,"[0.18744175679310926, 0.2771685972491273, 0.2829698193354443, 0.12308949655617171, 0.14811846373890247, 0.18175537156865967, 0.20205952859068715, 0.1709367770430908, 0.28120491922505914, 0.1736278266667699]"
BOBYQA,33,67,0,0.008979912557504811,"[0.18938568788407956, 0.27840475953310373, 0.2885158209601216, 0.11823284770694895, 0.14952085661654324, 0.17948583970214022, 0.20776245477553373, 0.17025798206926945, 0.2816771037289702, 0.17347520266072752]"
BOBYQA,34,68,0,0.008645464550539373,"[0.18462993455484428, 0.2800535004467031, 0.29569496020692104, 0.11682051210560088, 0.14939945020196804, 0.17840278186016612, 0.20764509963126165, 0.1658188949350904, 0.2812106961054357, 0.17340326655750937]"
BOBYQA,35,71,0,0.008396322358179054,"[0.18051620618196856, 0.28416889459032185, 0.29172803065621533, 0.12012718608743303, 0.15043962882061687, 0.17465455372038172, 0.2067063092578852, 0.1614215016227385, 0.2791814190173278, 0.1733522716662882]"
BOBYQA,36,72,0,0.008369214743160075,"[0.18346424085450566, 0.2867462212605118, 0.2860572570592016, 0.12413127542715607, 0.15096671797797948, 0.17548953231963402, 0.2047355946498477, 0.16701993032376114, 0.2796529909818473, 0.1731230079969706]"
BOBYQA,37,75,0,0.008328757412367611,"[0.18418096736367304, 0.2875366795905256, 0.28723408329046246, 0.12492202838450982, 0.15098360483796422, 0.17501468286787505, 0.20339891873783222, 0.1667049036489377, 0.27876214327288107, 0.1726803485190849]"
BOBYQA,38,76,0,0.008300824111824787,"[0.18310175509012608, 0.28863793626161777, 0.2878520411138425, 0.12366237999639512, 0.15141445947428187, 0.17624878449977777, 0.2032737800456933, 0.16637547438093828, 0.2786171007090861, 0.17290414629419804]"
BOBYQA,39,77,0,0.008299401023591668,"[0.18268066284950485, 0.28806066443834094, 0.28746554972676236, 0.12486163389153021, 0.1512797185847403, 0.1751776557002116, 0.20418700785431126, 0.16491435144634317, 0.27874938967053287, 0.17290021853056614]"
BOBYQA,40,78,0,0.008210214918609699,"[0.18233881273871824, 0.28797002844517433, 0.2874149177769981, 0.12469816862273263, 0.1512774134408805, 0.1749755858788426, 0.20427301870742462, 0.16511234572708594, 0.27792100145624243, 0.17263193702165022]"
BOBYQA,41,79,0,0.008180474225919712,"[0.1821268913856016, 0.2878525958420618, 0.28767040258138815, 0.12445950380328033, 0.15076316255637082, 0.17478264369830246, 0.20483656384062485, 0.16546732616184456, 0.27765580688060737, 0.17269077999989843]"
BOBYQA,42,80,0,0.008175874796680638,"[0.18203595288577093, 0.28719207125238505, 0.2882201077755412, 0.12416161499381649, 0.15087334748964382, 0.17446127242337703, 0.2049631980748432, 0.16532246946562507, 0.27755901420622214, 0.17274288741779964]"
BOBYQA,43,81,0,0.008144938787571897,"[0.1820741947958096, 0.28681787522807317, 0.2887399941679051, 0.12385128358734876, 0.15065568256170098, 0.1742974313471714, 0.20496715655723308, 0.16467759526751521, 0.2775162871973493, 0.17274164986618343]"
BOBYQA,44,82,0,0.008130076981006098,"[0.18197586591099113, 0.285670100652443, 0.2899690551961745, 0.12336528139668478, 0.15045838583565382, 0.1739294928418948, 0.20507153137878126, 0.1638351285600887, 0.27734873738796467, 0.17268566882910694]"
BOBYQA,45,85,0,0.008119272098071117,"[0.18162853376802665, 0.2856415161174528, 0.28967759353120404, 0.12311611335353277, 0.15044608830931105, 0.17384885047304258, 0.2046262696436615, 0.16323052332942392, 0.27694795762025154, 0.17266506906643753]"
BOBYQA,46,86,0,0.0080866847046951,"[0.18101261477159886, 0.28541439348956577, 0.29011215973702115, 0.1232541253082197, 0.15076958492892215, 0.17364134535468528, 0.20497237055147474, 0.1629843665616245, 0.2767801203551111, 0.17273512074400196]"
BOBYQA,47,87,0,0.008080584079179597,"[0.18105548910815808, 0.28502085124119186, 0.29053385920654473, 0.12296624818363479, 0.15091139401599624, 0.17350985142448802, 0.2053630775345763, 0.1623590589971293, 0.2767938897673093, 0.1726986372665548]"
BOBYQA,48,91,0,0.008047467787199369,"[0.18061746106516835, 0.2852394901469108, 0.29069618627937144, 0.12314374105147037, 0.15091085599924514, 0.173241261153944, 0.2056465903075925, 0.16166985723424632, 0.2765391392238894, 0.1725983514696259]"
BOBYQA,49,94,0,0.008023581347012873,"[0.18047743252005452, 0.2852800388363171, 0.29070192062177863, 0.12335772488308129, 0.1509700010580429, 0.17247813348118754, 0.20575810468728362, 0.16156900533830462, 0.27596975069739293, 0.1725824138204455]"
BOBYQA,50,95,0,0.007990065766524095,"[0.1798786403399638, 0.2856685190530279, 0.29054897498002336, 0.12352763233256281, 0.15114315408693352, 0.1724063842421053, 0.20551475856000923, 0.1610351834539552, 0.2757347958409458, 0.17252114976569505]"
BOBYQA,51,96,0,0.007931959685948705,"[0.17920317651643122, 0.28615047995637677, 0.2901384993447223, 0.12434239067187454, 0.15107578716748143, 0.1716659480752015, 0.2060937074626005, 0.15981513543131162, 0.27543035252680664, 0.1724212891022674]"
BOBYQA,52,97,0,0.007834519282395978,"[0.17756138509275476, 0.2884299965627228, 0.29046507813724093, 0.12532025180280243, 0.151452056087374, 0.17012141239235923, 0.20588391794265098, 0.1583742764088223, 0.27391048454020395, 0.17212429579306113]"
BOBYQA,53,98,0,0.007736151168487564,"[0.17461544471453294, 0.29344734568270026, 0.288482914798495, 0.12867881177646312, 0.1514605120163174, 0.16698735872057616, 0.20756791343856165, 0.15748643559894857, 0.2727044109666755, 0.1719302159665977]"
BOBYQA,54,105,0,0.00766705710852906,"[0.17479130038108767, 0.29307999768931897, 0.2878754147614328, 0.12889223243623454, 0.15146384256280823, 0.16666141078201596, 0.20760048684213345, 0.15706663642396962, 0.27235254148642485, 0.17181990773030184]"
BOBYQA,55,106,0,0.007597520140024181,"[0.1745724159463047, 0.29236130048000164, 0.2867376098699603, 0.12976437308321853, 0.15148940367239092, 0.16632486783771233, 0.20722183340783354, 0.1562426887341277, 0.2717134495376319, 0.17163092787753906]"
BOBYQA,56,107,0,0.007498641606912071,"[0.1733453934412993, 0.2918779500893613, 0.28622518879456005, 0.13089067852672837, 0.15256382797434714, 0.165248512150999, 0.20631509297794567, 0.15378440594031534, 0.2698452709436212, 0.17138334767666893]"
BOBYQA,57,110,0,0.007496129850731616,"[0.17301835308872154, 0.29321193363256226, 0.28598003814380746, 0.1317640240723359, 0.15251392525323407, 0.16451906751184434, 0.2060908792254431, 0.15321105085792, 0.26925213418772936, 0.17122428039850585]"
BOBYQA,58,112,0,0.007440224474696327,"[0.17264821612017023, 0.29308241553305575, 0.285555985508833, 0.13184036935592092, 0.15279840066697117, 0.16461275682838653, 0.20662755350439801, 0.15343406496302053, 0.268770664256399, 0.17126037236799455]"
BOBYQA,59,113,0,0.007390134845734919,"[0.1721914323251994, 0.29313265987685716, 0.2841816774997951, 0.13300292394339985, 0.15299275878489046, 0.16403248714022003, 0.20659230439157886, 0.15339318640644747, 0.2683965183412548, 0.17108378899724028]"
BOBYQA,60,114,0,0.007298373538002088,"[0.17195875505080896, 0.29414349126101597, 0.28158312405835023, 0.13506723336136744, 0.15360671447423763, 0.16344095852672216, 0.20550578927289406, 0.1541881079801378, 0.2672620212980576, 0.17079416649105947]"
BOBYQA,61,115,0,0.007254303570937161,"[0.17173312572329508, 0.2949485576568169, 0.2786761549242911, 0.13724076399053714, 0.1535443253539515, 0.16252126666960848, 0.20586504544386797, 0.15524684626747404, 0.26742478432163114, 0.17078742194231233]"
BOBYQA,62,116,0,0.007129392165380124,"[0.17197639206733567, 0.2943002918015445, 0.2767802309004798, 0.13827775232844605, 0.1547738434819948, 0.16289103911100408, 0.20311146332467214, 0.1552714508931801, 0.26617829496056467, 0.17053110561020385]"
BOBYQA,63,117,0,0.00691443949051977,"[0.1723290787534051, 0.2944763229437577, 0.2714993596002805, 0.14178784312785206, 0.15602801683828196, 0.1621779967542578, 0.19975686546582058, 0.15781988486160337, 0.2642506264801945, 0.1702291825029004]"
BOBYQA,64,120,0,0.0068793703409224475,"[0.16958652963351817, 0.2961532968242225, 0.2701629366606599, 0.14509872267644686, 0.15646894679721954, 0.15705312828012735, 0.20072945834859146, 0.15701116008353733, 0.260710453597284, 0.16965757036044277]"
BOBYQA,65,122,0,0.006814239345835675,"[0.1699628867898335, 0.29899206856343097, 0.2701191801097685, 0.1457818438990543, 0.15602131834123337, 0.15813775184905104, 0.19860279210605536, 0.15598673977258543, 0.2601088063363014, 0.1697998933553663]"
BOBYQA,66,123,0,0.006625091355390722,"[0.17129027786164527, 0.2974282543130204, 0.2677262181850173, 0.14663927226066706, 0.15614505230920733, 0.15767756391669036, 0.1986367232141823, 0.1580542747817315, 0.25923330711129594, 0.1695516323857588]"
BOBYQA,67,128,0,0.006483920610614329,"[0.17088979037529856, 0.2973961522301299, 0.2671696719172091, 0.14640658875037396, 0.15586419761211576, 0.15809429674909176, 0.19880787478112652, 0.15769772081957778, 0.2589796232725878, 0.16951463003334996]"
BOBYQA,68,129,0,0.0063895722338079925,"[0.17025580735914048, 0.297162709045814, 0.2659369403833119, 0.14672816516911558, 0.15597812973280578, 0.15885094895520255, 0.19901731288918584, 0.1566278077405103, 0.25861773251778164, 0.16939019104530437]"
BOBYQA,69,130,0,0.0062671684018254115,"[0.169755784782349, 0.29553365681326305, 0.2642559674191295, 0.14813518724620184, 0.15679340966032068, 0.15813915288947064, 0.19724019194992795, 0.155381792140564, 0.25707805534684797, 0.16919492067774577]"
BOBYQA,70,131,0,0.006072236439564292,"[0.16901411614539769, 0.292906175443337, 0.26094503900180516, 0.15090022434773545, 0.15901598252346946, 0.15823839589402186, 0.19348779208962716, 0.15239585518802265, 0.2539567680891225, 0.16869476622278556]"
BOBYQA,71,132,0,0.005653386110114847,"[0.16761354795058023, 0.2858195533475349, 0.2532798723978124, 0.15615599247742926, 0.1625501865702799, 0.15752040083566296, 0.18645013718415232, 0.148018117347176, 0.24806786679286572, 0.16766429569638744]"
BOBYQA,72,133,0,0.005600573393724314,"[0.17022423104165607, 0.2643395258105663, 0.24847257963827193, 0.1568881344736656, 0.16991462798664453, 0.16397869373124227, 0.1688107079021673, 0.13939389643956995, 0.24100597682864, 0.16676698348420646]"
BOBYQA,73,137,0,0.005103643365365793,"[0.1722232675023646, 0.2633332138702202, 0.24232220117403883, 0.16056600106591312, 0.16962110751311152, 0.16558844368457967, 0.16977167430946916, 0.14137833932605628, 0.24069993215602337, 0.16669807009056545]"
BOBYQA,74,140,0,0.005006996400356595,"[0.17206588623102226, 0.26166375008072196, 0.24128161550358818, 0.161030599006655, 0.16951097675109092, 0.1662151643387499, 0.16760306299920716, 0.14374365246240822, 0.23962952855058411, 0.1664950939410886]"
BOBYQA,75,141,0,0.0049103121884547215,"[0.1730227936032502, 0.25982204254165303, 0.239673776490648, 0.16158847147685043, 0.17065499490362732, 0.16700390478027438, 0.1657626281233956, 0.14215551845238716, 0.23868001803636757, 0.1662621900187253]"
BOBYQA,76,144,0,0.004857174163119792,"[0.17417325920468632, 0.25892298160934374, 0.23767431499736172, 0.1627376108047977, 0.1707147265371887, 0.16808798030545188, 0.16334145245144424, 0.14323393166156073, 0.23926665542188, 0.16622031922758285]"
BOBYQA,77,148,0,0.004792512348014747,"[0.17373062758232796, 0.25917599954210324, 0.23721598741817312, 0.16244575772124697, 0.17028857993110966, 0.1684460896283791, 0.16330453510377654, 0.14287703263048926, 0.23932169282823998, 0.1662769287523126]"
BOBYQA,78,149,0,0.004765934264439683,"[0.17396767734649535, 0.25891313651354997, 0.2369085405065774, 0.16271935169545004, 0.17016933629643546, 0.16862253076286243, 0.164042038515625, 0.1425372519956384, 0.2393178807054833, 0.16630154497505797]"
BOBYQA,79,150,0,0.004755666886275584,"[0.17330012707780734, 0.25877189055794797, 0.23689776002194912, 0.16294616005904441, 0.16993255790384032, 0.1686222179618182, 0.16390314069587908, 0.14302472741849484, 0.2389189155135291, 0.1661980764073634]"
BOBYQA,80,153,0,0.004742575196227595,"[0.17371514262060953, 0.2595829740941641, 0.2367861363327637, 0.16302160440993174, 0.17003545311407617, 0.16881745644145013, 0.16374466538966023, 0.1429081140733465, 0.2386721571521004, 0.1661393769495945]"
BOBYQA,81,155,0,0.004709475581875487,"[0.1740559445975018, 0.25946048376786207, 0.2362516114034843, 0.16314757716771142, 0.17003717374524496, 0.16927588930215504, 0.1634171203437448, 0.1434074650995225, 0.2386935267429382, 0.1661419429932265]"
BOBYQA,82,156,0,0.004682798429659997,"[0.17406080500930457, 0.2593594712950296, 0.23607380853428833, 0.16276234002660825, 0.17033487623301158, 0.1697730169028804, 0.16365192457450933, 0.14395246895388394, 0.23902164246464994, 0.16626096636923382]"
BOBYQA,83,157,0,0.004662026267043056,"[0.1744880848519438, 0.25886453599550785, 0.23548931390502215, 0.16301885814891304, 0.17027879480496105, 0.16993646484625, 0.16341704991606515, 0.14422320243059777, 0.23909391336745273, 0.1662223748429495]"
BOBYQA,84,158,0,0.004616008647628513,"[0.17450282928047148, 0.25891699092938636, 0.23477140243998154, 0.1631185753537494, 0.1703747848503509, 0.17042343069022953, 0.1631968356546753, 0.14464068804447316, 0.23906060473248283, 0.16618439006613733]"
BOBYQA,85,159,0,0.0045603702615541475,"[0.1742550714806172, 0.2595350761444196, 0.2336734015043316, 0.16353472882853198, 0.17062418337146332, 0.17070248238421656, 0.1623955121989502, 0.14579608122833787, 0.23882094542640384, 0.16612748464416144]"
BOBYQA,86,160,0,0.004517537889162002,"[0.17482194658101977, 0.25901836304784165, 0.23230168606756263, 0.16376836924506719, 0.17070049247777308, 0.17165824677113345, 0.1621781362140498, 0.14650152149675444, 0.23890261807090254, 0.16619524715356304]"
BOBYQA,87,161,0,0.00446792963411842,"[0.17424919091803778, 0.2580905010342783, 0.23122725955044424, 0.16428895159335366, 0.1711296477762604, 0.17193404562151451, 0.1614011198788611, 0.1459573554954956, 0.23846907893956698, 0.16600144768063532]"
BOBYQA,88,164,0,0.004449436812800235,"[0.17418757154064918, 0.257959221368781, 0.2303901354371996, 0.16458015914892526, 0.17135399427209697, 0.17219854925248007, 0.16164461498776633, 0.14594862765770772, 0.23835238181441723, 0.1659908506461437]"
BOBYQA,89,165,0,0.004430773534199921,"[0.17410868764757395, 0.2577550076322628, 0.23016048521549906, 0.16426280927313455, 0.1715529703607342, 0.17285135225477735, 0.1611198385451799, 0.14613947941642488, 0.23847511421827877, 0.16606832785649986]"
BOBYQA,90,166,0,0.004404738146076955,"[0.17443817788876811, 0.25768021553761405, 0.22945178031234426, 0.16451335417628227, 0.1715469712707436, 0.1729134445054113, 0.1606346571804079, 0.146335351809328, 0.23828200704647512, 0.16599178918789526]"
BOBYQA,91,167,0,0.004401089705065276,"[0.17432608385348386, 0.25720394225480825, 0.22888822645353363, 0.1647874163611071, 0.1715799894845901, 0.17329717516588994, 0.16046453900144877, 0.1467358577379598, 0.23811822063421914, 0.1659336080083825]"
BOBYQA,92,171,0,0.00439023246947693,"[0.17476850913919126, 0.25697671172034336, 0.22865752793737382, 0.16446213336306792, 0.17133809952255064, 0.1737463532565135, 0.1606232261427699, 0.14636035153908045, 0.2377240078866489, 0.16604192883373814]"
BOBYQA,93,173,0,0.004346679439690138,"[0.1740147763248967, 0.2569307394653048, 0.2285609172998665, 0.1645740564031323, 0.17167344788102298, 0.17400769286039308, 0.16037211199121768, 0.14602074841406462, 0.23753481869601492, 0.16592802117518804]"
BOBYQA,94,178,0,0.004308617522895293,"[0.17388280787858654, 0.25714974516902916, 0.22816573794083372, 0.16501981086004006, 0.17166378346230293, 0.17355252573952928, 0.16033073187819935, 0.14613557363918128, 0.23694665462322856, 0.16582007471735732]"
BOBYQA,95,179,0,0.004277465282902285,"[0.17371734109435266, 0.25740130732006483, 0.2274361155517513, 0.16508021359383018, 0.17206351023837468, 0.17348693976655633, 0.1603552796099799, 0.14636334352754476, 0.23655229803257352, 0.1657846056118053]"
BOBYQA,96,180,0,0.004242973182072765,"[0.17343606091846656, 0.2579960598772375, 0.2258422199339099, 0.16549297125307538, 0.17230365197723582, 0.17376572550600186, 0.1602390558279988, 0.14701120895548633, 0.23602401754712854, 0.16569202409222855]"
BOBYQA,97,181,0,0.004224454087344951,"[0.1733818382405383, 0.25742427135570173, 0.22439112694136545, 0.16550761754112522, 0.17295216595715288, 0.17465951208269923, 0.16019245039229035, 0.14710048773789106, 0.2354702905334979, 0.16552453916457505]"
BOBYQA,98,184,0,0.004209007176244509,"[0.17306715322206243, 0.2574754436935193, 0.22408675536359923, 0.16560008382759595, 0.17308427976279284, 0.17430145902802083, 0.16095610916414, 0.14699691527642775, 0.23523863741289786, 0.16546175804465701]"
BOBYQA,99,185,0,0.004156346137249835,"[0.17285256499048024, 0.2576831081861197, 0.2240770222212628, 0.16572305482888164, 0.17349651488388948, 0.17384132602893754, 0.1605044576772902, 0.14683148592801662, 0.23470875346365408, 0.16541912423534993]"
BOBYQA,100,186,0,0.004076063014044901,"[0.17212120614142357, 0.25821908427717466, 0.2238646090841595, 0.16598909270531856, 0.17389434207890284, 0.17262314490592923, 0.16053264630650427, 0.1464492001304183, 0.23358773579488787, 0.16529224239221818]"
BOBYQA,101,187,0,0.003961626681653668,"[0.17096321100700837, 0.2605251255991258, 0.2234579247824499, 0.1664231100233389, 0.17518113350375075, 0.17019259448461596, 0.16054311613592298, 0.14683129985361784, 0.23247268049814723, 0.165106253456173]"
BOBYQA,102,188,0,0.00386559484637538,"[0.16949275166334649, 0.26130802026438127, 0.22278648147238472, 0.1673266197590094, 0.17574600413860422, 0.1677064714005114, 0.1605380995246729, 0.14690942246766056, 0.23014947464511948, 0.16487310386368734]"
BOBYQA,103,189,0,0.003718098137349668,"[0.16854935105187144, 0.2637246480538509, 0.2204434710679808, 0.1677299789603163, 0.17692275435750743, 0.16759183362505456, 0.16092798617767445, 0.14762217082482598, 0.22895049056941155, 0.16452375950760673]"
BOBYQA,104,192,0,0.0036410543329858168,"[0.166989691936467, 0.26449700140947924, 0.2201951947880758, 0.16819776841316472, 0.17833668359106536, 0.16540550718347619, 0.16146825778379925, 0.14632950107527182, 0.2269685605382821, 0.16438124168527762]"
BOBYQA,105,193,0,0.003567877355448825,"[0.16592610265095425, 0.2662588045748477, 0.21814675026277394, 0.16885183273136958, 0.17906321598199465, 0.16419487216390954, 0.16113539136718893, 0.14766638294523032, 0.22518638903346025, 0.16411063605183285]"
BOBYQA,106,196,0,0.0034849080173851837,"[0.16549775139777984, 0.2657991554406096, 0.21678938635904269, 0.16914179403100119, 0.17953963499834671, 0.16426925931350078, 0.16192173736986135, 0.14736352968466748, 0.22435223587836434, 0.16390977936614254]"
BOBYQA,107,197,0,0.0033136550242917704,"[0.16447746798014165, 0.2648470834825178, 0.21438434710353194, 0.17009496132888186, 0.18092757131193624, 0.16404116692541332, 0.16163864407004197, 0.1464070926314056, 0.22230168084928034, 0.16348345075184323]"
BOBYQA,108,198,0,0.002976322268870086,"[0.1627756041486795, 0.26104718012240014, 0.21148153883950127, 0.17146517834063651, 0.1827615919250364, 0.1627525070613829, 0.16154967007793675, 0.1424137673208797, 0.21845491326795044, 0.16271915801359874]"
BOBYQA,109,199,0,0.002933974264849032,"[0.1609353235482525, 0.25730495951982446, 0.20686882811039978, 0.17251100543406714, 0.18508613055733628, 0.16469300826532332, 0.16154565809018948, 0.14066277029364638, 0.21507502202813553, 0.16195784241565261]"
BOBYQA,110,202,0,0.0029158990518088255,"[0.16172140011988506, 0.2566547975116863, 0.2061238910636033, 0.17262120858620958, 0.18526961432161773, 0.163876172922275, 0.16100147248405489, 0.14182153270238718, 0.21529887791931854, 0.16200714784144082]"
BOBYQA,111,205,0,0.002913189642598295,"[0.16197971615559983, 0.2568146551563656, 0.2063966924022599, 0.17238171279625109, 0.18535715038835174, 0.1640587253286654, 0.16139165112323342, 0.14171221199311546, 0.21462875690523492, 0.161658293932436]"
BOBYQA,112,207,0,0.002887063213353814,"[0.16136533245220186, 0.2564039360887563, 0.20663658506033267, 0.17202454658715308, 0.18543150631262922, 0.16423428711499877, 0.16115963683385756, 0.14141348892686098, 0.2149092508335926, 0.16176140860284777]"
BOBYQA,113,210,0,0.002867782810491711,"[0.16112408286962004, 0.2559169927913738, 0.20621813594836033, 0.17213167813439356, 0.18572758925763247, 0.16419027500938047, 0.16118497890901418, 0.1410033998459823, 0.21441118141776774, 0.1616536243621544]"
BOBYQA,114,211,0,0.0027790600818201,"[0.161062608953925, 0.25610102980227817, 0.20630039051758225, 0.1724170830689393, 0.18539648057964722, 0.16384771426585099, 0.16139653482675387, 0.1402692243025968, 0.21416645811887844, 0.16171269718150166]"
BOBYQA,115,212,0,0.0027425698225762712,"[0.16069788526290782, 0.2558953521681301, 0.20649820345143863, 0.1723406652782516, 0.18557431859952725, 0.16385012694611056, 0.16160211022674775, 0.13949403220483841, 0.21385288382422085, 0.16163171168670784]"
BOBYQA,116,213,0,0.002648446813829303,"[0.1603904780232432, 0.2549631848276897, 0.20713784232143292, 0.1723547283355927, 0.18561615477161675, 0.16354159250678565, 0.16163129652129152, 0.13800307696196148, 0.21331072846596177, 0.16151966878981722]"
BOBYQA,117,214,0,0.002589228700546194,"[0.1600632374459826, 0.25317025366692514, 0.20895380486079088, 0.17171599514057606, 0.18550838956675153, 0.1642010456981344, 0.16210010448899845, 0.13512185625263462, 0.21327972539737736, 0.16158247556433428]"
BOBYQA,118,217,0,0.00250022929897282,"[0.15944540169274454, 0.25312245892436896, 0.20929275451367996, 0.17193900120802805, 0.18567492255509604, 0.16300148455994137, 0.16198209544675743, 0.1341351472411363, 0.21229477902843405, 0.16141798923145662]"
BOBYQA,119,218,0,0.0023956426511835757,"[0.15849596298217022, 0.2512782800270972, 0.20904682022245935, 0.1721200283447689, 0.1865809982582191, 0.1626554759107145, 0.16225633957963737, 0.13156611234505147, 0.21032545603471878, 0.16108596894674548]"
BOBYQA,120,219,0,0.0022608881170188325,"[0.1567415811607975, 0.2465046738744665, 0.20812403573397853, 0.17227029830095944, 0.18796965357760803, 0.16326135386028462, 0.16248886348687777, 0.12643660554790068, 0.20745144282534456, 0.16050338376882348]"
BOBYQA,121,220,0,0.0020225962581725417,"[0.15208844397339621, 0.2397395937133388, 0.202912820637901, 0.17380052106410668, 0.1924683947294849, 0.16183562889219832, 0.1633086241143647, 0.11881886801880898, 0.1987549518528022, 0.15892813495480593]"
BOBYQA,122,229,0,0.0019395342596287427,"[0.15216159111381675, 0.24085157093962464, 0.20273057532944075, 0.17333252289606746, 0.1925661938099507, 0.16252435819193511, 0.16452905878130372, 0.11863709892119075, 0.1980709316691134, 0.1587503052467673]"
BOBYQA,123,231,0,0.0017351212664742932,"[0.15239809456019765, 0.2412034268876609, 0.20256163701100002, 0.17320229853146601, 0.19222161722000738, 0.1623739108123003, 0.16385776036699265, 0.11846351188590343, 0.19769127374401174, 0.15865820003104522]"
BOBYQA,124,236,0,0.0017183286810806032,"[0.15213314858274074, 0.24076145277206848, 0.2024437275048396, 0.17323579056520183, 0.19239313759450657, 0.16232244109089375, 0.1639400948562273, 0.11781427168517299, 0.1971897700309968, 0.15857118284544855]"
BOBYQA,125,239,0,0.0017145207697138141,"[0.15174237966555112, 0.24078626182432925, 0.2018513403388287, 0.17353172642694584, 0.19253905103298655, 0.16222929825417978, 0.1642296987369982, 0.11754160223486947, 0.1967273344887361, 0.15864961490758694]"
BOBYQA,126,242,0,0.0016872434777887313,"[0.1519445711479884, 0.24091980039873673, 0.20185549788902868, 0.17322779328145047, 0.19241870548408135, 0.16267511769847612, 0.16398583528111454, 0.11756291785522255, 0.19603493871930688, 0.15833926068890017]"
BOBYQA,127,246,0,0.0016741796116525984,"[0.15174927793985532, 0.2409699824859018, 0.2020487530405561, 0.17350002893314045, 0.19228994262324747, 0.1625952077974596, 0.16396062168325018, 0.11741933737602432, 0.1962171138861927, 0.15848236267972265]"
BOBYQA,128,248,0,0.0016710662736037904,"[0.15177069239371668, 0.24079978979762728, 0.20192796366113006, 0.17354909978923297, 0.19232854369406505, 0.16270186484655133, 0.16392858821561282, 0.11738746566874228, 0.19618520625467858, 0.1584700325373097]"
BOBYQA,129,249,0,0.0016683868307017426,"[0.15183461952658936, 0.24080225523106885, 0.20175178930632562, 0.17347135274154885, 0.19239826416986341, 0.16258359862642843, 0.16394292587412482, 0.1173514494473853, 0.19617645964460856, 0.15844006333314278]"
BOBYQA,130,251,0,0.001663725578273426,"[0.15183672842153612, 0.24076933674357376, 0.20177093791380965, 0.17347869100428262, 0.19242532094279924, 0.16257853603694772, 0.16398490339725805, 0.11742114423686538, 0.1961431033012325, 0.15843880399674393]"
BOBYQA,131,254,0,0.0016610352465409991,"[0.15183352161724026, 0.24077590995516313, 0.20177910659378748, 0.17345169330882232, 0.19247888559750573, 0.16263182305954535, 0.16403262084375095, 0.11739287773474195, 0.19613720115224648, 0.1584205984430044]"
BOBYQA,132,255,0,0.0016580604347282227,"[0.15184253350533078, 0.24080744643820756, 0.20177043142285417, 0.17344584210412353, 0.1925091027839422, 0.16265792159862438, 0.16400467967583487, 0.1174170927051024, 0.1960623710230463, 0.1584046639855395]"
BOBYQA,133,256,0,0.0016503858315432647,"[0.15186420985394114, 0.24088248978432344, 0.2016904460231054, 0.17343978003589075, 0.19256263680786034, 0.16271386293333423, 0.1639934055785089, 0.11742818018288217, 0.19591801274683024, 0.1583851820637058]"
BOBYQA,134,257,0,0.0016391772721418563,"[0.1519081030048118, 0.24101571233666996, 0.2014840451949044, 0.17350938520376788, 0.19260546809736614, 0.16286282531437235, 0.1640146222862973, 0.117423208802326, 0.19566389013494723, 0.15832352587126636]"
BOBYQA,135,258,0,0.0016290702296287629,"[0.15183166654077887, 0.24099263248534525, 0.20134611892730722, 0.17355760582572308, 0.19267477905534106, 0.16283056737060334, 0.1639833349007045, 0.1173427359161918, 0.1953284264387027, 0.15824327225748908]"
BOBYQA,136,259,0,0.0016219347738484075,"[0.15180244533323953, 0.24084613889514728, 0.2012238045556876, 0.17355935501247316, 0.1927260687044486, 0.1630284144395843, 0.16393166395248115, 0.11715107419373288, 0.1951296052584667, 0.15819839655543028]"
BOBYQA,137,260,0,0.0016131513167955169,"[0.15177091556878708, 0.24068833649350319, 0.20116145277925263, 0.17367735091343328, 0.19268188047101723, 0.16291999370128268, 0.16405470561900035, 0.11704079285915844, 0.19485741259343442, 0.15816381662627238]"
BOBYQA,138,261,0,0.0016079708787675603,"[0.1516200717567094, 0.24059801472929265, 0.20101586285461656, 0.17367411586743012, 0.19284207419299787, 0.16292835415474274, 0.16389944923580735, 0.11690858088521695, 0.1946623712291196, 0.15811358096686523]"
BOBYQA,139,262,0,0.001602585121536998,"[0.15159637378235735, 0.24066575081911337, 0.20091836017435977, 0.17373598859313594, 0.19267247594464865, 0.16318372205842108, 0.1639544158961773, 0.11682839649355141, 0.1944751183429495, 0.1580585866450342]"
BOBYQA,140,263,0,0.0015970614382665542,"[0.15177410343156586, 0.2407107108028206, 0.20095005125989707, 0.17367563176280762, 0.192843396031233, 0.1631907774635702, 0.16407182342378945, 0.11658724837071194, 0.1943320478930143, 0.15804998741751217]"
BOBYQA,141,265,0,0.0015912510046682646,"[0.15171651794170657, 0.24079361906531133, 0.20081972121364067, 0.17364928467636898, 0.19287094471247448, 0.16325430809706, 0.164067657489087, 0.11655730554665299, 0.19425623433511224, 0.1580240384882215]"
BOBYQA,142,266,0,0.0015905577028094704,"[0.15161724347407088, 0.24079217948987938, 0.20075478746990724, 0.17368422549087073, 0.19291433620352288, 0.16319868064851237, 0.16418106215055825, 0.11660824130387247, 0.194193727119381, 0.15800491256465646]"
BOBYQA,143,268,0,0.0015845339407083263,"[0.15163848423711285, 0.24082343295535158, 0.20070919188660355, 0.17369817144623195, 0.19287469803802854, 0.16314969986641978, 0.16415159441780972, 0.11659994391359846, 0.19415749143369826, 0.1580137490764045]"
BOBYQA,144,271,0,0.001577047277420985,"[0.15163893037159396, 0.2408352048554014, 0.20070816160800278, 0.17366229937265965, 0.1928677818452661, 0.16317260070686398, 0.16415287050689653, 0.11665240675449816, 0.19408836424232373, 0.15803539456821084]"
BOBYQA,145,272,0,0.0015702697242653738,"[0.15166017913193966, 0.24088246285891926, 0.20065556473395194, 0.1736210370671079, 0.1929169114298919, 0.1631978163406245, 0.16417194117132655, 0.11674172936562748, 0.1939425176301922, 0.1580218607355882]"
BOBYQA,146,273,0,0.0015583274887204786,"[0.15170879398915432, 0.241005914746178, 0.20044338519242721, 0.17363690846594187, 0.19305368427587524, 0.16318873785091956, 0.1642678345009481, 0.11675424809636605, 0.19368806507399505, 0.1579567716809515]"
BOBYQA,147,274,0,0.001537358938303805,"[0.1517084049771285, 0.24127087660669164, 0.20019484555801217, 0.1736706528009982, 0.19321321313149517, 0.16295249281432647, 0.16458582390653265, 0.11677297223620074, 0.19312591107668675, 0.15786655923246098]"
BOBYQA,148,275,0,0.0015178071462517836,"[0.15190528211113602, 0.24149190877960533, 0.19983978199011534, 0.17364262815444378, 0.19349168492995233, 0.16285298038834928, 0.16482069495664853, 0.1168586734831404, 0.1926094950283867, 0.15777230033225145]"
BOBYQA,149,276,0,0.0014834649084090896,"[0.1518382287680121, 0.2422874462911563, 0.19921121916984605, 0.1739182590674732, 0.1934949250460334, 0.16276443914842903, 0.16536249146540918, 0.1167788078630013, 0.19155755182898165, 0.15757941752023832]"
BOBYQA,150,277,0,0.001430822226497854,"[0.15195773931398124, 0.24273605668533518, 0.19758137084237895, 0.17428375608653573, 0.19383646647751696, 0.16330194312945537, 0.1657399770678997, 0.11633534190201852, 0.1890584426948748, 0.15708524414955502]"
BOBYQA,151,278,0,0.0014266912138040388,"[0.15165644853003635, 0.24272773611176837, 0.19626104002123232, 0.1750818393734414, 0.19307174262607343, 0.16527729634853064, 0.16535641721590505, 0.1157224394004923, 0.18744835969965373, 0.15667660442505363]"
BOBYQA,152,283,0,0.0014149415110850264,"[0.15157776710887125, 0.24277689235783173, 0.19641917385368357, 0.17490534880276343, 0.19301846021643806, 0.1653904541123943, 0.165578771595364, 0.11556499076798514, 0.18740364426926856, 0.15673459546380772]"
BOBYQA,153,288,0,0.0013976339151496459,"[0.1515623904124313, 0.24275291830334714, 0.1964455169942402, 0.17498723725376164, 0.19304939692466316, 0.1654029144252873, 0.16558149026689514, 0.11555533343849435, 0.18740797710036083, 0.1567582038210278]"
BOBYQA,154,289,0,0.0013951981268634371,"[0.15160109855867868, 0.24275664068976688, 0.19647135446513336, 0.1750078890327065, 0.1931130820003988, 0.165360218425838, 0.1655937478285995, 0.1155710048609235, 0.18737660920105365, 0.1567698326098913]"
BOBYQA,155,291,0,0.0013944946335632381,"[0.15159889000928087, 0.2427739874263555, 0.19642501671544976, 0.17502142997065492, 0.19311983200712501, 0.16538510499775116, 0.16560793513017105, 0.11555551651159186, 0.18729886479993968, 0.15675522423745766]"
BOBYQA,156,294,0,0.0013933163213350965,"[0.15154616547403024, 0.2427313334441032, 0.19643812638224048, 0.1750088197007665, 0.19313767054726955, 0.16541585781431867, 0.16558469485100608, 0.11551574298959627, 0.18725850141058153, 0.15674782945272756]"
BOBYQA,157,295,0,0.0013919900177799534,"[0.1515639729734966, 0.24267176818336797, 0.19641030431703294, 0.1750449043911136, 0.19311442934603765, 0.1654323896362382, 0.16555270546077896, 0.11547490478205748, 0.18723815602727414, 0.1567359875351568]"
BOBYQA,158,296,0,0.0013917319256148612,"[0.15152617334685742, 0.24263581834229106, 0.1963805765134374, 0.17507368373308, 0.19309669737558963, 0.1654654758393126, 0.16550547496317414, 0.1154373561843471, 0.18721630760501115, 0.1567296856257158]"
BOBYQA,159,297,0,0.0013901346108205325,"[0.15155805613066198, 0.24259253790904903, 0.19641083933775164, 0.1750587370059283, 0.19309093428069132, 0.16548246896500146, 0.16554237281165096, 0.11537621890220975, 0.18719339260988582, 0.1567247102932854]"
BOBYQA,160,298,0,0.0013854753339698491,"[0.15159846781668054, 0.2425802185702831, 0.19650916550258576, 0.17502331554329337, 0.19306378164503768, 0.16552354339177655, 0.16558022529974784, 0.11526008362536004, 0.18709393411124736, 0.15671723805627225]"
BOBYQA,161,299,0,0.0013796078625621239,"[0.1516778168301985, 0.24270049348127876, 0.19668313141214824, 0.17497868171727135, 0.19294912843124776, 0.16565479825856183, 0.16566892212024537, 0.11509458233852314, 0.18689113356682058, 0.15670232827741995]"
BOBYQA,162,300,0,0.0013714642255036654,"[0.1518052805580474, 0.24251591232039152, 0.1967872515285704, 0.17487310555076938, 0.1929990622757459, 0.16575086861456723, 0.16567074896575001, 0.11489860356797124, 0.18670249151065424, 0.1566578791582409]"
BOBYQA,163,301,0,0.0013695640371106969,"[0.1517789034108969, 0.2425015026915277, 0.19682606143162784, 0.17489532621201676, 0.19294872972025476, 0.16576989634315697, 0.16581440938081596, 0.11464180323180852, 0.18644417643726785, 0.1566280493560921]"
BOBYQA,164,302,0,0.001365803886429791,"[0.15192520852861538, 0.2424719052512011, 0.19697397673675174, 0.174843815592228, 0.19286197368417968, 0.16607150606846066, 0.16570164495840456, 0.11459737438606493, 0.18644402016446596, 0.15662936263606275]"
BOBYQA,165,303,0,0.0013626687822346974,"[0.1519917228390584, 0.24252713650238128, 0.19722864188053493, 0.17470312695782764, 0.1929138606417022, 0.16592347887593364, 0.16587647866581962, 0.114520439826951, 0.18636190205729405, 0.1566227077999729]"
BOBYQA,166,304,0,0.0013596952625171675,"[0.15218422660198225, 0.2425435183928043, 0.1971101538042572, 0.17465747910517926, 0.193069953750042, 0.16590308584470714, 0.16588668120928782, 0.11456068565107486, 0.18608404637804474, 0.15656939501241296]"
BOBYQA,167,306,0,0.0013570417224101961,"[0.15219628128431512, 0.24256034634942727, 0.1970351116497333, 0.17467734234765747, 0.19307495991756055, 0.16595738118147915, 0.16591820656964282, 0.11450947012643282, 0.1859230349396888, 0.15653728544603945]"
BOBYQA,168,311,0,0.0013418754493567577,"[0.15222181548069638, 0.24255296077772842, 0.19702905941592527, 0.17467618682400157, 0.19309188245886663, 0.16596138965840662, 0.16594384686760075, 0.1144548316534392, 0.18594745841012983, 0.15646862862142244]"
BOBYQA,169,313,0,0.0013416435740860732,"[0.15226180798090297, 0.2425664320852372, 0.19708347493914022, 0.17467362398216082, 0.19310951949934416, 0.16597876564868605, 0.16589901281459765, 0.11448660766352609, 0.1859201755321242, 0.15643905914927328]"
BOBYQA,170,314,0,0.0013404596610047405,"[0.15227159702505927, 0.24262373057704534, 0.19706410050794526, 0.17468788401608196, 0.19314045494409618, 0.1659225944423298, 0.16593105616706597, 0.11450339457853997, 0.18589919293775647, 0.15645252346932462]"
BOBYQA,171,317,0,0.0013387577025492944,"[0.1523120061279361, 0.24263719776424347, 0.19711060751710013, 0.17467374240765407, 0.1931024035497583, 0.16596193604437992, 0.16596782082866052, 0.11446650918890486, 0.1858902807484434, 0.15645848858392736]"
BOBYQA,172,318,0,0.001336241807333337,"[0.1523390570123977, 0.2426273583939487, 0.19715811326076832, 0.17466624836640313, 0.19308563675293067, 0.16597840782405685, 0.1659839640804238, 0.11442220675396281, 0.18582730270952794, 0.15644769546575882]"
BOBYQA,173,319,0,0.001332813465214878,"[0.1524181723316141, 0.24255979770358987, 0.19726783006586304, 0.17464330610272935, 0.19307361159104658, 0.16594460136583725, 0.16601669756232165, 0.11433928032418493, 0.18574164052161016, 0.15644149631795856]"
BOBYQA,174,320,0,0.0013297830470257708,"[0.15246067022538662, 0.2426254014319746, 0.19732121288781368, 0.1745948760540326, 0.19311298790509926, 0.16599240118410735, 0.16602766152437637, 0.1142695389826594, 0.18560255969918385, 0.1564184305539954]"
BOBYQA,175,321,0,0.0013266232071901351,"[0.15259729771399172, 0.242569055729917, 0.19738195456932908, 0.1746039841844812, 0.1930545938269312, 0.16601744201210147, 0.16608059093928026, 0.11422866057169352, 0.18552752745338857, 0.15640273773660857]"
BOBYQA,176,322,0,0.0013245077253706116,"[0.15259100163630374, 0.24261370055099385, 0.19751531254488972, 0.1745444876754354, 0.19307502825846604, 0.16599854912248513, 0.16614350299596972, 0.11413928051074798, 0.18546556064803502, 0.15639368783522625]"
BOBYQA,177,323,0,0.0013242716880553,"[0.15269415413579288, 0.2425868635468215, 0.1975170821209763, 0.17451754487059784, 0.19313224020727351, 0.16604623513990951, 0.16617864603817065, 0.11412587540136143, 0.1853223218320887, 0.15637292636096514]"
BOBYQA,178,325,0,0.0013221853370740248,"[0.152715525771837, 0.24262440508823774, 0.1975466694309149, 0.17453185576660196, 0.19309467975770092, 0.16607642870154823, 0.16612417836511503, 0.11408688697818445, 0.18531463612590496, 0.15635931232331804]"
BOBYQA,179,326,0,0.0013195672918025867,"[0.15273801738691148, 0.2426526725615509, 0.1975543970479091, 0.17455284424001308, 0.19301477297130368, 0.16607283043767893, 0.1661581951286271, 0.11408567410517755, 0.18528937462960518, 0.15635909175130205]"
BOBYQA,180,327,0,0.0013188505266308022,"[0.15275044845717026, 0.2426597710143648, 0.1975855998688779, 0.17457671098045244, 0.19294958327300482, 0.16611986113152336, 0.16618501705678881, 0.11405459826058156, 0.18529870164153, 0.15635483227981314]"
BOBYQA,181,328,0,0.0013187505825230984,"[0.1527590147889945, 0.2426529197336224, 0.19764287724402008, 0.17461351968014585, 0.1929035429619278, 0.16607865212120998, 0.1661629950489276, 0.11407262222437552, 0.18527410833951674, 0.15635143456662773]"
BOBYQA,182,329,0,0.001314876062769849,"[0.15275672442160346, 0.2426468046790127, 0.1976648745656154, 0.17454578302650386, 0.19288322950468234, 0.16611061633285487, 0.16614767934438926, 0.1141286764431873, 0.18528003940184815, 0.15634518534295405]"
BOBYQA,183,332,0,0.0013141127069653067,"[0.152772253176304, 0.24265016164928466, 0.19766046568745252, 0.1745325648621706, 0.1928744636005903, 0.16615139461215217, 0.1661820851192659, 0.11406816389078132, 0.18523332165917236, 0.1563171559388973]"
BOBYQA,184,337,0,0.0013127446022733918,"[0.15283511873441952, 0.24266361175173332, 0.19769827414150196, 0.17450937438167952, 0.19291682110120204, 0.16614756742406325, 0.16618698738801943, 0.1140736779898256, 0.1851885848914404, 0.15631122992650412]"
BOBYQA,185,338,0,0.0013117693515268453,"[0.15287516432383444, 0.24262407064095542, 0.1976966870316415, 0.17451016313264409, 0.19292151114978062, 0.16614694862957627, 0.16621355302351723, 0.11402618192717219, 0.1851277330271667, 0.15629928118279546]"
BOBYQA,186,339,0,0.0013095849876229824,"[0.1528994976794205, 0.24260317352078656, 0.1977626011857684, 0.1744400929937897, 0.19297258719830973, 0.16618485191223042, 0.16624667373688498, 0.11392035323768034, 0.1850156083688242, 0.1562709502041687]"
BOBYQA,187,340,0,0.0013088356975001502,"[0.15296429475677947, 0.2425409637467906, 0.1977987367672466, 0.1744653750676772, 0.19293320772813555, 0.16618631905413722, 0.16631180672033521, 0.11381299176225507, 0.1849067359123726, 0.15624246476249606]"
BOBYQA,188,341,0,0.0013058713905748482,"[0.15303658590941877, 0.24256760767163874, 0.1978799579486919, 0.17437724195788476, 0.19300460937354993, 0.16625595614922242, 0.16630407485026144, 0.11376959666590901, 0.1848190100419636, 0.15623181109452744]"
BOBYQA,189,342,0,0.0013032219861116665,"[0.15300815133955434, 0.2425347297837152, 0.19792478753649362, 0.17434381373187494, 0.19304308160084205, 0.166169993051404, 0.16638619105990873, 0.11370122915420953, 0.18469958745712273, 0.1562109622884842]"
BOBYQA,190,343,0,0.0013026387448461826,"[0.15303815772542442, 0.24246864355783293, 0.1979438123676765, 0.1742963264723923, 0.19310279194470314, 0.16623278721363113, 0.16640812990054465, 0.11358429842056411, 0.18460048775415722, 0.15618582364810793]"
BOBYQA,191,344,0,0.0012990665972246462,"[0.1531174544326189, 0.24252253341688867, 0.19805281138471295, 0.17428773477155277, 0.1930349320352103, 0.16619965174426862, 0.16648422451839578, 0.11359042677919952, 0.18451560252135749, 0.15617500998815145]"
BOBYQA,192,348,0,0.001298520782168794,"[0.15309819973344707, 0.24255308981309381, 0.19800195362789805, 0.1742784105332494, 0.1929782577788076, 0.16622249700325803, 0.16646793158378156, 0.11358362880504896, 0.18447214023229527, 0.15616565101256327]"
BOBYQA,193,349,0,0.001296105098410614,"[0.1531274799601739, 0.24260608690016308, 0.19801052561011542, 0.17426279481079204, 0.1930062819374353, 0.16624771469559135, 0.16653434326985445, 0.11357369530326052, 0.18446913294737835, 0.15617443347675028]"
BOBYQA,194,352,0,0.0012952576575223271,"[0.1531349712691044, 0.24262036276275517, 0.1980423200804711, 0.1742020702406048, 0.1930611246404906, 0.16622123934110006, 0.16654534582499367, 0.11356817997823773, 0.18443495350821065, 0.15617078071029664]"
BOBYQA,195,353,0,0.0012949727734504733,"[0.15312153476789483, 0.24259144999367122, 0.19802424116245776, 0.17421206781097956, 0.19308568868207823, 0.16618521099931322, 0.16658754729066694, 0.11352338602163543, 0.18438141741226813, 0.15616947527689937]"
BOBYQA,196,354,0,0.001294175823570462,"[0.1531432925340519, 0.24259067962301573, 0.19805781958440907, 0.17416224740721514, 0.19312995087435586, 0.1662299391888563, 0.16655596091355732, 0.11349989786472793, 0.18436183576685627, 0.1561645929707812]"
BOBYQA,197,355,0,0.0012929753993436263,"[0.15318925045880114, 0.242557317848813, 0.19808978589813855, 0.17414724255554356, 0.1931235390812739, 0.16623018088918032, 0.16657834927494936, 0.11346877179005421, 0.1843017296131886, 0.15614449620688886]"
BOBYQA,198,356,0,0.0012904977474706076,"[0.15327306337343521, 0.24252967547184165, 0.19816283475356403, 0.17409227007487943, 0.19316195248387272, 0.16626575460212403, 0.1665962295159745, 0.11339579748223917, 0.18418002267619726, 0.15611891152899895]"
BOBYQA,199,357,0,0.0012869276981969035,"[0.15348214411876168, 0.2425037319323956, 0.1983250143185541, 0.1740037145652725, 0.19314785080579122, 0.1663962010787552, 0.16651002540438928, 0.1133303762960442, 0.1839563531752526, 0.15606877552983398]"
BOBYQA,200,360,0,0.0012852420075342226,"[0.15354882050645277, 0.24250062043840548, 0.19828442768047733, 0.17398383924913519, 0.1931971650658214, 0.16633903590494478, 0.16659319301121517, 0.11331992081105415, 0.18381617368237413, 0.15603521866774298]"
BOBYQA,201,361,0,0.0012834093369702214,"[0.15358257419488208, 0.24240037188576538, 0.19839242642712537, 0.17388569304832874, 0.19324647504918163, 0.16630747577717528, 0.16665333956985334, 0.11330690279446176, 0.1837997293558345, 0.15604065014355764]"
BOBYQA,202,362,0,0.001281196225847047,"[0.15359512903122466, 0.24242105895592894, 0.19841067722289765, 0.17384045106738671, 0.193315798076008, 0.1663156224027742, 0.166684502447289, 0.11321197897086696, 0.18365209192001994, 0.15602105489924326]"
BOBYQA,203,363,0,0.0012788759112414049,"[0.15373632608487117, 0.2424127659389067, 0.19846595238611345, 0.1738116225691995, 0.193286184182491, 0.16637097267201964, 0.16673978596849617, 0.11318002495326521, 0.18356541962253417, 0.1559970102983992]"
BOBYQA,204,364,0,0.001278575248760895,"[0.153889615983031, 0.24230800349603734, 0.19857992518657877, 0.1737195766631311, 0.1933594776885963, 0.1664226932885252, 0.16667885082895784, 0.1130329350349495, 0.18330755011337596, 0.1559324145527711]"
BOBYQA,205,366,0,0.0012730511468903114,"[0.15385369096250587, 0.24232749278769972, 0.19863783068131244, 0.1737045173192205, 0.19330034027502596, 0.16644515039474572, 0.16682594274021562, 0.1130705769801651, 0.18321983694128224, 0.1559311386248788]"
BOBYQA,206,367,0,0.0012702714015347134,"[0.15389956957174641, 0.24236628451527414, 0.19864498685542425, 0.17361221031054516, 0.1933770524731718, 0.16654603600972243, 0.16685579009548251, 0.11299827547461097, 0.18314898349734723, 0.15590629292274405]"
BOBYQA,207,368,0,0.0012693037495265448,"[0.15397029222880132, 0.24230740790485839, 0.1987069550327983, 0.17358821164908486, 0.19338716548205584, 0.16652285722621626, 0.1668992687346657, 0.11293634074945787, 0.18300752358939298, 0.1558791061059179]"
BOBYQA,208,369,0,0.0012666057707809279,"[0.15402584087658766, 0.2423975918093902, 0.1987162665170536, 0.17355181181956278, 0.19341499724253228, 0.16662164892600115, 0.16681796104328206, 0.11295328340271744, 0.1829085886359877, 0.1558668981681842]"
BOBYQA,209,370,0,0.0012656569364487725,"[0.15411507471543323, 0.24233609325727729, 0.1988193366879797, 0.17345509453177477, 0.19345996751492242, 0.16661741922999462, 0.16684505346438372, 0.1129552332792581, 0.18283751474189122, 0.15584573119503664]"
BOBYQA,210,371,0,0.0012633452371896955,"[0.1541658931284822, 0.24224538634655843, 0.19874886514908544, 0.173454926113157, 0.19349349984607747, 0.1667039900755953, 0.16681196997876224, 0.11290258624066175, 0.18273068057777292, 0.15582770942412816]"
BOBYQA,211,373,0,0.0012632213523660583,"[0.15423673161652046, 0.24225258282669737, 0.1987503109331329, 0.17348632500004726, 0.19345472846384332, 0.1667328964473163, 0.16683403412088688, 0.11290039343234705, 0.1827638129436899, 0.1558239741807725]"
BOBYQA,212,374,0,0.0012630151380143536,"[0.15425126648777904, 0.24228017041291114, 0.19875598465201164, 0.17348542018119972, 0.1934398751128221, 0.16669529214940548, 0.16684479130186256, 0.11296013943845332, 0.18270408598011373, 0.15581361391064175]"
BOBYQA,213,376,0,0.0012598809741974052,"[0.15426977007120174, 0.2422587827017419, 0.19880609414782477, 0.1734744002745259, 0.19351737484502432, 0.16668330683535004, 0.1668606256246637, 0.112958973885916, 0.1826999325424141, 0.15582580373087346]"
BOBYQA,214,379,0,0.0012583698772602563,"[0.1542974652599741, 0.2422919542181185, 0.19881841977745457, 0.1734323709535601, 0.1935458863969549, 0.16668298240640658, 0.16690331638477499, 0.11293782296720875, 0.18264401607670547, 0.15582363239315072]"
BOBYQA,215,380,0,0.0012555816513147283,"[0.15431290763800226, 0.242363486740581, 0.19888109369799203, 0.17338154296037783, 0.19357207472157892, 0.16671017446332792, 0.16700910156468313, 0.11288883775640866, 0.1825309940085296, 0.15580508929151668]"
BOBYQA,216,381,0,0.0012529524878957788,"[0.15442976386411977, 0.24239269830047783, 0.1990382101275144, 0.17328587601507817, 0.19357948536269332, 0.1666973316542128, 0.1671820237439352, 0.11278958150498612, 0.18226610991787814, 0.1557661502367585]"
BOBYQA,217,382,0,0.0012459164160645011,"[0.15461043324473736, 0.24240827514130944, 0.1991400195186338, 0.17311861950460564, 0.1936674821430453, 0.16684021958917247, 0.1671976758546246, 0.11275269004074763, 0.18202852648996096, 0.1557155163025989]"
BOBYQA,218,383,0,0.0012386775859969347,"[0.15489647640285173, 0.24246512536080522, 0.19946913255341422, 0.17284149945559174, 0.19381109116762282, 0.16697140486721587, 0.1673728413666847, 0.11257688218168668, 0.18151668899691636, 0.15562367761419943]"
BOBYQA,219,384,0,0.0012237110765505365,"[0.15567827058777783, 0.24258150184378235, 0.19988105683377164, 0.17242349642701654, 0.19391426186803937, 0.16728772371416592, 0.167787710638457, 0.11233782192340211, 0.18041775935262092, 0.1554157551941575]"
BOBYQA,220,391,0,0.001223120927800299,"[0.1557874184363943, 0.24262807554198804, 0.19994431416133918, 0.1724390794903567, 0.19394117724493043, 0.16722492985356718, 0.16784536910314504, 0.11226818730874547, 0.18051173879141372, 0.15541531139539833]"
BOBYQA,221,395,0,0.001218855942702383,"[0.15579920664797092, 0.24260540077406925, 0.19990461407938723, 0.1724001934813359, 0.19395648227109877, 0.16728688955967955, 0.16781832821722745, 0.11230569609188454, 0.1805070460962495, 0.155410282872368]"
BOBYQA,222,396,0,0.0012173724167213098,"[0.15575486085657933, 0.24256004833676117, 0.19995105430394597, 0.17235551879550917, 0.19398525943764738, 0.16731556165027905, 0.16780797664871977, 0.11230213144716054, 0.18050150716537133, 0.1554054527902236]"
BOBYQA,223,397,0,0.0012157368214906537,"[0.15576383554679057, 0.24253917161136337, 0.19992075575067797, 0.1723426262419817, 0.1940129053942927, 0.1672732859473366, 0.16782876931685994, 0.1123299960106019, 0.1804375442233433, 0.1553820468907425]"
BOBYQA,224,398,0,0.00121452073719596,"[0.1557897689425939, 0.24253680737284058, 0.19990828151128923, 0.17232783133072482, 0.19404873925805446, 0.16730745491370738, 0.16782362667429543, 0.11230341371736245, 0.18036272045867216, 0.1553692356296815]"
BOBYQA,225,401,0,0.0012118815865854522,"[0.1557555164069321, 0.24249813054482205, 0.1998876803068278, 0.17232606772635523, 0.19406532003097354, 0.1673588955444383, 0.16787745600139364, 0.11229887439608598, 0.18033022941402715, 0.1553663345172534]"
BOBYQA,226,402,0,0.0012092082566124685,"[0.15569002830869166, 0.2424204156054631, 0.1998425443684281, 0.1723212075751138, 0.1940876787214762, 0.1674121141383084, 0.1680056726804755, 0.1122243052929406, 0.18028443843943207, 0.15535285074491736]"
BOBYQA,227,403,0,0.0012077781211644993,"[0.15556788751001904, 0.24231864136271827, 0.1997917605564368, 0.1722814935672352, 0.19417620098564553, 0.16745988265478093, 0.16799973824655376, 0.11220669762855577, 0.1802764759221166, 0.15535923505212157]"
BOBYQA,228,404,0,0.0012069186319048927,"[0.15546228809476542, 0.24227650225378516, 0.19968658203179782, 0.17231199580620352, 0.19418643779080502, 0.1674730725286436, 0.16810776599568827, 0.1121578833678324, 0.18030375341220342, 0.1553613557402749]"
BOBYQA,229,406,0,0.0012057057415901093,"[0.15549592965860107, 0.2422772128340054, 0.19970993799873676, 0.1722791778409653, 0.19420507866616904, 0.16749428310618597, 0.16814408136029144, 0.11213471746153225, 0.18023696453676732, 0.15534988270286515]"
BOBYQA,230,407,0,0.001204634952761911,"[0.1554861634564804, 0.24232072163315377, 0.1997137011117685, 0.1722339894608042, 0.1942536120852007, 0.16751767554319505, 0.16816752176178656, 0.11214238038411839, 0.18018755569260975, 0.15534805256254142]"
BOBYQA,231,408,0,0.0012029398756262903,"[0.15553818124789337, 0.2422921235990851, 0.19969432180217597, 0.1722093168235375, 0.19428631416994, 0.16754437322996724, 0.16818522426368948, 0.11215203268774548, 0.18013115831240822, 0.15533697997042686]"
BOBYQA,232,409,0,0.0012004357850600791,"[0.15558178939829925, 0.2422823251516619, 0.19969556995976065, 0.17213181747239514, 0.19439561088184468, 0.16757868243068674, 0.1681786748953244, 0.11216971000965095, 0.17999831044126685, 0.15530752184706972]"
BOBYQA,233,410,0,0.0011945889864077106,"[0.15572694166388726, 0.2422158258221482, 0.19972721430442858, 0.17193629362297083, 0.19458207084434923, 0.16768345217840316, 0.16823843864444332, 0.11217908775912565, 0.17978635269161392, 0.15527673279804144]"
BOBYQA,234,411,0,0.0011884870089071485,"[0.155990405471798, 0.24215568538787313, 0.19992468998148957, 0.17164999476915146, 0.1948683043518126, 0.16766930827074786, 0.16843835172771826, 0.11214214739745627, 0.17922881892924342, 0.15516855297057294]"
BOBYQA,235,412,0,0.0011845015936825633,"[0.15623594945915947, 0.2420339594933486, 0.20009950609209085, 0.17132767204211258, 0.1950759790571636, 0.16792566310213453, 0.1686341370066558, 0.11196444723333294, 0.17873291143732117, 0.1550926695281059]"
BOBYQA,236,413,0,0.0011802911648315887,"[0.15661068348364976, 0.24220208951707703, 0.2003835831524573, 0.17103728729815945, 0.19529595832913557, 0.16766157874577486, 0.16871317659700508, 0.11224049657294902, 0.17841106721614378, 0.15504664773498905]"
BOBYQA,237,414,0,0.001179756860150965,"[0.15671415007849243, 0.24207262538876306, 0.20063504511783634, 0.1710367236911254, 0.1951131461826677, 0.16773065689686478, 0.1691719749102662, 0.11188385738159033, 0.17800411328585014, 0.15495827756328787]"
BOBYQA,238,415,0,0.001173421256428453,"[0.1567620725920821, 0.24229539629313254, 0.2005597087686169, 0.17115884582079635, 0.19504955223741155, 0.1678489065379696, 0.16902752205616378, 0.11186817415215941, 0.17780507341823204, 0.15486484015296]"
BOBYQA,239,416,0,0.0011718998096808312,"[0.15702202351178413, 0.24235669532913778, 0.20069006624480054, 0.17098495467482794, 0.19511047225508946, 0.16792006512527916, 0.16890794879281737, 0.11194864852624771, 0.1776977192040262, 0.15488389624610552]"
BOBYQA,240,419,0,0.001166351035890252,"[0.15699014629332994, 0.24235845893681268, 0.20074719225222454, 0.17097854663260706, 0.19513050443979105, 0.16791071342644948, 0.1688708633305326, 0.11192036019255006, 0.17771136421117237, 0.15483073800449537]"
BOBYQA,241,421,0,0.0011628450073742557,"[0.15698220542410352, 0.2423704984919983, 0.2007079895398486, 0.1709233437429536, 0.1951040642121159, 0.16786278947816788, 0.16884880875145553, 0.1118794128411937, 0.1777057622403638, 0.1548349233893549]"
BOBYQA,242,422,0,0.0011613410416485494,"[0.15704711483413072, 0.24233750763578701, 0.20071283509627788, 0.17092167080064374, 0.19512441572286243, 0.16784400832587715, 0.16890369278621362, 0.11188607238655297, 0.17773481233934404, 0.1548370827887552]"
BOBYQA,243,425,0,0.0011607355088385347,"[0.15703730651563622, 0.2423375179957491, 0.2006688586368727, 0.17090942337462964, 0.19519451002046975, 0.16785458337763565, 0.1688647034515158, 0.11189000576369347, 0.17769986218519265, 0.15483094494488905]"
BOBYQA,244,426,0,0.0011590739686106253,"[0.15700488970833762, 0.242284264797621, 0.20066049989582205, 0.17090676274638214, 0.19517850716980167, 0.16789422813680893, 0.1689218156961645, 0.11186936682636249, 0.17767779091115546, 0.1548251495605991]"
BOBYQA,245,427,0,0.0011585207845725188,"[0.1569260215225863, 0.24220142132968842, 0.20064947777843478, 0.1708860800207705, 0.19520428813313043, 0.1679607089062763, 0.1690012884550483, 0.11174924428956075, 0.17765463830132322, 0.15482381933005013]"
BOBYQA,246,428,0,0.001157681395111412,"[0.15694951268014945, 0.24220792316924988, 0.20065627887995233, 0.1708694852177664, 0.19521924169000904, 0.16791987655379678, 0.16899191101477304, 0.11180034008770427, 0.1776494509825906, 0.15482425887296403]"
BOBYQA,247,429,0,0.0011563748740973467,"[0.1569245074478668, 0.24217580348163367, 0.20067259642796087, 0.1708186989259779, 0.1952739624295033, 0.16788917403124862, 0.1690072271247282, 0.11182863962773551, 0.17766924560833947, 0.15483580337810687]"
BOBYQA,248,430,0,0.0011543465134305868,"[0.15686365241375633, 0.24208059399299411, 0.20066294936884002, 0.1707362492597136, 0.195404717901652, 0.16788598320137665, 0.16898841245323362, 0.11186627803074502, 0.1777054445297587, 0.15484815760131418]"
BOBYQA,249,431,0,0.0011522223806422396,"[0.15680770332276806, 0.2418769386172285, 0.200738892315278, 0.17053502467456827, 0.19563035925534705, 0.1678038716590902, 0.16905121558954891, 0.11185196017862468, 0.1776199643796605, 0.1548433507724662]"
BOBYQA,250,432,0,0.0011451402321310945,"[0.15699168018341667, 0.24184887747387396, 0.20090561034014082, 0.17017450543504445, 0.19598077876553158, 0.16787261560503472, 0.1692150868524991, 0.11185014569913167, 0.17708701122791104, 0.15474753659418264]"
BOBYQA,251,433,0,0.0011442050855540679,"[0.15697823667010444, 0.24120704310218025, 0.20120276140810403, 0.16934209905758893, 0.19692170104385245, 0.16781938338830982, 0.16949117451264142, 0.11172982310296, 0.17647102900049522, 0.15465607979356324]"
BOBYQA,252,437,0,0.0011426112812456255,"[0.15715338516556773, 0.24129165459123167, 0.2012538820734615, 0.1693946927462604, 0.19675674795183296, 0.1679822435849383, 0.16960846575605937, 0.1116683109394706, 0.17626194385670785, 0.15461372490791983]"
BOBYQA,253,439,0,0.0011240183645543653,"[0.157143619188101, 0.24128011195166546, 0.2011590923717752, 0.16936550960874341, 0.19667807973975693, 0.16804918611265454, 0.16955430451377712, 0.11170305823798873, 0.17617667940553736, 0.15452510313331957]"
BOBYQA,254,444,0,0.0011232226966605922,"[0.1571399372545038, 0.2413240950729974, 0.2011503033736087, 0.1693851091819619, 0.19672164602600956, 0.1680178631720316, 0.1695746546009641, 0.1116903578664717, 0.1761125913983695, 0.15451974658697742]"
BOBYQA,255,445,0,0.0011229866352403227,"[0.15712341225335463, 0.24130856326578842, 0.20119922944784116, 0.1693479451439426, 0.19673591485763947, 0.16806919779316462, 0.16952688763393758, 0.11166820202813621, 0.17612114580288354, 0.1545248628169706]"
BOBYQA,256,446,0,0.001122650136231697,"[0.15711599873810045, 0.2412135902491651, 0.20117995628339977, 0.16935578739594542, 0.19674371387553413, 0.16807970046536175, 0.16951933033647212, 0.11165714810756013, 0.1761330286097819, 0.1545241036643413]"
BOBYQA,257,447,0,0.001121269970375502,"[0.15712972505635234, 0.24121686780200385, 0.20117060242120857, 0.16936047506057603, 0.19672530678066535, 0.16813046034479198, 0.16947659870031329, 0.11171116950421185, 0.1761776113986492, 0.1545307415335458]"
BOBYQA,258,448,0,0.001120719979422125,"[0.15717890055707007, 0.2412688838881891, 0.2011326598221575, 0.16940122345485883, 0.1966931887268995, 0.16822950547787702, 0.16936242857675599, 0.1117688635429421, 0.17624431728754822, 0.15454176069187595]"
BOBYQA,259,449,0,0.0011199617992655366,"[0.15723621682318775, 0.24141405427690402, 0.20114293614973316, 0.16941407653700666, 0.19664624207660722, 0.1682187635936353, 0.169436576206557, 0.11179375929158247, 0.17616225947967717, 0.15452765147287745]"
BOBYQA,260,450,0,0.0011187408495662273,"[0.15729453044508104, 0.24154306137150577, 0.2011743130839819, 0.1694050439403718, 0.1966392089749546, 0.16818171100221593, 0.1695185614709159, 0.11188115478409864, 0.17610650419499232, 0.15452780874685176]"
BOBYQA,261,451,0,0.0011180856203515202,"[0.15734610331881876, 0.24164305070728437, 0.20116433420012542, 0.16942149454774913, 0.19660044429502296, 0.16823774104959827, 0.16958254637030395, 0.11183775217635403, 0.17598218337087365, 0.15449786574799174]"
BOBYQA,262,452,0,0.0011141352683473535,"[0.1573932762538691, 0.2417114764349483, 0.20118806700842415, 0.16933788505390548, 0.19665895519900867, 0.16827139360761398, 0.16961939948256707, 0.11196286676039993, 0.17592024191058328, 0.15448627850206018]"
BOBYQA,263,453,0,0.0011125183654597448,"[0.15747457560341793, 0.2418882844337872, 0.2011937673437934, 0.169191819247432, 0.1967849945796517, 0.1683667405724416, 0.16973429707513543, 0.11203701359342302, 0.1756833678558569, 0.15445503530979623]"
BOBYQA,264,454,0,0.0011066739685149224,"[0.15769668801080516, 0.24193520090352494, 0.20136561056166463, 0.16920860547012503, 0.19665430284598082, 0.16828254726235112, 0.16985272534414939, 0.11209297582512193, 0.1754987922050519, 0.15439794752923838]"
BOBYQA,265,455,0,0.0011024981776037042,"[0.15775791254613625, 0.242074342728511, 0.20134753251846316, 0.16910974913858998, 0.19672327419798344, 0.16850192221827856, 0.1699498917718942, 0.11219774374067501, 0.17527127049657162, 0.15435640789085003]"
BOBYQA,266,456,0,0.0011011406723697497,"[0.15804074829541254, 0.24258245167268727, 0.20150769263735582, 0.16904895838760664, 0.19665584847091838, 0.16835639549635856, 0.17027861709596379, 0.11226535977404299, 0.1749092728527441, 0.15430087731874975]"
BOBYQA,267,457,0,0.0010904732848140012,"[0.15848226079139574, 0.24274210517748618, 0.20169898651924204, 0.16886728918896973, 0.19670660724448852, 0.16862956653317063, 0.17010566098155322, 0.11248190556847767, 0.17448104684129812, 0.15418863586744933]"
BOBYQA,268,458,0,0.0010788990733646396,"[0.15887737341659663, 0.24285353673886514, 0.202067356073393, 0.16826128038917137, 0.19712497553941957, 0.1687111039433886, 0.17075081887187596, 0.11258828123841731, 0.17337022594300996, 0.153975614055106]"
BOBYQA,269,461,0,0.0010659816252390818,"[0.15955388307622256, 0.2430537474148323, 0.2026027914852571, 0.16750299436133778, 0.19757130715775012, 0.16897103912081426, 0.17091028626453098, 0.11294794499177092, 0.17250217515309682, 0.15381597904414168]"
BOBYQA,270,468,0,0.0010612510890114467,"[0.15957272679906936, 0.24297558522600285, 0.20247999202401223, 0.1674754868048588, 0.1976236985263095, 0.16897421246445127, 0.17090183063961753, 0.11306417252143267, 0.17252327486786662, 0.15378566810247846]"
BOBYQA,271,470,0,0.0010598610674622565,"[0.159548204751622, 0.2430072379345436, 0.20245995650128615, 0.16748935936026285, 0.19758789128827384, 0.16899740744646266, 0.17097149520753202, 0.11309723056701332, 0.17252898514241732, 0.15378770431088074]"
BOBYQA,272,473,0,0.0010597008209551845,"[0.15952045679100138, 0.24298344533082963, 0.20245305640089706, 0.16749922347461324, 0.1976026613025427, 0.16899338811146572, 0.17103766659353545, 0.11304700629891067, 0.17249550923534934, 0.15377148776404734]"
BOBYQA,273,475,0,0.0010570839662890766,"[0.15956385721039307, 0.24300162116749444, 0.20248969865575786, 0.16748586168995333, 0.1975712037461226, 0.16905908465579714, 0.1710628478654964, 0.11306457030045101, 0.17249850426378133, 0.15377425829316183]"
BOBYQA,274,476,0,0.0010536237561386307,"[0.1596213923691323, 0.24304017049570392, 0.2024959232901994, 0.16748431175275452, 0.19748842097825559, 0.16921246726759898, 0.17109393041824922, 0.11312427259310363, 0.17248288634066433, 0.1537712773857128]"
BOBYQA,275,477,0,0.0010514992867563572,"[0.15969657483263908, 0.2430705013006571, 0.20242642226153762, 0.16753303270360323, 0.1974190614523548, 0.16928587601308817, 0.1711934691957742, 0.1131819514998296, 0.1725350072114564, 0.15377979313485357]"
BOBYQA,276,479,0,0.0010506198566701008,"[0.1597369210084724, 0.2430972467598211, 0.20245046631102506, 0.1675023978413108, 0.1974244135691635, 0.16931104197031485, 0.17122272275522205, 0.1132057312776331, 0.17247290100767215, 0.15376565610095005]"
BOBYQA,277,480,0,0.001050216632044792,"[0.15976846715957685, 0.24313246578229905, 0.20251725032209578, 0.16751488440082854, 0.19737606210767414, 0.16930303894486545, 0.1712047117674083, 0.11320986652155897, 0.1724567076935359, 0.15375370574901606]"
BOBYQA,278,481,0,0.001050051674566828,"[0.15982796433881183, 0.24314897219983903, 0.20253381028531056, 0.1674809647311133, 0.1974221351981571, 0.16928334897537173, 0.17116653319716207, 0.11320978059956015, 0.1724285589579783, 0.15375213699780543]"
BOBYQA,279,483,0,0.0010487317305600584,"[0.1598196604741658, 0.2431724150982109, 0.2025892179963914, 0.16744334664998414, 0.19743056883878324, 0.169264809298656, 0.17122814801145192, 0.11322881745934406, 0.17241121589655217, 0.1537474543900021]"
BOBYQA,280,484,0,0.0010483964503000343,"[0.1598419495647952, 0.24321536853162007, 0.20258677734847572, 0.16742731593303334, 0.19745261625521787, 0.1692564062974121, 0.1712454024939193, 0.11326570117911335, 0.17233979501477736, 0.15373853861493778]"
BOBYQA,281,485,0,0.0010477960050894952,"[0.1598745012854085, 0.24326810075492067, 0.20260144696886906, 0.16738282507300195, 0.1974772506037789, 0.1692923207439234, 0.17128405586485276, 0.11324215415774076, 0.1723433087632612, 0.15374127236627685]"
BOBYQA,282,486,0,0.0010461236044260408,"[0.15990640198780223, 0.24324721338262745, 0.20262673684537458, 0.16736493718531095, 0.19747430459388518, 0.16930516204767973, 0.17128197314407573, 0.11332251932949053, 0.1723147386249663, 0.15372970607599393]"
BOBYQA,283,487,0,0.0010441172745491796,"[0.15999819154464212, 0.24328155631675785, 0.2026029644193454, 0.16731361131956562, 0.19753456330585129, 0.16931400824831852, 0.17131701585085563, 0.11346071719612873, 0.17225916072172845, 0.15372128854708395]"
BOBYQA,284,488,0,0.001043115372379077,"[0.16000158107344395, 0.2432799726855095, 0.20263813637089154, 0.16726294665819005, 0.19755157075189814, 0.1693565140391616, 0.17139125819999748, 0.11350339953795846, 0.1720978772658334, 0.1536940861246395]"
BOBYQA,285,489,0,0.001041419337651998,"[0.16005645005955907, 0.2433832522907036, 0.2027122645832557, 0.16720180404182497, 0.19760962592040557, 0.16928215082170284, 0.1713737299466286, 0.11359105794035294, 0.17208435746132295, 0.15369795847762083]"
BOBYQA,286,490,0,0.0010403162285762808,"[0.16017186706184383, 0.24340486124637123, 0.20269322515802105, 0.16714799184648002, 0.19765656957726502, 0.1692584950659958, 0.17142945716181973, 0.11368619589663703, 0.1719964883894175, 0.1536802754969996]"
BOBYQA,287,492,0,0.0010388617684710681,"[0.16019232686574367, 0.24335897195667064, 0.20273840655671066, 0.1670945410363007, 0.19767016053652645, 0.16927817613784935, 0.17144890857453832, 0.1136753848299748, 0.1720337452237742, 0.15369131427095414]"
BOBYQA,288,493,0,0.0010374235027383267,"[0.1601953047619653, 0.24334802961490568, 0.20280393331105412, 0.16707811344229434, 0.19765160359395717, 0.1693241552191315, 0.17146183638887483, 0.11365295145959682, 0.17198830134323845, 0.1536806461356948]"
BOBYQA,289,494,0,0.0010362773025910529,"[0.16015637571178384, 0.24329774348407296, 0.20282931988790454, 0.16704523965714368, 0.19765239122790113, 0.16932261255063927, 0.1715188409544881, 0.11366643625010063, 0.17196146210213728, 0.15367193034934776]"
BOBYQA,290,497,0,0.0010341682771017136,"[0.1601735370760144, 0.24329989273341548, 0.20283486428419178, 0.16704745549384448, 0.19761633982739055, 0.16937806594396296, 0.17156765071852875, 0.1137166506512066, 0.17198075502518248, 0.15367571713015535]"
BOBYQA,291,498,0,0.0010315565713475362,"[0.16025057186013125, 0.24329745629317243, 0.20280287529160548, 0.16704927452026122, 0.19754325212120047, 0.1694933209162462, 0.17164164492791037, 0.11380848956256556, 0.17200079186360223, 0.15368554445449187]"
BOBYQA,292,499,0,0.0010308016658281218,"[0.160312125440787, 0.24337680798028166, 0.2028239983589428, 0.16705656330947716, 0.19749441507091745, 0.1695155589227349, 0.1717893931862915, 0.11387317289604293, 0.17197826590432297, 0.15368937450679135]"
BOBYQA,293,500,0,0.001028796777764632,"[0.1603967969046985, 0.24336199269052605, 0.20282755614286885, 0.16704947642768436, 0.19751659785115042, 0.16952146055530856, 0.171704790572539, 0.1140305665003697, 0.17196968127134513, 0.15368520092289417]"
BOBYQA,294,501,0,0.001028444193554524,"[0.16044549496497754, 0.2435149169873042, 0.2028267205604919, 0.1670253666327103, 0.1975216241167485, 0.16950975430523932, 0.1717213928183722, 0.11414254879519892, 0.1719930954352368, 0.15369679774742298]"
BOBYQA,295,503,0,0.0010277371218688663,"[0.16047409862507706, 0.2434810446084992, 0.20280965705276616, 0.16703416640841243, 0.19754006398468352, 0.16945393642754464, 0.17174050705231975, 0.11419655129946939, 0.1719641400794409, 0.1536873008006117]"
BOBYQA,296,504,0,0.0010270567235516395,"[0.16050921453320985, 0.24352653891562392, 0.20286088097019575, 0.16699683012214234, 0.1975626607393748, 0.1694364786535635, 0.1717345910999532, 0.11422308591401983, 0.1719307928800284, 0.1536837306660737]"
BOBYQA,297,507,0,0.001022342959111233,"[0.1605318561793792, 0.24351775874183598, 0.2029037798200596, 0.16699569017353835, 0.19748017931629103, 0.1694159247843978, 0.17173775348117995, 0.11423908398358325, 0.1719310724884679, 0.15367495628021086]"
BOBYQA,298,508,0,0.0010174154277456703,"[0.16062755810316112, 0.24349137045990024, 0.20301540304781057, 0.1670224184828989, 0.19737215057734075, 0.16937317237027757, 0.17176484612564655, 0.11424469242356576, 0.17198281396658482, 0.1536804361499958]"
BOBYQA,299,509,0,0.0010168190982774517,"[0.1607453012844739, 0.2435175211133182, 0.20304037745751996, 0.16709052664908586, 0.19725561925662022, 0.1693931640427749, 0.17173688813960872, 0.11423875368954148, 0.1719114290521322, 0.1536631646733988]"
BOBYQA,300,511,0,0.0010145509772490789,"[0.1607894716586018, 0.24351914942841946, 0.20306580020135329, 0.1670501385575445, 0.19726890584194265, 0.16941442873802165, 0.17177257337489477, 0.1142666844810218, 0.1719656065533868, 0.1536754661127928]"
BOBYQA,301,512,0,0.0010120124448038887,"[0.16081459184622182, 0.24352325756604948, 0.20310151515307648, 0.16702950588241644, 0.19725852624920373, 0.16941114896623666, 0.17182654514379556, 0.11432975950987152, 0.17194172332924557, 0.1536670683765993]"
BOBYQA,302,513,0,0.0010093586160884358,"[0.16088404852334834, 0.24353066834965592, 0.20315248944560385, 0.166993771574103, 0.19725269706351198, 0.16940376282417838, 0.1719707402825008, 0.11440671639561037, 0.17187518488091427, 0.15366319137981663]"
BOBYQA,303,514,0,0.0010047775214192323,"[0.16095061087931986, 0.2435287178291693, 0.20320633870752958, 0.16696531568626966, 0.19721291649426786, 0.1694235203084589, 0.1719572400828231, 0.11457893641579714, 0.17186941285135046, 0.1536603614097142]"
BOBYQA,304,515,0,0.0009968482020465048,"[0.16120300427654463, 0.24369830111824617, 0.20331043671749954, 0.16693903125914042, 0.19713516195559164, 0.16941532311071866, 0.17206464710759672, 0.11477423447221435, 0.17188406293214714, 0.15365778705541888]"
BOBYQA,305,516,0,0.0009818159358226267,"[0.1616410560037913, 0.24370302255106724, 0.2034984980045871, 0.1668084841438898, 0.19699211518815427, 0.169432165822812, 0.1722942262188092, 0.1153301276379333, 0.1717705902147224, 0.15363954142294942]"
BOBYQA,306,517,0,0.0009582691609261333,"[0.1623066230899155, 0.24425712506010902, 0.2043609705504458, 0.16639006459538935, 0.19672511264633677, 0.16971701423493088, 0.1726961829281771, 0.11577796623079158, 0.1711691401586217, 0.15351806177136898]"
BOBYQA,307,518,0,0.0009484470998520572,"[0.16298616454068326, 0.24470151992595315, 0.20440679937804224, 0.16648714096986517, 0.19653455581131865, 0.1691543249031119, 0.17300748725751736, 0.11694603470030826, 0.1714295813110026, 0.15360266316418303]"
BOBYQA,308,519,0,0.0009060741986632337,"[0.16400909612248452, 0.24449439447909588, 0.2049533278457801, 0.16613668171373286, 0.19617240827229043, 0.16994234225742175, 0.17305428403921475, 0.11748263375125963, 0.1713597622958719, 0.15355717024044307]"
BOBYQA,309,520,0,0.0008728065163787915,"[0.16443449590654577, 0.24455507226263537, 0.20515448639931633, 0.16597656140868763, 0.1958504958103579, 0.1701523395897859, 0.17417097399939643, 0.11832049233859397, 0.17090725030011844, 0.15346911993682044]"
BOBYQA,310,521,0,0.0008280031674532836,"[0.16635577008324115, 0.2453130930555944, 0.20655982171430673, 0.1650199040056112, 0.19583086137620187, 0.17050374619961015, 0.17417222072363744, 0.11984739507998629, 0.17012993429122908, 0.15331283989687933]"
BOBYQA,311,522,0,0.0008137662316849532,"[0.16700493357234944, 0.24558337436257996, 0.20818101556706153, 0.16358158150880583, 0.19602366995216855, 0.17160744609656653, 0.17490637739539827, 0.11975250516811246, 0.1683703754236236, 0.15292666955320539]"
BOBYQA,312,526,0,0.0007939547557377015,"[0.16715509392256286, 0.24586124919511926, 0.2083718173342423, 0.16377598598747162, 0.19583694869727994, 0.17128436844922199, 0.17497706663757873, 0.12024003423534906, 0.1686558171434559, 0.15297801643196265]"
BOBYQA,313,527,0,0.0007800470416819934,"[0.16763289901462441, 0.24559561456997242, 0.20831411548035597, 0.1638214009846479, 0.19573877897169223, 0.17111620141798228, 0.17530135929761723, 0.1206706355419955, 0.1685743759128467, 0.15295321361133374]"
BOBYQA,314,528,0,0.0007627132628277323,"[0.16795744062548915, 0.246021961136645, 0.20835974680236188, 0.1636847614909346, 0.19567879328984725, 0.17133495647795202, 0.17526441157347977, 0.12113134999326328, 0.1688255433608864, 0.15301636971906815]"
BOBYQA,315,529,0,0.0007619972035733622,"[0.1683457898432283, 0.2458997769314046, 0.20868114835280932, 0.1637390311950929, 0.19546124361009679, 0.17124007940865865, 0.17493292827185114, 0.12156759132495984, 0.1689313580276015, 0.1530336267113743]"
BOBYQA,316,533,0,0.000754939233921319,"[0.1683945101463851, 0.24586377752966476, 0.20861476471024004, 0.1637347400331838, 0.19550694131266866, 0.17140817819965937, 0.17495746520580757, 0.12154323098850835, 0.16891298389516593, 0.15302846980878007]"
BOBYQA,317,535,0,0.0007534811550554062,"[0.1683443515360025, 0.2458544624294219, 0.20864552220043386, 0.1637561058019971, 0.19546569898179506, 0.17144656462083743, 0.1749909088730502, 0.12157219683129165, 0.16894156219982953, 0.153021675854043]"
BOBYQA,318,536,0,0.0007532396653381878,"[0.16834731883485218, 0.2458967880284947, 0.20863516725462694, 0.16375262870630164, 0.19542439343067314, 0.17151016325815407, 0.1750230450742977, 0.12155174574183052, 0.16891247082248503, 0.15302735016060334]"
BOBYQA,319,538,0,0.0007507134054406732,"[0.16836252261089146, 0.24584944320964527, 0.20860092830357557, 0.1637481089566727, 0.19543919416795485, 0.17151726847444138, 0.17506029542255377, 0.12158968483053405, 0.16896807900977406, 0.1530394249319659]"
BOBYQA,320,539,0,0.0007486690548242914,"[0.16836928739318746, 0.24583052680536785, 0.2085706933305365, 0.16379448278839231, 0.19537511317183645, 0.17156369196150922, 0.17503040072143494, 0.12167753921081842, 0.16911136706537014, 0.1530729906157064]"
BOBYQA,321,540,0,0.0007446154100648476,"[0.1683871983977176, 0.24569575831491636, 0.20854146644397453, 0.163842017432671, 0.19530369101935854, 0.1715176129690572, 0.17508339606768922, 0.12176320675165624, 0.1691432797689706, 0.15307654649175456]"
BOBYQA,322,541,0,0.0007371234873104729,"[0.16843775650025938, 0.2456068261601893, 0.2084981161954297, 0.16397301183381938, 0.19509776299460344, 0.17151371329752244, 0.1752013238088414, 0.12197303943231691, 0.16931502165632972, 0.15310189668394436]"
BOBYQA,323,542,0,0.0007330073273044841,"[0.16859310402566471, 0.2455479259342979, 0.2085407804052619, 0.1642549650213207, 0.19466523579989475, 0.171337074578102, 0.17541215869814122, 0.12233457657381866, 0.16967836200804398, 0.15317687933007934]"
BOBYQA,324,543,0,0.0007298825385227445,"[0.1685905511237031, 0.24532106718814642, 0.2082939663286027, 0.16416230712953478, 0.19459886618009642, 0.17178823638295265, 0.17587974589110214, 0.12263220391086976, 0.1696180197374981, 0.15319147431739338]"
BOBYQA,325,545,0,0.0007205472924923322,"[0.1687865024870836, 0.24528503688734818, 0.20843790982699936, 0.16421384453606255, 0.1945450914325181, 0.1716352731778865, 0.17570527528830857, 0.12282529492672017, 0.1696684292898189, 0.15317212682598674]"
BOBYQA,326,546,0,0.000711390780220715,"[0.16896503711277208, 0.2454172616116962, 0.20851973780992292, 0.16423914733409428, 0.194382040863871, 0.17168507312047485, 0.17566180122464145, 0.1230754473472746, 0.16976563018360102, 0.15319018771280948]"
BOBYQA,327,547,0,0.0006984572938051898,"[0.16928444776656637, 0.24529258447387017, 0.20869597047349608, 0.16426896050705342, 0.19411193446546365, 0.1717100324900296, 0.175714770253632, 0.12370983580114972, 0.16987356906810452, 0.15319016060274382]"
BOBYQA,328,548,0,0.0006889121121584991,"[0.17003473558441126, 0.24525779399543574, 0.2088479688225692, 0.1643957562532665, 0.19347728661810684, 0.17195098505847797, 0.1762353580072531, 0.1247961027206396, 0.17008113719704265, 0.1532322220515958]"
BOBYQA,329,551,0,0.0006730036706290338,"[0.16996631127659179, 0.245254358973686, 0.2086374120627345, 0.1647613400336469, 0.19313814975242344, 0.1716860740017246, 0.17614553955999446, 0.12526977349090326, 0.17027553830467865, 0.15327587798772943]"
BOBYQA,330,554,0,0.0006646768756347705,"[0.17020181494557052, 0.2450732597802291, 0.20852611860919038, 0.16464102946141518, 0.1932957588399648, 0.17156906110831652, 0.17608108850719809, 0.12529742480686315, 0.17028472494429991, 0.15331254770147992]"
BOBYQA,331,555,0,0.0006559745284450651,"[0.17016933067922577, 0.24515782716031, 0.20872631319910762, 0.16450229072342823, 0.19326516126222337, 0.1717435910170102, 0.17586989509742004, 0.125390844769827, 0.17020305226634724, 0.1532798437799128]"
BOBYQA,332,557,0,0.000655169616357993,"[0.17008861121062008, 0.245023602467548, 0.2087094954711486, 0.16451981052907913, 0.19330204772212822, 0.17182024166116, 0.17589957258361197, 0.12544347932710817, 0.1701587705292984, 0.15323478420311276]"
BOBYQA,333,560,0,0.0006519177334976503,"[0.17007418993672632, 0.24499918374368787, 0.20869953581883868, 0.16450558347005728, 0.19328477559038112, 0.17175678818977036, 0.17593190538747508, 0.12542406604434542, 0.17010455092607152, 0.15324918657124917]"
BOBYQA,334,562,0,0.0006503948081937888,"[0.17011695212979983, 0.24498655524188553, 0.20870433660683746, 0.16451627143244868, 0.19324738849566941, 0.17176370872409297, 0.17594589293662694, 0.12550000755775909, 0.17012577360371683, 0.1532531589756496]"
BOBYQA,335,563,0,0.0006501571009494073,"[0.1701940482404451, 0.24498282212273068, 0.20872293845224757, 0.16454673510424742, 0.1932068217100913, 0.17177667135407346, 0.1759500766898016, 0.12548332834999024, 0.17015115203010184, 0.1532493208203288]"
BOBYQA,336,565,0,0.0006494988470969259,"[0.17016561087305945, 0.24497959826048987, 0.20872446783199716, 0.1645494155954564, 0.19319772746635427, 0.17177862876049024, 0.1759104658164396, 0.12555494981910273, 0.1701983592265376, 0.15326187815213943]"
BOBYQA,337,568,0,0.0006493936922754685,"[0.17019533944534485, 0.24493504300249505, 0.20874337526829684, 0.16454239837337858, 0.19322060436047825, 0.17173085856413153, 0.1758776826958608, 0.12559363321477196, 0.1701623439202658, 0.153254756067078]"
BOBYQA,338,569,0,0.0006478991131364265,"[0.17022812923436556, 0.24496087363662025, 0.20877706930600703, 0.16451338165904245, 0.1931863577478038, 0.17176707476643424, 0.17591156030375613, 0.1256321425005764, 0.17012851905743812, 0.15325015958532667]"
BOBYQA,339,570,0,0.0006469418202811728,"[0.17024563217489264, 0.2449983430303473, 0.20879885132838552, 0.1645130064986965, 0.1931763765041078, 0.17179639491356544, 0.17589018139115206, 0.1256780602236557, 0.17006528189896994, 0.15323309017699233]"
BOBYQA,340,571,0,0.0006449686564210214,"[0.17029803818088907, 0.24497593775239998, 0.20882334358271892, 0.16447313631938576, 0.19318974392380966, 0.1718077708882124, 0.1759306465528352, 0.12572667840887536, 0.17005100085377406, 0.15322609688518005]"
BOBYQA,341,572,0,0.0006423556687248333,"[0.1703533403505996, 0.2449795350987963, 0.20891670032895113, 0.16444077846943053, 0.1931438069700798, 0.1718386153775329, 0.175974798864, 0.12583188747904372, 0.169947791942774, 0.15320525999416199]"
BOBYQA,342,573,0,0.0006400558662377153,"[0.17042467355156238, 0.24498134764947296, 0.20892100613795286, 0.16435033755269396, 0.19322632142361088, 0.17192049331275763, 0.17599586475116727, 0.1258481121493617, 0.1698386067069543, 0.1531814035250003]"
BOBYQA,343,574,0,0.0006386135631867209,"[0.17045838382031137, 0.24500666159677129, 0.20899130937405902, 0.1643041473088836, 0.19324471701756454, 0.17189495614446307, 0.17609509748947522, 0.12593152810412916, 0.16972564234015639, 0.15315711592830047]"
BOBYQA,344,575,0,0.0006372870119602206,"[0.17054063036467554, 0.2449615867624628, 0.20902406516691013, 0.1642989985059712, 0.1931580129769673, 0.17202297677412653, 0.17608120048340223, 0.1260013961446981, 0.16969822819618477, 0.15313784845104658]"
BOBYQA,345,576,0,0.0006354888848536813,"[0.1706219326698033, 0.24492846286718176, 0.20912433928035484, 0.16425347956860809, 0.1931834184575752, 0.17197040434239777, 0.17600685791108664, 0.12610540281980087, 0.1697172753497251, 0.15314488916488217]"
BOBYQA,346,577,0,0.0006344261720723119,"[0.17062613638027085, 0.24487908353241733, 0.20910816618651462, 0.1642410765449032, 0.19320443383902705, 0.1720616780966304, 0.17588969339361962, 0.126226222722088, 0.16972279760954315, 0.15314411884649945]"
BOBYQA,347,579,0,0.0006301454392633925,"[0.17066587464291297, 0.2448481531459358, 0.2091283670417377, 0.16419825185071785, 0.1932016479069731, 0.1720812314693605, 0.17587431315000995, 0.1262817878160356, 0.1696846378546944, 0.1531513201268667]"
BOBYQA,348,582,0,0.0006295642358669511,"[0.17071867260316836, 0.2448751389157098, 0.20909222202955863, 0.1641788592761961, 0.1932087852514248, 0.17205781500597445, 0.17588898176727674, 0.12634039851503062, 0.16970791999818133, 0.1531481742163968]"
BOBYQA,349,584,0,0.000628378709046273,"[0.1707623505797109, 0.24484208915061065, 0.20911044112491184, 0.16419249662158097, 0.19320568274774808, 0.1720412463696664, 0.17589133654993225, 0.126387333512593, 0.16964550751015542, 0.15313847205838368]"
BOBYQA,350,585,0,0.0006272197085104164,"[0.17077351097092733, 0.24481860323356447, 0.2091397505235674, 0.1641899856593539, 0.1931574703418811, 0.17205248723899194, 0.17592538203412206, 0.12642583643794342, 0.16970034680347656, 0.15315741407566388]"
BOBYQA,351,590,0,0.0006266655391014514,"[0.17078211269873877, 0.24481841661706813, 0.20915899160806065, 0.16418917371102906, 0.19315248896555362, 0.17209862010856647, 0.1758530432978708, 0.1264702107679402, 0.169713074562578, 0.15315124387969897]"
BOBYQA,352,591,0,0.0006258536390866376,"[0.1707833936920586, 0.24475680978050757, 0.2090961910414754, 0.1642038213735011, 0.19316792144112274, 0.1720997677883347, 0.17587156959208725, 0.12650711575128287, 0.16972233735952766, 0.15315498718231865]"
BOBYQA,353,592,0,0.0006254759606550385,"[0.17077744168593692, 0.24478653468219871, 0.2090756307286622, 0.16422247088773023, 0.19315997187199851, 0.17204292152853357, 0.17587523277473768, 0.12657681889424913, 0.16973360015987146, 0.15315910815039577]"
BOBYQA,354,594,0,0.0006238857211614587,"[0.1708099251367943, 0.24477035436954417, 0.20910664049363079, 0.16419885102106008, 0.19315230921668444, 0.17206966215851816, 0.17586361603753603, 0.12664901695603195, 0.16970249938988313, 0.1531504493342434]"
BOBYQA,355,595,0,0.0006223130355078725,"[0.17082184084045274, 0.2447270345290501, 0.2091383812302578, 0.16418453828925775, 0.19313137337360425, 0.17208503414259665, 0.17589966649109998, 0.1266974694151304, 0.1696537694514744, 0.15314192944806712]"
BOBYQA,356,596,0,0.0006193519889798197,"[0.17093374624800747, 0.24472215469084727, 0.20916628297751366, 0.16416643162369463, 0.19308169837155784, 0.17214278142328443, 0.17594116245413208, 0.1268194648701286, 0.1695937518952548, 0.15312355172232403]"
BOBYQA,357,597,0,0.0006143310642076502,"[0.171039865111995, 0.2445654342794695, 0.20924866803379874, 0.16412333257068368, 0.1930331031617407, 0.17214143824872122, 0.17592297955528538, 0.12712992475161117, 0.1694689530481468, 0.15309390940630754]"
BOBYQA,358,598,0,0.0006073300994286349,"[0.17115790610260978, 0.24460031573304813, 0.20923135437628107, 0.16411983859292753, 0.1929370321662312, 0.17225556008702644, 0.1760564506002843, 0.12743297791301997, 0.16935861757624132, 0.15307258915528157]"
BOBYQA,359,599,0,0.0006026989577840865,"[0.17136669348465913, 0.244508238536113, 0.20935713298397132, 0.16401588902596698, 0.19289667069088098, 0.1723140896038033, 0.17607193642989166, 0.12768042709638502, 0.16924061652677339, 0.1530433669324197]"
BOBYQA,360,600,0,0.0005988930042928207,"[0.17146802984987516, 0.24441916934066266, 0.20932719352233767, 0.16409544305058069, 0.1927431750607733, 0.17235250306880479, 0.17618924186038412, 0.12796299881232795, 0.16911915335213115, 0.15300908485127235]"
BOBYQA,361,601,0,0.0005937166114436284,"[0.17148542882088116, 0.244430308365513, 0.2093024792929489, 0.16401770710353233, 0.19287959570043026, 0.17226097405200863, 0.17610703571847386, 0.1283079841270621, 0.16911212606915385, 0.15301953835017992]"
BOBYQA,362,602,0,0.0005899580055374841,"[0.1716305668661791, 0.2443782926489048, 0.20948347140101323, 0.16395306295920042, 0.19274266533082499, 0.17248529550983185, 0.17604400329513864, 0.1284450303157071, 0.16902990959990546, 0.15299293064705868]"
BOBYQA,363,603,0,0.0005861949189442844,"[0.17177014618132413, 0.24435550786048577, 0.20945970253523347, 0.163855365798219, 0.19278941400536403, 0.17256489966584215, 0.17614352882293505, 0.12870093901440247, 0.16881970449099065, 0.15295067271093088]"
BOBYQA,364,604,0,0.0005825067512212471,"[0.17192354300808735, 0.2442543817802198, 0.20962288912537017, 0.16387619402850606, 0.19264467011581551, 0.17250301416828268, 0.17609126232343444, 0.12896414228212663, 0.16886846932814373, 0.15295426245027627]"
BOBYQA,365,606,0,0.0005786024115084495,"[0.1717914896088613, 0.2442063105827089, 0.2097244005043312, 0.16382422996514479, 0.19265132787770958, 0.17250875796066661, 0.1761732053477208, 0.1289847338415483, 0.1688662156563628, 0.1529592792474246]"
BOBYQA,366,609,0,0.0005773594619550375,"[0.1718584080119195, 0.2442096090601619, 0.20969421768747795, 0.16383087722018855, 0.19268475350000783, 0.1725358129723866, 0.17620435563474854, 0.1289893550486219, 0.1688951949394224, 0.15298886164552292]"
BOBYQA,367,614,0,0.0005759731759710742,"[0.1718907152137088, 0.24415356506519212, 0.2097189089399908, 0.16385186887456304, 0.19264476219888632, 0.17248952082876448, 0.17622409605803144, 0.12899126933961616, 0.16892011106781046, 0.15298593268076177]"
BOBYQA,368,616,0,0.0005746279049226205,"[0.1719279732189424, 0.24413074946796795, 0.20973754470477537, 0.16384284603908314, 0.19262910859168458, 0.1725033345475938, 0.17623474800104966, 0.12907188460071392, 0.16889558234756508, 0.15298235641105842]"
BOBYQA,369,617,0,0.0005736391411746537,"[0.17187737816491572, 0.24409665890997057, 0.2097597455812161, 0.16383404850387437, 0.1925743393896241, 0.17254176294901133, 0.17623589201171225, 0.12910503011388058, 0.1689054345152814, 0.15298821237220434]"
BOBYQA,370,618,0,0.0005728844412171673,"[0.17191621297462778, 0.24409570164387676, 0.20982523998143685, 0.16379992466824395, 0.1926000948272131, 0.17250654523656844, 0.17620808879895372, 0.1291229860004356, 0.16890984592627045, 0.1529839151993952]"
BOBYQA,371,619,0,0.0005724824658380641,"[0.17194841753792758, 0.2440973706239354, 0.20988384521720355, 0.16379186164901133, 0.19258906936934075, 0.17248298512071972, 0.17616039398262245, 0.1291659641366874, 0.1689341759074408, 0.15299228127406705]"
BOBYQA,372,620,0,0.0005723764037536017,"[0.17190412237641242, 0.24406557746853902, 0.20993523695762403, 0.16374761320167014, 0.1926069153504646, 0.17246935613323536, 0.17619486982120325, 0.12919198917655433, 0.1689371375381788, 0.15299929640885276]"
BOBYQA,373,622,0,0.0005720330297947445,"[0.17196104916588584, 0.24406469861294838, 0.21000069210039385, 0.16373817137915075, 0.19257633061712442, 0.17247264285161407, 0.17617281186769854, 0.12916666330923765, 0.16892240751467857, 0.15298960674250497]"
BOBYQA,374,623,0,0.000571186808063025,"[0.17200162725585966, 0.24401141484740665, 0.20999716729009832, 0.16372434539322822, 0.19256599296511862, 0.17250454222500577, 0.17615296600834446, 0.1292143508403238, 0.16896088283999716, 0.15299576549925253]"
BOBYQA,375,624,0,0.000570051196449707,"[0.1720630844560086, 0.24400485097401683, 0.20997573994562016, 0.1637519350841747, 0.19253657669222807, 0.17250659763706117, 0.17616210690226314, 0.12927730199378243, 0.16896709063935314, 0.1529980290611199]"
BOBYQA,376,625,0,0.0005694345748858988,"[0.17209055784954908, 0.2439515834310072, 0.20993836028984625, 0.16377241398066494, 0.19252447594019192, 0.17254105125076932, 0.17612332462984986, 0.1293083208356609, 0.16899512030438457, 0.15300043376851827]"
BOBYQA,377,626,0,0.0005689547904222388,"[0.17212546563273448, 0.2439483520452628, 0.2099305297999561, 0.1637967250402952, 0.19248973987960788, 0.1725433010229148, 0.17612170097257362, 0.12935908182889594, 0.16906022099051984, 0.15300989903211398]"
BOBYQA,378,627,0,0.0005681698954537049,"[0.17216680113006744, 0.243886411649026, 0.20991260848744697, 0.163801927178495, 0.19248227638023127, 0.17253609765361952, 0.1761205267152768, 0.12942065284981233, 0.16904667880801116, 0.15300508491389447]"
BOBYQA,379,628,0,0.0005671837416806141,"[0.17220999613928836, 0.24389330007582996, 0.20991595190633386, 0.1637930882093966, 0.19246415133840195, 0.17261356918405607, 0.1760886511112964, 0.12944602627951596, 0.16904503178834623, 0.153007206710936]"
BOBYQA,380,629,0,0.0005670779603698786,"[0.1723359401491927, 0.24384569732018974, 0.2098867890268533, 0.16380191850849193, 0.19242641500808402, 0.17272026196593918, 0.17612270484755166, 0.12945301039310203, 0.16896700248992702, 0.15297823690313872]"
BOBYQA,381,631,0,0.0005658012286460456,"[0.17230368598669385, 0.24382708598609512, 0.20989191025322249, 0.16377972356593376, 0.1923883115775349, 0.17279498079328726, 0.17612813782885617, 0.12948441927900367, 0.16896127841605213, 0.15298153384247426]"
BOBYQA,382,634,0,0.0005646986488469243,"[0.17235209447248945, 0.24376902922512228, 0.20989763000293654, 0.16379310041549272, 0.19235823525020812, 0.17279694108853358, 0.17618263046058302, 0.12949697480411804, 0.1689673722644537, 0.15298284686674293]"
BOBYQA,383,637,0,0.0005639713439652202,"[0.17236001129813205, 0.24373290307116652, 0.20991223577069623, 0.16374621366734207, 0.19241715719824068, 0.17284113197208859, 0.17618379523832836, 0.12947522081517077, 0.1689501346865803, 0.15298776339860395]"
BOBYQA,384,638,0,0.0005629841939391208,"[0.1724133127489201, 0.2436889801610212, 0.20996403536954064, 0.16373800364606028, 0.1923889764748814, 0.17285409352446002, 0.17619855485746633, 0.12951031958674183, 0.16895697531576456, 0.15299228126080916]"
BOBYQA,385,641,0,0.0005620179223146895,"[0.1723696883094477, 0.24365353572162687, 0.20998408566470453, 0.16374355128517487, 0.19232621775164027, 0.1728901612775563, 0.17619898128282518, 0.1295303172342126, 0.16898407926329978, 0.15299807414347844]"
BOBYQA,386,642,0,0.0005616369204238618,"[0.17238673472225843, 0.2436024272573008, 0.20999792815385976, 0.16374864985481072, 0.1923201937363562, 0.1728707256225923, 0.17626832333543344, 0.1295307605887118, 0.16894443247677707, 0.15298883743316366]"
BOBYQA,387,643,0,0.0005609176319769335,"[0.17241750638988798, 0.2436187947289815, 0.2100608799026784, 0.16371666905016408, 0.19228831632917429, 0.17290645467485272, 0.17627773313547962, 0.12949319752086672, 0.168945660769244, 0.15299123418671867]"
BOBYQA,388,644,0,0.000559844706596353,"[0.1724474742259784, 0.2435919928518743, 0.2101162642126237, 0.1636756251066674, 0.19229650969678777, 0.17291655566505373, 0.17627129799436336, 0.12950913382531667, 0.1688910695931237, 0.1529775657387117]"
BOBYQA,389,645,0,0.0005589168624386214,"[0.17251934094878607, 0.24359552349105268, 0.21016090052764538, 0.16366605208856846, 0.19227704047038977, 0.17293973508313187, 0.17629301655167148, 0.12953246049779352, 0.1688637523845932, 0.15296980236416374]"
BOBYQA,390,646,0,0.000557862783870957,"[0.17255275276667947, 0.24356325289626096, 0.2102149031502493, 0.16361843123229464, 0.19227501518904624, 0.17298712789496998, 0.17629083609517085, 0.12953828562555172, 0.16884456622165442, 0.15296868245086778]"
BOBYQA,391,647,0,0.0005574182707604974,"[0.17261418807151366, 0.24353941817846014, 0.21027183129073881, 0.16361271861596866, 0.19224094753711918, 0.17296734344321485, 0.17628766192914253, 0.12956230975689598, 0.168829191125192, 0.15296576609436013]"
BOBYQA,392,648,0,0.0005559526064703756,"[0.17261614423769436, 0.2434974695341704, 0.21028280831232318, 0.16359168023645734, 0.19224229143094207, 0.17300601383845945, 0.17634767739713836, 0.12960623003792618, 0.1688042606150715, 0.15296088829747836]"
BOBYQA,393,649,0,0.0005554717572530039,"[0.1726667169407905, 0.24348497284990192, 0.21032923850034474, 0.16356852973308023, 0.19221789851615287, 0.17302914755810214, 0.1763781610100694, 0.12957325948942017, 0.168768044619656, 0.15294920766859804]"
BOBYQA,394,650,0,0.0005543040666316668,"[0.17267954824554202, 0.24345894606827725, 0.21035695095612827, 0.163557555185518, 0.19218045272745388, 0.17308742320138484, 0.17637235317831093, 0.12962694098369354, 0.16879085637703037, 0.15295516549151553]"
BOBYQA,395,651,0,0.0005533772406258334,"[0.17274110139616589, 0.24340239671732322, 0.2103876662522243, 0.16353220581421335, 0.19219178233636966, 0.1730856091595162, 0.17637666973011282, 0.1296625321189049, 0.1687878272273307, 0.15295624829161875]"
BOBYQA,396,652,0,0.0005526562739967683,"[0.17272447248015568, 0.24338653448467978, 0.21046473591147674, 0.16350067654580114, 0.19216778358212053, 0.17309609635077042, 0.17638726547581132, 0.12970048258205588, 0.16877070014067969, 0.15295374317272892]"
BOBYQA,397,653,0,0.0005516589682852464,"[0.17278691107255545, 0.2433386480193067, 0.21047535069307693, 0.16349804257069464, 0.19214344419425125, 0.17310896198124326, 0.17643472946097155, 0.1297255986841249, 0.16876388471550222, 0.1529529255788014]"
BOBYQA,398,654,0,0.0005512189266783122,"[0.17284161637254164, 0.24331841272221563, 0.2104890357636072, 0.1634979579084033, 0.19213153867145744, 0.17316740191856664, 0.17640916079905802, 0.1297364139682388, 0.1687192546903175, 0.15294338404621616]"
BOBYQA,399,655,0,0.0005497868812393362,"[0.17290454074183878, 0.2433365432859967, 0.21051932086520986, 0.1634548993727346, 0.19213037497549393, 0.17320532869260774, 0.1764113255082881, 0.12977285341264821, 0.16870681038962765, 0.15293972242629003]"
BOBYQA,400,656,0,0.0005491980066783141,"[0.17295791860071671, 0.24328346284721433, 0.21055105575558108, 0.16344206912298764, 0.19211026793613198, 0.17325653313518202, 0.17642202651101904, 0.12977219334506357, 0.16870399448312398, 0.15293618856501814]"
BOBYQA,401,657,0,0.0005475695653109207,"[0.17297277979888406, 0.24325458427891591, 0.2105476749111147, 0.1634316862869705, 0.19210092418587815, 0.17326612363308924, 0.176431349836689, 0.12985285331704083, 0.16865974456846197, 0.15292640869070576]"
BOBYQA,402,658,0,0.0005452730506844785,"[0.17311623847088004, 0.24320700607955523, 0.21057935561081143, 0.16339977404812597, 0.1920950872180181, 0.17328932860602436, 0.1764265782063193, 0.12997076096865798, 0.16863465942090983, 0.1529237481838528]"
BOBYQA,403,659,0,0.0005406473793870599,"[0.17325560069416357, 0.2430329745749249, 0.21070386606189026, 0.1633125559478844, 0.1920090216764184, 0.1734995390926603, 0.17643543879369192, 0.13015742320576668, 0.1686093754010227, 0.15291874337569067]"
BOBYQA,404,660,0,0.0005352057861927158,"[0.17368758861168482, 0.24273279997143757, 0.21105056539538833, 0.16314065363322622, 0.19194110813148407, 0.17347716918379252, 0.17654167310742833, 0.1305972317793565, 0.16854866930501783, 0.15291479247890233]"
BOBYQA,405,661,0,0.0005271412372952816,"[0.1741436919427488, 0.24256383427663822, 0.2110611228013602, 0.1631161793948213, 0.19171529505425441, 0.17402986347079377, 0.17648437777234105, 0.13068707003373967, 0.16836984002804178, 0.1528608128549871]"
BOBYQA,406,662,0,0.000525842242870678,"[0.17451082241066437, 0.24211487771172574, 0.21108906846330913, 0.1631030793362491, 0.19163178298662517, 0.1741006041754111, 0.17645478962976283, 0.1311876794276091, 0.16856455881705856, 0.15289716540450646]"
BOBYQA,407,663,0,0.0005222561191469463,"[0.17460398172348587, 0.24188816404854407, 0.2116846267411764, 0.16281517766266618, 0.19146899024781772, 0.17420930155979295, 0.1767301027319641, 0.13128114831412704, 0.16842529995123526, 0.15288707305629542]"
BOBYQA,408,666,0,0.0005199013802996543,"[0.17471222834178018, 0.2419007785229666, 0.21167519282943234, 0.1629118639741634, 0.19135362949133927, 0.17404821326017383, 0.17668966939857028, 0.1315938189015514, 0.16843069449983233, 0.15288845395727133]"
BOBYQA,409,668,0,0.0005169942603372659,"[0.17480117470699408, 0.24180335756842566, 0.21167992768568322, 0.16281711678578037, 0.19145573277579037, 0.17402271772774522, 0.17664361596744002, 0.13161315066911622, 0.16843004810759807, 0.15288315332401944]"
BOBYQA,410,671,0,0.0005153569507446779,"[0.17479653471583284, 0.2418659907335987, 0.21168033798331823, 0.16279852699513714, 0.19145905508532451, 0.1740817818486963, 0.1766697843554757, 0.13165198581902754, 0.16843413922858777, 0.15288243942922053]"
BOBYQA,411,674,0,0.0005148556709827063,"[0.17481390492344365, 0.24181327745016648, 0.21164819580393754, 0.16283059555742074, 0.19140890984045184, 0.17411328028428663, 0.17667489543827736, 0.13162795284098205, 0.16846142698740518, 0.15288418506511592]"
BOBYQA,412,678,0,0.0005144134609910469,"[0.17474932576419622, 0.2418480875355009, 0.21164549523284842, 0.16281837715164527, 0.1914226211062377, 0.1741515903158454, 0.17665753189248218, 0.13158584811061078, 0.16843684936989908, 0.15287290721186172]"
BOBYQA,413,679,0,0.0005142212912633984,"[0.17476522464544217, 0.24188046972255686, 0.21158148152090459, 0.16286541089044404, 0.19141041985575127, 0.17413901929417214, 0.17669123127455366, 0.13156555723803953, 0.16841508928615628, 0.15286510199380965]"
BOBYQA,414,681,0,0.0005134547992377038,"[0.17481947795045447, 0.24183755937851198, 0.21160821035475133, 0.16285155386635725, 0.19138370249294243, 0.174172339965332, 0.17669876074146454, 0.13161430733066395, 0.16840836423495176, 0.1528626003392997]"
BOBYQA,415,682,0,0.0005117853535512504,"[0.17483410831990667, 0.24182572844500885, 0.21156252323062716, 0.16283153410749393, 0.1914225476167593, 0.1742190516862352, 0.17669274313352973, 0.13164254235385012, 0.16835754969724856, 0.15285543072628388]"
BOBYQA,416,683,0,0.0005117081048810239,"[0.17487481581426903, 0.2418425312748592, 0.21153787117522244, 0.1628490571290308, 0.19138156773665077, 0.1742896499700612, 0.17668993880390269, 0.13165103018873447, 0.16834115545235767, 0.15284387055465076]"
BOBYQA,417,684,0,0.0005109576363787591,"[0.17492101079969857, 0.24179695680662555, 0.21156799381933517, 0.1628321794019359, 0.1913604816674159, 0.17430606419754838, 0.176702926875046, 0.13171193659194363, 0.16833934305967377, 0.1528428000803472]"
BOBYQA,418,685,0,0.0005106863857109571,"[0.17494166839024128, 0.24173961195911434, 0.21153995812072593, 0.16282041470241662, 0.1913910919864622, 0.1743064319938582, 0.17675444677904914, 0.13169291677140207, 0.16830311753979307, 0.1528330556159285]"
BOBYQA,419,686,0,0.0005098182077015854,"[0.174982244393488, 0.24170427036346734, 0.2115824217877218, 0.1627937940499241, 0.1913684243064396, 0.17432581634609884, 0.17678266774440266, 0.13174049876838914, 0.16827849565025943, 0.15282701791542114]"
BOBYQA,420,687,0,0.0005085290355881631,"[0.1749604269341751, 0.24174164268729675, 0.21157906139915975, 0.16279011207030725, 0.19135857588779812, 0.1743566647030685, 0.1767928272083189, 0.13181955147930668, 0.1682520247738869, 0.15282624777799095]"
BOBYQA,421,688,0,0.0005074492892408203,"[0.17502498202533395, 0.24170214253379452, 0.2115771764887095, 0.16276802581494185, 0.1913704903516805, 0.17437984327718142, 0.17679658316860591, 0.1318635217927894, 0.16821870387025548, 0.1528196112545389]"
BOBYQA,422,689,0,0.000506169860961588,"[0.17512490846121664, 0.24163972342411524, 0.21162843416621502, 0.1627493767925093, 0.19129772685124252, 0.1744630918002459, 0.17682068145600707, 0.13196493743466114, 0.16822580404323287, 0.15282113135356098]"
BOBYQA,423,690,0,0.0005057354527882685,"[0.17527087591829, 0.2416158176967593, 0.21171488838265667, 0.16266986355841964, 0.19133174494731933, 0.1744886237140286, 0.17678991598642024, 0.13198598034365172, 0.16819466077224457, 0.15280860135788862]"
BOBYQA,424,692,0,0.0005051372284002567,"[0.17527217121605235, 0.24153828404578007, 0.21170519135974425, 0.16268150259639444, 0.19131381023572064, 0.17449339310359654, 0.1767841674092765, 0.13203020858654504, 0.16823087602989856, 0.15281919504745645]"
BOBYQA,425,696,0,0.0005048562546350025,"[0.17527650886782242, 0.24155217069417687, 0.21172585448566303, 0.16266806965908467, 0.1913119325363834, 0.17447893065197628, 0.17681352562911754, 0.13205241571999488, 0.1682405219071961, 0.15282368326950077]"
BOBYQA,426,699,0,0.0005046276827607006,"[0.17527800054042747, 0.24155751755974106, 0.21172620841942644, 0.16266983084191386, 0.19131459843061444, 0.17446822367697262, 0.1767991602307399, 0.13206668300740237, 0.16823285368269114, 0.15282298271682096]"
BOBYQA,427,700,0,0.0005041600074943478,"[0.17527404633470933, 0.24155761050705818, 0.21172499225000643, 0.16266596684414467, 0.1913153568672625, 0.17446809120680937, 0.1768084551280608, 0.13207696859234266, 0.1682128495651891, 0.1528229683704754]"
BOBYQA,428,701,0,0.0005036123065363048,"[0.17526922223600494, 0.241558787604894, 0.21171971189500205, 0.16265709437171844, 0.19131500450093017, 0.1744706134869046, 0.1768376999238579, 0.1320964044021996, 0.1681798941574714, 0.15281639677601994]"
BOBYQA,429,702,0,0.0005026520422925238,"[0.17527254890409524, 0.2415380541226117, 0.2117120846790309, 0.16265781461823264, 0.19129393950824114, 0.17448958937714784, 0.1768983314279681, 0.13212994458659014, 0.1681183781290897, 0.15280585165969193]"
BOBYQA,430,703,0,0.0005015760205390013,"[0.1753090198376928, 0.2415055923626192, 0.21167532232120362, 0.16267624203820852, 0.19123500247025646, 0.1745611949794267, 0.17701594499433834, 0.1322069315118491, 0.16803377298709882, 0.15278569824930716]"
BOBYQA,431,704,0,0.0005003112485500838,"[0.1753017696263743, 0.24145504759281022, 0.2116652461901757, 0.162694861714478, 0.19121920335538056, 0.17444613487831806, 0.17713513992996846, 0.1322870519801865, 0.16798102452355865, 0.15277885146249812]"
BOBYQA,432,707,0,0.0004997563600516506,"[0.17528330275267962, 0.24142671767194815, 0.21167716986403304, 0.16267612267864592, 0.1912132281396831, 0.1744772729884726, 0.1771887926826387, 0.1323166744519179, 0.16792246544508738, 0.15276571733827454]"
BOBYQA,433,708,0,0.0004989693337553568,"[0.17532666178299414, 0.24139212249072275, 0.21170917129956518, 0.1626646886411428, 0.19117354802090744, 0.17451278304011938, 0.17723656858715311, 0.13231698549026516, 0.16789782041185825, 0.15275917121098243]"
BOBYQA,434,709,0,0.0004983058023927837,"[0.17535269365456158, 0.24135114797764057, 0.2117902846113443, 0.16259625836477107, 0.19115098791115356, 0.1746201348741725, 0.17732261640423727, 0.132315557793958, 0.1678164077702706, 0.15274145961337954]"
BOBYQA,435,710,0,0.0004976287382068141,"[0.17546061435995358, 0.24126989447017005, 0.2117704549283944, 0.16258776098300512, 0.19111201277921594, 0.17470725851112864, 0.17733643372978297, 0.1324215119451382, 0.16779069871373978, 0.15273156912312974]"
BOBYQA,436,713,0,0.000496258835680022,"[0.17549826986262654, 0.24132533618273774, 0.21180962108592477, 0.16258533915377887, 0.1911009469090704, 0.17468020132910408, 0.17732768617198252, 0.13245353789403522, 0.16774612321374044, 0.1527265966466935]"
BOBYQA,437,714,0,0.0004947322906333133,"[0.17553027645347405, 0.24129592005376466, 0.21194955612615815, 0.16250835569188582, 0.1911015736841023, 0.1746041561541655, 0.177389546484012, 0.1325048988179671, 0.16772732871396834, 0.15272566756283745]"
BOBYQA,438,715,0,0.0004942934845911897,"[0.1755167576856496, 0.24131258032174266, 0.21208089631440344, 0.16245524623845603, 0.19106592113626217, 0.17460175638200062, 0.17749204489001355, 0.13254425781366236, 0.16764979731427657, 0.15271445219354363]"
BOBYQA,439,716,0,0.0004930640539722981,"[0.175657327370049, 0.24125066379073692, 0.21212790068929518, 0.1623959500451117, 0.19108339822482406, 0.17462111347042147, 0.1774805519164179, 0.13264325605601246, 0.16764182926870444, 0.1527122885081405]"
BOBYQA,440,717,0,0.000490671067309723,"[0.1757586852957178, 0.24110443549334498, 0.21205581691683753, 0.1624401353353221, 0.19102351820267574, 0.17456762134843962, 0.17766070270893503, 0.1329122535541478, 0.16754448436287345, 0.1526908775549203]"
BOBYQA,441,718,0,0.0004889565830262016,"[0.175895906036258, 0.24103405612709716, 0.21193299261963786, 0.1625582869271301, 0.19093769210464798, 0.1744100120069086, 0.17780318926651673, 0.13314222047093355, 0.16750306413673366, 0.15268300698560283]"
BOBYQA,442,719,0,0.0004889051937095643,"[0.17583861505191278, 0.24096390769948497, 0.2118225948274815, 0.1625968530418819, 0.1909032022168509, 0.17439060336840628, 0.17806095475539457, 0.13328900571552196, 0.16728721363129062, 0.15263856286448266]"
BOBYQA,443,721,0,0.0004882643713236605,"[0.1758941243925756, 0.24101808865093308, 0.21184670902404884, 0.1626130733238317, 0.19077413852011127, 0.17448647096111436, 0.1781270367572987, 0.1332832953357168, 0.16734066066133696, 0.15264443551252635]"
BOBYQA,444,724,0,0.00048802895663569356,"[0.17589665349219233, 0.24099567026997948, 0.21182919440785225, 0.16262148928830034, 0.19075486049087018, 0.17450052394505342, 0.17809747238714194, 0.13328888747666418, 0.16733302671008432, 0.15263545221646008]"
BOBYQA,445,725,0,0.0004877454672577732,"[0.17592321413405868, 0.2410038400490641, 0.211822045391654, 0.16261126160874848, 0.19077552347124635, 0.17449719182261977, 0.17809973192555986, 0.13327152401655887, 0.16730438230127392, 0.15263282277982632]"
BOBYQA,446,730,0,0.00048769336909957364,"[0.17592605584308027, 0.2410015164733695, 0.21182262921208606, 0.1626110830955469, 0.190773113767275, 0.17449681569178457, 0.17810546265567337, 0.1332769620625092, 0.16730024415434422, 0.1526320061075972]"
BOBYQA,447,733,0,0.0004874182387984778,"[0.1759262516633231, 0.24099831501469396, 0.21182963299923396, 0.16261426987219046, 0.1907730654158116, 0.17449505845134144, 0.17810244645279616, 0.13327952286937625, 0.16729731900092853, 0.15263379545693181]"
BOBYQA,448,734,0,0.0004870098414889879,"[0.17593339096385163, 0.2409884471082415, 0.21184026884031426, 0.162619339668722, 0.19076718916628047, 0.17448952706970125, 0.17810047921522162, 0.13328230295425947, 0.1672919994493519, 0.152631001205361]"
BOBYQA,449,735,0,0.0004863845477163787,"[0.1759553977148198, 0.24096857418813422, 0.2118584525556135, 0.16262369570714788, 0.19075479883926832, 0.17447954690989806, 0.1781005143130639, 0.13329064827772052, 0.16728510370449656, 0.1526300920081436]"
BOBYQA,450,736,0,0.00048580706665410947,"[0.17601014224428463, 0.24094250889080332, 0.21186954761111074, 0.1626378310020199, 0.1907287104198464, 0.17447590862213402, 0.1781232207520616, 0.1333115081865955, 0.16725960851944852, 0.1526197883896301]"
BOBYQA,451,737,0,0.00048496067840750887,"[0.17601288581444438, 0.24092103525402406, 0.21192320265469794, 0.162612579054117, 0.19071780926772736, 0.1744899680489116, 0.17811081705911036, 0.13335255390589879, 0.16724351950943353, 0.15261885583563045]"
BOBYQA,452,738,0,0.0004843974785999769,"[0.1760405493791145, 0.2408898243200705, 0.21197195732306148, 0.16259347836902166, 0.19072224305054986, 0.17446695206269303, 0.17813928076026808, 0.1333410606145627, 0.16722325257998083, 0.1526148147438678]"
BOBYQA,453,739,0,0.0004838012506783181,"[0.1760436303110856, 0.24088991482916813, 0.21200826605399692, 0.16259245721986385, 0.19069038195955723, 0.17445645063886026, 0.17817235404577642, 0.13338669828769423, 0.16719558341452703, 0.1526129434297022]"
BOBYQA,454,740,0,0.0004832662194205334,"[0.17609082206466217, 0.24085380848405188, 0.21204526052399383, 0.16257964876116648, 0.19068531665754818, 0.1744438516845714, 0.17818507076861198, 0.13341512642098297, 0.16718270832925372, 0.15260887031593104]"
BOBYQA,455,741,0,0.0004820680079504628,"[0.17613169930020348, 0.2408151653950563, 0.21205751268069944, 0.16256269125440928, 0.19065763084067908, 0.17448062207271448, 0.17825043717583663, 0.13346641553825792, 0.16707156518030813, 0.152583902642706]"
BOBYQA,456,742,0,0.00048167029680631977,"[0.17620624999093334, 0.2407440333861522, 0.2120403684906998, 0.16256829953506166, 0.1906214720232213, 0.17456926491796487, 0.1782660763870589, 0.13351911397704463, 0.1670231600197898, 0.15257262116579484]"
BOBYQA,457,743,0,0.0004811475656867777,"[0.17626681127115293, 0.24076997491727248, 0.21201424246624034, 0.1625225344573642, 0.19071375704182109, 0.17455697402682094, 0.1782389424436343, 0.13355307420686513, 0.1669354214269798, 0.15255754942455502]"
BOBYQA,458,749,0,0.00048112100435481045,"[0.1762744962861902, 0.24076468097233802, 0.21201274525758207, 0.1625146460408993, 0.19071346798863892, 0.17455812050915195, 0.17825160133576523, 0.13354849126619023, 0.16694291246558934, 0.1525606609217314]"
BOBYQA,459,751,0,0.0004809346271586513,"[0.17627212918712087, 0.24076362540426824, 0.2120125081881728, 0.162510536042791, 0.1907096491786074, 0.1745584469851262, 0.17824524224533458, 0.13355268663204758, 0.16694479820848251, 0.1525604389239139]"
BOBYQA,460,753,0,0.00048084823926229165,"[0.17627748962379694, 0.2407601249983054, 0.21201586058826072, 0.16251016118071002, 0.1907084554915878, 0.17455950363899295, 0.17824686852316896, 0.13355619470783245, 0.1669393978111695, 0.15255945064446547]"
BOBYQA,461,754,0,0.000480767665786009,"[0.17627660686399427, 0.24075866487669867, 0.21202407456452368, 0.16250845148172638, 0.1907089468033259, 0.17455499848875444, 0.17824496717950536, 0.13355767340806587, 0.16693999363619044, 0.1525594074252256]"
BOBYQA,462,755,0,0.00048062494449643167,"[0.17628022903804572, 0.24075652828445188, 0.21202948949376382, 0.1625089813254933, 0.1907043217110485, 0.17455526669755017, 0.1782398816577688, 0.13355850369486838, 0.1669378542626081, 0.15255906044647374]"
BOBYQA,463,756,0,0.00048044585201793664,"[0.17629224694049414, 0.24075289651142637, 0.2120404835565385, 0.1625112924695454, 0.19069795198093797, 0.17455769291638065, 0.17823170100983168, 0.1335577043503104, 0.1669363918137711, 0.15255896699157268]"
BOBYQA,464,757,0,0.0004802320098693745,"[0.17629381315807957, 0.2407406510806948, 0.2120467230503744, 0.16251731823003368, 0.19068551594430636, 0.1745582018017437, 0.1782302711121389, 0.13355701813440407, 0.16693326130401032, 0.15255670297889073]"
BOBYQA,465,758,0,0.00047996052244638604,"[0.1763159199565828, 0.24071907516192959, 0.21205537794912035, 0.16252899420292455, 0.19066566858265485, 0.17455865692274689, 0.17823499482126137, 0.13355547828156694, 0.1669296857518174, 0.1525549884741949]"
BOBYQA,466,759,0,0.0004795651263913218,"[0.17637202827544848, 0.24070679209541201, 0.21204615054153814, 0.1625474319358068, 0.1906411227766461, 0.17458234876139758, 0.17822766826013794, 0.13357206605881033, 0.16689671571681097, 0.15254517868749512]"
BOBYQA,467,760,0,0.00047925453763207615,"[0.1764262164160724, 0.2406627742123875, 0.21202506195551887, 0.1625713378273595, 0.1906242970165838, 0.1745833524395623, 0.1782176858272009, 0.133565030826332, 0.166888863621357, 0.15254131360785475]"
BOBYQA,468,761,0,0.00047901730934655443,"[0.17647854532118654, 0.2406392774542854, 0.2120145735862702, 0.16258320505035104, 0.19063219084229677, 0.17457998143815392, 0.17820298574219337, 0.13357836070933288, 0.16684140847794499, 0.15252951080623653]"
BOBYQA,469,762,0,0.00047894156850860427,"[0.17652628567587086, 0.2406304737807488, 0.2120145176228404, 0.16260639191598178, 0.19058363894525313, 0.174608763516365, 0.1781925489287111, 0.13358421728449757, 0.16685467875622442, 0.15253034652782077]"
BOBYQA,470,765,0,0.0004788002559385152,"[0.17654375464649724, 0.24065332950457424, 0.21199930347156407, 0.16260897131438556, 0.19058516322994165, 0.17458918747533966, 0.1782035115749335, 0.13357887865417323, 0.16685437311878693, 0.15253043835519134]"
BOBYQA,471,766,0,0.00047878699407674354,"[0.17653248454402878, 0.24064732472597838, 0.21198342272390763, 0.16262259512715993, 0.19058787142630154, 0.17458183480180728, 0.1781748970490465, 0.13358603996181745, 0.16684644747088367, 0.15252823982055924]"
BOBYQA,472,768,0,0.00047853668766158013,"[0.17652810590268952, 0.2406414923708603, 0.21198204160917283, 0.16262778867989114, 0.19058051701255152, 0.1745768078249074, 0.17818632126298567, 0.13358435515880315, 0.16683622585503147, 0.15252737952316767]"
BOBYQA,473,769,0,0.00047827696728372125,"[0.17652944178431054, 0.24063549095803857, 0.2119783351119239, 0.16262569420696024, 0.1905821752674213, 0.1745718661243741, 0.17819389084108236, 0.13360019713469864, 0.16683845888215043, 0.1525292900700527]"
BOBYQA,474,770,0,0.00047775720518915575,"[0.17653077800388176, 0.24064297656204678, 0.2119785540847046, 0.16262136537354221, 0.19058433550793002, 0.1745768217808792, 0.17819678537808267, 0.133609472085523, 0.1668248794174797, 0.15253320968911765]"
BOBYQA,475,771,0,0.0004776866564107424,"[0.17653593677146362, 0.24064606319712203, 0.21198254948784845, 0.16261137311522147, 0.19059078573912705, 0.17457657257966552, 0.1782005539182414, 0.1336188088625683, 0.16681484314674117, 0.1525311409422218]"
BOBYQA,476,772,0,0.0004776396201141656,"[0.1765371194492448, 0.24063313474402231, 0.21198244194050536, 0.16260459803392124, 0.19060048467680069, 0.17457985566550935, 0.17820613186900883, 0.13361734890809202, 0.16680795537822382, 0.1525310477809677]"
BOBYQA,477,773,0,0.00047753774482613885,"[0.17653416101981045, 0.24063301717444255, 0.21199472749558831, 0.16259879282383757, 0.1906030722549611, 0.17457360652962883, 0.17820302229295693, 0.13362218745370344, 0.1667968636615119, 0.1525288696812452]"
BOBYQA,478,774,0,0.0004773909520312858,"[0.1765339109285833, 0.24062349224654542, 0.21201289220965083, 0.16258685977745974, 0.19061934632344546, 0.1745557680419663, 0.178201469543584, 0.1336214168934959, 0.1667758897924262, 0.15252556909873455]"
BOBYQA,479,775,0,0.00047722608642910864,"[0.17652393234741368, 0.2406075138980981, 0.2120087906459157, 0.1625834217235774, 0.19063761231403464, 0.17454406412241003, 0.17818675968857076, 0.13362518906929186, 0.16675365559487706, 0.15252099958797513]"
BOBYQA,480,776,0,0.00047713824732737163,"[0.17652957155932586, 0.24059871692920126, 0.21200334020271308, 0.1625827786037395, 0.19065961075944038, 0.17451606334406639, 0.17817718457538506, 0.13361926599709353, 0.16674576988481157, 0.15251905883944297]"
BOBYQA,481,777,0,0.0004769621976159705,"[0.17651474164801695, 0.24058283214895454, 0.21200592726696135, 0.16257825593094885, 0.1906751768000802, 0.17451104322048505, 0.1781678181100591, 0.13362375142507021, 0.16671961754411185, 0.15251263216895164]"
BOBYQA,482,778,0,0.0004768575374824378,"[0.17651485312708062, 0.24056661429776138, 0.2119994805399774, 0.1625766843457589, 0.19068647442594616, 0.1744969298460177, 0.17814702698618895, 0.1336466408930406, 0.16672170259659494, 0.15251499204132252]"
BOBYQA,483,779,0,0.00047676536718785795,"[0.17651559040567896, 0.24056143766022314, 0.21198101353479326, 0.16258576704025637, 0.19069634218771156, 0.1744825513828374, 0.17815262106846627, 0.1336334116983083, 0.16669701931267103, 0.15250956521503847]"
BOBYQA,484,780,0,0.00047669099490060243,"[0.17651089552805976, 0.2405575181237211, 0.211992351567288, 0.16257487434211199, 0.19071645993410297, 0.1744697356757019, 0.1781271077346874, 0.13364179459279013, 0.1666921635780191, 0.1525082821891747]"
BOBYQA,485,781,0,0.00047652905629227586,"[0.1765046917746056, 0.24053243170021668, 0.21199595095167598, 0.16257310395650496, 0.19072290835536929, 0.17445856087588446, 0.17814285823731207, 0.13365065524165481, 0.16667189442317476, 0.15250478810724344]"
BOBYQA,486,782,0,0.0004764145670649162,"[0.1765113920132203, 0.2405237976606679, 0.21199753023038745, 0.16256169093308243, 0.19074564665615276, 0.17445010224584492, 0.17812726545487578, 0.13364917432131726, 0.1666495808438508, 0.15250078730949543]"
BOBYQA,487,783,0,0.000475995876840467,"[0.17652299287031153, 0.24048497170159802, 0.2120144656571179, 0.1625503109701462, 0.19076422208045885, 0.1744232972989311, 0.17811595992409995, 0.13366900520004335, 0.1665982218556396, 0.15248986591912492]"
BOBYQA,488,784,0,0.0004753598938795074,"[0.17660404237163957, 0.24043032340101309, 0.2120744242296576, 0.1625214832412285, 0.1907831192848734, 0.17443352950668214, 0.1780870923594144, 0.1336819935513464, 0.16649976492438773, 0.15246839803800055]"
BOBYQA,489,785,0,0.00047444125900332934,"[0.17664902537656976, 0.24035962159339452, 0.21211470433493412, 0.16246460662701062, 0.19078328691296714, 0.17450704372125442, 0.1781025578511228, 0.1337167343918758, 0.16641893052811518, 0.15245007666680824]"
BOBYQA,490,795,0,0.00047441132436067124,"[0.17665084523397695, 0.24035571016627572, 0.21211634756646705, 0.16246285385306924, 0.1907863132214894, 0.1745044656448909, 0.17810067748438857, 0.1337190690091557, 0.16641190724883587, 0.15244885243610726]"
BOBYQA,491,796,0,0.00047441072737764426,"[0.17664889808146048, 0.240357599354446, 0.21211261415963478, 0.16246542924535445, 0.1907928405395415, 0.17450487174355367, 0.17809769285831786, 0.13371687825943357, 0.1664088502000178, 0.1524463534620264]"
BOBYQA,492,798,0,0.00047436986679958695,"[0.176651811673818, 0.2403562826730917, 0.21211847442895806, 0.16246113047319094, 0.19079272540930023, 0.1745101679218193, 0.17809795793968192, 0.1337196423201738, 0.16640780035532754, 0.15244663612464757]"
BOBYQA,493,801,0,0.0004742799366866601,"[0.17665685469630216, 0.2403510094525508, 0.2121146240072365, 0.16246146641342996, 0.19079112943210286, 0.17451271835263735, 0.17810026232888437, 0.13372381552910778, 0.16640758929451716, 0.15244662210920787]"
BOBYQA,494,802,0,0.0004741366955359841,"[0.17666755869130477, 0.24034272900694767, 0.21210783009505463, 0.16246310668884417, 0.19078711945603846, 0.17452084553467653, 0.17810231588507872, 0.13372758929490078, 0.1663995451117149, 0.15244497508424362]"
BOBYQA,495,803,0,0.0004739537761006232,"[0.17669358526385556, 0.24033527090062268, 0.21210218461596336, 0.16246239007135882, 0.1907868960869496, 0.17453476551999475, 0.17809892432645064, 0.13372597392454783, 0.16637510118179194, 0.1524395736483123]"
BOBYQA,496,804,0,0.00047382430168877506,"[0.176711623270649, 0.24030614229936129, 0.21210118907421227, 0.16247002230003693, 0.19077505400094633, 0.17453865830038995, 0.17809893615006686, 0.13373169304026286, 0.16636243104040233, 0.15243529775844047]"
BOBYQA,497,806,0,0.0004737354310674169,"[0.1767167087346557, 0.2402975598911547, 0.21210375248055657, 0.1624670273286127, 0.19078025743723104, 0.1745349380703373, 0.17809544999457813, 0.13373632437534178, 0.16634816545050943, 0.15243266831766672]"
BOBYQA,498,807,0,0.0004736688240829034,"[0.17672365996136724, 0.2402949149219973, 0.21210457004507516, 0.16246495325017807, 0.1907825146987797, 0.17454004874568907, 0.1780798701601448, 0.13374440201713703, 0.16634761417083915, 0.15243220281492947]"
BOBYQA,499,808,0,0.00047359890186777354,"[0.17673576385608672, 0.24028599433660494, 0.21209615735264814, 0.1624667134292536, 0.19078855685091944, 0.1745354582841163, 0.17807741257792045, 0.13374214389401076, 0.1663422378899926, 0.15243064586325614]"
BOBYQA,500,809,0,0.00047354569598136013,"[0.1767371136403592, 0.24027577780747664, 0.2120928337769492, 0.16247279685533492, 0.19078550504514444, 0.17453090969906393, 0.17807236563453327, 0.1337497541073332, 0.16633099995906844, 0.15242818310740444]"
BOBYQA,501,811,0,0.00047350205974259146,"[0.17673561702946108, 0.24027989602072494, 0.21209165796986712, 0.16246915971811718, 0.1907902472654533, 0.1745311058658789, 0.17807453013971364, 0.13375355751861812, 0.16632613052876846, 0.1524272888593268]"
BOBYQA,502,812,0,0.0004733744339950736,"[0.17673953602113684, 0.24027794197404306, 0.2120866983956035, 0.162470401984368, 0.1907905207363175, 0.17453277476403417, 0.17807769316951613, 0.13375890679287192, 0.16632250193373263, 0.1524270980672367]"
BOBYQA,503,813,0,0.00047321696838109357,"[0.17674600073348787, 0.24027275831098177, 0.2120784899576406, 0.1624720649486612, 0.19078795000258694, 0.17454269742472478, 0.17808369516507136, 0.13376981131945548, 0.16632167036612566, 0.1524263901088917]"
BOBYQA,504,814,0,0.0004730669593368268,"[0.17675932926578528, 0.24027882058401018, 0.21207549607521017, 0.1624767285597278, 0.19078382521565965, 0.17453929476523491, 0.178084220410419, 0.13378023179315293, 0.1663175441867196, 0.15242702807620498]"
BOBYQA,505,815,0,0.00047300307721546763,"[0.17676619552003617, 0.2402794698081353, 0.21206255473281121, 0.16248367571277453, 0.1907826278326267, 0.17454443234227587, 0.17807969694401724, 0.13378227450258678, 0.16630870922592308, 0.15242454364152436]"
BOBYQA,506,816,0,0.00047282905592591426,"[0.17677767402836467, 0.24026992671117767, 0.21205942831206429, 0.16248277407623593, 0.19078496008209372, 0.17454113525534432, 0.1780769658437032, 0.13379413345755473, 0.16630996031322565, 0.15242532886809557]"
BOBYQA,507,817,0,0.00047258577682579746,"[0.17679532504463155, 0.2402532070254385, 0.21204963562191464, 0.16249087768461182, 0.19078307312441853, 0.17454215690399927, 0.1780612285510348, 0.13380878962688636, 0.16629081080899194, 0.15242164716783538]"
BOBYQA,508,818,0,0.0004721907239872682,"[0.17683352829704438, 0.24022347207857528, 0.2120093659263113, 0.16251116984967626, 0.19078985938284432, 0.1745262814030218, 0.17806025430600672, 0.13383611560316144, 0.1662608759057176, 0.1524126425750282]"
BOBYQA,509,819,0,0.00047177863335579073,"[0.17688933322760444, 0.24020223061463564, 0.21198920199952875, 0.1625081874708282, 0.19079026786906725, 0.17455399990336068, 0.17802630445954618, 0.13385835246517383, 0.16625928346532406, 0.15241162114822615]"
BOBYQA,510,820,0,0.00047118437924402245,"[0.17693873689882186, 0.24018890001504994, 0.2119921005523298, 0.16250437964940764, 0.19077760799373744, 0.17459420035546874, 0.17802675333032875, 0.13388815222948983, 0.16622677094203064, 0.15240553584869526]"
BOBYQA,511,821,0,0.00047051735029861514,"[0.17704491436340952, 0.24014628697557944, 0.21198030126133938, 0.16247369755860175, 0.19078139092333166, 0.17468209785162714, 0.1779796766992679, 0.1339159907904043, 0.16620100834034043, 0.15239964736690284]"
BOBYQA,512,822,0,0.0004704919434310383,"[0.17711969866194743, 0.24017631520249408, 0.21188071401576297, 0.1625070537917749, 0.19076631155056376, 0.17475809108749177, 0.17798482989284997, 0.13396101838873442, 0.1662053623138014, 0.15239964217708374]"
BOBYQA,513,824,0,0.0004704150160259872,"[0.17713343734650513, 0.2400995419948828, 0.2118752214252861, 0.16250468052411052, 0.19076395907212051, 0.17476719764228932, 0.17797572788574972, 0.1339547354400795, 0.16619803634582528, 0.1523955352425586]"
BOBYQA,514,826,0,0.00046983698339872254,"[0.1771438839989833, 0.2401026858783701, 0.2118973872958063, 0.1625149484171162, 0.19076101825568853, 0.17476714404443627, 0.17795551273998356, 0.1339734373922779, 0.1662059592771579, 0.15240291011588822]"
BOBYQA,515,827,0,0.0004697304558293981,"[0.17715894779892372, 0.24011036689082965, 0.21189647165158995, 0.16251162068223438, 0.19077007666332696, 0.1747637225315482, 0.17795335857649439, 0.1339522003146115, 0.16617880435779062, 0.1523989900748428]"
BOBYQA,516,830,0,0.0004696121147338434,"[0.1771694918595175, 0.24010803268743705, 0.21190387051528828, 0.16250787625507335, 0.19076021372733554, 0.17476264272439507, 0.1779596715911606, 0.1339524264779721, 0.16618723003449215, 0.15240128562273958]"
BOBYQA,517,833,0,0.0004695539397480718,"[0.17717268251422583, 0.24010734152241361, 0.21190191828773805, 0.16250910056142376, 0.19076347190276868, 0.17475535558385363, 0.17795623350618123, 0.13395512609106253, 0.16618823671564364, 0.15240084741677565]"
BOBYQA,518,834,0,0.0004694856972761229,"[0.17717327296447796, 0.24010708007305448, 0.2119023227047284, 0.16250819807851433, 0.19076443962859763, 0.1747522194420912, 0.1779503631515964, 0.1339594987195162, 0.1661827329144527, 0.15239885735755546]"
BOBYQA,519,835,0,0.00046937492478673183,"[0.1771782456006814, 0.24010153250530608, 0.21190275556607274, 0.16250654746502113, 0.19077046701092856, 0.1747421606759163, 0.17794555193024184, 0.1339682567011747, 0.16617261682255918, 0.15239748187079005]"
BOBYQA,520,836,0,0.00046911708289625113,"[0.17718279860064592, 0.24007714571119998, 0.2119057320342423, 0.16251307440964188, 0.19077062413602677, 0.17472607824198583, 0.17794052050715073, 0.1339720193425752, 0.16614791427568404, 0.15239250831918882]"
BOBYQA,521,837,0,0.00046876497467579573,"[0.1772078625669226, 0.24005567447256612, 0.21192039942884852, 0.1625152791632243, 0.1907773859098669, 0.17467642187251514, 0.17793800419355318, 0.13399532416211568, 0.16610371653323597, 0.15238376608816948]"
BOBYQA,522,838,0,0.0004684247454199322,"[0.17722893508797158, 0.23999520697920096, 0.2119403452888448, 0.16251683313962167, 0.190786785019569, 0.17465841230107448, 0.17791803510559537, 0.13398335063151431, 0.16607401248995657, 0.15237587743135095]"
BOBYQA,523,839,0,0.00046824834536348417,"[0.1772423516459147, 0.23998403412843514, 0.211916365640865, 0.16253921199343502, 0.1907750526391294, 0.17462890652907517, 0.17791245406940467, 0.13403214613285622, 0.1660346810958267, 0.1523686677190776]"
BOBYQA,524,840,0,0.00046808959885533884,"[0.1773066513501706, 0.23997057104133512, 0.21193949554672997, 0.16252527320694862, 0.19078291724846044, 0.1746367506835676, 0.1778959671881152, 0.13401876259778422, 0.16600754096820322, 0.15236202653156483]"
BOBYQA,525,841,0,0.00046773155742486683,"[0.17734046725834643, 0.23991885474546343, 0.21192487686770797, 0.16250698948570785, 0.19080381446722489, 0.17464438243510802, 0.17788162838392693, 0.13405214939196572, 0.1659931301898431, 0.15235870665070525]"
BOBYQA,526,842,0,0.00046760595576377585,"[0.1773925177958881, 0.2398819253685887, 0.21192262763060313, 0.16251935109765728, 0.19078053275839732, 0.1746540680761627, 0.17787706789838512, 0.13406518748339963, 0.16595739402257018, 0.15235062079693606]"
BOBYQA,527,843,0,0.0004674237173227294,"[0.17742285656571252, 0.23985410170392882, 0.21191511417847692, 0.16251586039336982, 0.1908057275508739, 0.1746353532548148, 0.1778353842960619, 0.13409658678659286, 0.165927425389304, 0.152345126643531]"
BOBYQA,528,844,0,0.00046726926948598526,"[0.17744581932611564, 0.23982074691762523, 0.21193455465984376, 0.16250111564070174, 0.19080819828485776, 0.17463249585312973, 0.17785394559161666, 0.13411941315565754, 0.16587119687074836, 0.1523340203646234]"
BOBYQA,529,846,0,0.0004670851656771404,"[0.17745265120066298, 0.2398218409893932, 0.2119483372955326, 0.16251126107735092, 0.19080360709273997, 0.17462674208091936, 0.17786078634611474, 0.13414715599617663, 0.16588663956948796, 0.15234627248931903]"
BOBYQA,530,847,0,0.00046678332379060893,"[0.17746450556419166, 0.23981918257652818, 0.21196367350677228, 0.16250439578636974, 0.19078545101628264, 0.17462985348101548, 0.17784409456345035, 0.13416776676737924, 0.1658957208615766, 0.1523395745774084]"
BOBYQA,531,848,0,0.0004661756057786023,"[0.1774828348224525, 0.2398107943531163, 0.21194925796838657, 0.16250167835788454, 0.1907959143057334, 0.1746558242675169, 0.17784792043871664, 0.13416199288374592, 0.16588365320536494, 0.15233861630957654]"
BOBYQA,532,849,0,0.00046585160275613085,"[0.17752374209388616, 0.23981599334479292, 0.2119250764932177, 0.16249570994080878, 0.19079248052205902, 0.17470997305075964, 0.17783050756296873, 0.13418078167987296, 0.1658622988706813, 0.15233381177243133]"
BOBYQA,533,850,0,0.00046493796871193636,"[0.1775968493415226, 0.23974271208003148, 0.2118940936977433, 0.16247312771548048, 0.1907991097758228, 0.17477624742331105, 0.17781999096002182, 0.13427038413993536, 0.16583359633307898, 0.1523298091298463]"
BOBYQA,534,851,0,0.00046407076510823395,"[0.17771334488413346, 0.2396934872325387, 0.21186039699853637, 0.16249131583643037, 0.19079694422573548, 0.17478644555397851, 0.17777744408129062, 0.13432064643206468, 0.16577420489609637, 0.1523168917579399]"
BOBYQA,535,852,0,0.000463270686428204,"[0.17788655811887577, 0.23954748764061903, 0.21189241762344663, 0.162412718992452, 0.1908057035124491, 0.17491647914169137, 0.17774454944919832, 0.13443403187910058, 0.16566233300845798, 0.15229592951890408]"
BOBYQA,536,853,0,0.000461954911717942,"[0.17806919408246905, 0.23945824881462216, 0.21173881270674208, 0.16250566528360885, 0.19080707473858596, 0.17487556501239132, 0.1776725997530967, 0.134535152660887, 0.16555657765857018, 0.15227174601800306]"
BOBYQA,537,856,0,0.0004601245730975657,"[0.17823039330685927, 0.23934055956143876, 0.21176693675459357, 0.1624069149872319, 0.19097640928513482, 0.17486173666221683, 0.17752602546991844, 0.13449668891454067, 0.1655699270886076, 0.15226795561419249]"
BOBYQA,538,857,0,0.00045791770270759737,"[0.17829790158029327, 0.23921573506750446, 0.2118364907788064, 0.1624083924336787, 0.19095407666355615, 0.17483436942848296, 0.17751169589784763, 0.1346717211511203, 0.16536106236622017, 0.15222663093155384]"
BOBYQA,539,858,0,0.00045686312897613105,"[0.17855424694630237, 0.23906707684763887, 0.21186932857682167, 0.1624030326319616, 0.19093354665022638, 0.17488194860039508, 0.17751826638744828, 0.13458655845118098, 0.16530556803503865, 0.1522061369835662]"
BOBYQA,540,859,0,0.000456640457193229,"[0.17862196655102466, 0.23906745681439487, 0.2116708080051948, 0.16240288996943886, 0.19098360422683822, 0.1750138239747379, 0.17745633693862606, 0.13475413287212, 0.1652254232726617, 0.15219321523466656]"
BOBYQA,541,861,0,0.0004545410447962525,"[0.17866221131611382, 0.23903867507595505, 0.21170934278149475, 0.16244190586661122, 0.1909320682880352, 0.17497741741378822, 0.1774377434373506, 0.13482993891037987, 0.16532400087977284, 0.1522120192815732]"
BOBYQA,542,868,0,0.0004545397267010955,"[0.17866286948931695, 0.23903552746530726, 0.21170929407433986, 0.16243689398104585, 0.19094081121119064, 0.17498518440963906, 0.1774266753239724, 0.1348211644995092, 0.16532741247040197, 0.15221609858121743]"
BOBYQA,543,870,0,0.0004544353848701617,"[0.17866420093244953, 0.23903197391923353, 0.21171252485285497, 0.16244224391300288, 0.19093878425809066, 0.17498162003303278, 0.17742679988145751, 0.13482027153223736, 0.16532210056775085, 0.15221526351632397]"
BOBYQA,544,871,0,0.00045437778110571483,"[0.17866622744803137, 0.2390259269743827, 0.21171125554817882, 0.16244485515048873, 0.1909352190078137, 0.17497619531262865, 0.177429710047661, 0.13482029209511412, 0.16532199788281499, 0.15221473496960022]"
BOBYQA,545,872,0,0.0004543658465950458,"[0.17866685195482823, 0.23902725584923223, 0.21170745503829785, 0.162451045427419, 0.19093352275883166, 0.17497348033947877, 0.17743238623534843, 0.13482213952652633, 0.16531711061060794, 0.15221412511202229]"
BOBYQA,546,873,0,0.00045431070836598304,"[0.1786734737323436, 0.23902291039092738, 0.21170634983099582, 0.16245059284063249, 0.1909342069974558, 0.17497567782252807, 0.17743010361004505, 0.13482608986635813, 0.16531405960170317, 0.15221347595562204]"
BOBYQA,547,874,0,0.00045422193448531415,"[0.17867996959714438, 0.23902222661405573, 0.21171167816575567, 0.16244833806327566, 0.19093305441039077, 0.17497338344390426, 0.1774301185051246, 0.13482986927591667, 0.16531256888608875, 0.15221260303196651]"
BOBYQA,548,875,0,0.00045405196608114083,"[0.17869241113576817, 0.23901853288255578, 0.21172328438245966, 0.1624467241780379, 0.19093008687064963, 0.17497216959552908, 0.17742550943306937, 0.1348373861260335, 0.16531007417841814, 0.15221267856536663]"
BOBYQA,549,876,0,0.0004537031153725096,"[0.17871916753671047, 0.23900961288703107, 0.21174490000253088, 0.16244278974488308, 0.19092103639786623, 0.1749725308242364, 0.17741414632130598, 0.13484778147920493, 0.1653089329368029, 0.15221154443996437]"
BOBYQA,550,877,0,0.00045320414570257606,"[0.17877834143861207, 0.238993412793836, 0.21178552828343075, 0.16243108120208202, 0.1909076167340115, 0.17498083130749623, 0.1773978719014853, 0.13486540407503944, 0.1653133165051793, 0.15221369976693097]"
BOBYQA,551,878,0,0.00045273549052012675,"[0.17883599461105526, 0.2389666194609932, 0.21181187302079615, 0.16243705421908344, 0.19088320635780467, 0.17497930879953266, 0.17738215747321534, 0.13488592298672647, 0.16529483712224677, 0.15220913185491758]"
BOBYQA,552,879,0,0.0004517510266059158,"[0.17895628407813377, 0.23891608018842353, 0.21183600909728903, 0.1624298912475139, 0.1908739763898478, 0.1750153015338842, 0.17732581801686073, 0.13494010821342764, 0.16527402076800018, 0.1522048651566362]"
BOBYQA,553,880,0,0.0004511080918622633,"[0.1790564864459445, 0.23871121740449905, 0.21178774957742713, 0.16237754760215112, 0.19091012012498207, 0.1751433113602248, 0.17732402273862347, 0.1350135077145552, 0.16512706728434334, 0.15217950839416802]"
BOBYQA,554,883,0,0.00045060421140609506,"[0.17912580780352808, 0.23873630443019653, 0.21166598895269387, 0.16243979771173306, 0.1909218574163092, 0.17512526435036474, 0.1773128436243613, 0.135006345188825, 0.16510242930681576, 0.15216475367403293]"
BOBYQA,555,885,0,0.0004503544371385356,"[0.17912226081536006, 0.23869444332087356, 0.211669171778057, 0.1624433065250407, 0.19093632206080843, 0.175096709468792, 0.17729867534302587, 0.13504269284200893, 0.1651461017233245, 0.1521773570465678]"
BOBYQA,556,887,0,0.0004499653149561335,"[0.17914338645688482, 0.2387100344950821, 0.2116826366112541, 0.1624375585438621, 0.19092668660035622, 0.17508696307174776, 0.17729926902026868, 0.13505045887361003, 0.16512590817818248, 0.15217103215779884]"
BOBYQA,557,888,0,0.00044970424078399283,"[0.17914672325074527, 0.23868445410582484, 0.21169133240262158, 0.1624478055914027, 0.19091135931570527, 0.17508608072821855, 0.17728029632425116, 0.13504994592455294, 0.16511346546376404, 0.152169260411911]"
BOBYQA,558,889,0,0.0004496329216332471,"[0.17915602280306003, 0.23866392855278798, 0.2116930841591964, 0.16243435807482942, 0.19092773136406999, 0.17509187603370766, 0.17728252095971844, 0.13505917270335907, 0.16509140455453158, 0.15216379049906364]"
BOBYQA,559,892,0,0.00044958642093314796,"[0.17916401405504634, 0.23865539229652283, 0.21169203163304182, 0.16244044526291007, 0.190921042634608, 0.17509550132176527, 0.1772854249588447, 0.13504667990127608, 0.16509302114609314, 0.1521641252410956]"
BOBYQA,560,893,0,0.00044957327295615127,"[0.17915945278240494, 0.2386467074005929, 0.21170448867002087, 0.1624334271931002, 0.19091980205266232, 0.1750936190924542, 0.1772883480160744, 0.13504718392788376, 0.16510225673967316, 0.15216372527295197]"
BOBYQA,561,895,0,0.00044952642649965624,"[0.17915839988122964, 0.23864754220864598, 0.21170956367838464, 0.16243303015356012, 0.1909218980231171, 0.17508700762865378, 0.17728833132852936, 0.13504737783309603, 0.1650977021131002, 0.15216556758065833]"
BOBYQA,562,897,0,0.0004494495043694192,"[0.17916440495725808, 0.23864099271579256, 0.2117093541977789, 0.16243284106753914, 0.19092092146089612, 0.1750878858372129, 0.1772861580143973, 0.1350507759594815, 0.1650965005126852, 0.1521643329775814]"
BOBYQA,563,898,0,0.000449386821286556,"[0.1791693220861619, 0.23863760823655483, 0.21170912609553358, 0.16243528998038292, 0.19091946310201935, 0.175088156755241, 0.17728702603990634, 0.13505746524260148, 0.1650993572606033, 0.1521659003786403]"
BOBYQA,564,899,0,0.0004492984896854023,"[0.17917761321741515, 0.238635248611633, 0.2117096078261076, 0.16243558315632808, 0.1909185537366037, 0.17508619065389236, 0.17728276774508425, 0.13505889480568387, 0.16509997092438153, 0.15216554613622968]"
BOBYQA,565,900,0,0.00044913154060190473,"[0.1791917769458787, 0.23862605108685567, 0.2117126424378189, 0.16243788258553418, 0.19091543848579398, 0.17508517722057265, 0.17727636326078078, 0.1350657633428177, 0.1650987996184544, 0.1521655373475202]"
BOBYQA,566,901,0,0.00044885304610513304,"[0.17922317541523447, 0.23860935409021672, 0.2117200563777396, 0.16243118932643702, 0.1909182753741215, 0.17508323052944522, 0.17727512633981712, 0.13508066486316841, 0.16509859129267898, 0.15216587495568484]"
BOBYQA,567,902,0,0.00044828825859274333,"[0.17926136914348542, 0.23855879936727814, 0.21174482476632045, 0.16242919060119038, 0.19090566455261093, 0.1750948470969626, 0.17725125608494843, 0.13510833195629585, 0.16508722289992991, 0.15216279011986752]"
BOBYQA,568,903,0,0.0004477644155869369,"[0.1793304627033253, 0.23853164060260984, 0.2117326124666503, 0.16243463619506615, 0.19091027977683012, 0.175076810019895, 0.1772349103473334, 0.13511775113146648, 0.16508510835516285, 0.15216115457956897]"
BOBYQA,569,904,0,0.00044737289126799184,"[0.17934612560851565, 0.2384953552083421, 0.2117354961212751, 0.16244589343593863, 0.19089187137317365, 0.17508922661866977, 0.1772372850884951, 0.13518235491541583, 0.16509019227996294, 0.15216335157522962]"
BOBYQA,570,905,0,0.0004469771692822173,"[0.17939332434725025, 0.23849017763158192, 0.21174388978587638, 0.16244832165920145, 0.19089420172055804, 0.17505813126713882, 0.17721813236327968, 0.13520725668832118, 0.1650451740168963, 0.15215423010085344]"
BOBYQA,571,906,0,0.0004465851903173779,"[0.17942807522200005, 0.23844172179690765, 0.21171502753123733, 0.16246739441016164, 0.1908935011938106, 0.17506283104056183, 0.1772117140092572, 0.13524705336958692, 0.1650451184204423, 0.15215399259072862]"
BOBYQA,572,907,0,0.0004464510776645607,"[0.17947365848263638, 0.2384454318704824, 0.21175408082799918, 0.1624779796887572, 0.1908577704002552, 0.17504643172792575, 0.1771995680908392, 0.13527809799393598, 0.1650467106032029, 0.15215741887862472]"
BOBYQA,573,908,0,0.0004458064941947513,"[0.17948425048420036, 0.23841582709468936, 0.21176573930847717, 0.16245102818300813, 0.1908931031436776, 0.17503451681328014, 0.17716092212900103, 0.13530894292782855, 0.16507326242972065, 0.15216038117004976]"
BOBYQA,574,909,0,0.0004456246495180807,"[0.17952579002418406, 0.23837133140568736, 0.21179159326085945, 0.16244175598144267, 0.19088171184834765, 0.17503987678063096, 0.1771843789496316, 0.1353104501393328, 0.1650393028984435, 0.15215166538218783]"
BOBYQA,575,910,0,0.0004453999927450744,"[0.17954863309780253, 0.2383606276244626, 0.21178440813797778, 0.16241796318015986, 0.1908978726225356, 0.17509421257876367, 0.17714472527684405, 0.13532452917177523, 0.16502660275671624, 0.15215231620506692]"
BOBYQA,576,911,0,0.0004451220715903194,"[0.1795618696901232, 0.2382926820833441, 0.21180013746928703, 0.16240571699554426, 0.190904704850608, 0.17508781731582204, 0.17716182008120301, 0.13530143162033206, 0.165010772860897, 0.15214546626960307]"
BOBYQA,577,914,0,0.00044489269188053595,"[0.17959307915856706, 0.23829275613839918, 0.21178824931006743, 0.16241112957881348, 0.1908944205716099, 0.1750927274069266, 0.17715036036477863, 0.1353152409817716, 0.16501234131338494, 0.15214645632604273]"
BOBYQA,578,915,0,0.00044471755597020094,"[0.17961651300715026, 0.23828493669252948, 0.21180130609478495, 0.16241863611272922, 0.1908800441698186, 0.1751003090583379, 0.1771426438110974, 0.13533518088010565, 0.16500707481261537, 0.15214273608612394]"
BOBYQA,579,916,0,0.0004444765282039802,"[0.17962665035712566, 0.23827658118778738, 0.2118004595468073, 0.1624049614769302, 0.19088453272046066, 0.1751075728045373, 0.1771390326730816, 0.1353663260918038, 0.16499355905623891, 0.15214170745954805]"
BOBYQA,580,917,0,0.00044432141458964345,"[0.17965315767547368, 0.23827486662813585, 0.21179751295577554, 0.1624006122200087, 0.19090533441736923, 0.17510019269659588, 0.177122315667283, 0.13536759024642647, 0.16498389447526382, 0.1521394299956046]"
BOBYQA,581,918,0,0.00044421667909081303,"[0.1796647534379296, 0.238242696403163, 0.2118009995006901, 0.16239814402536643, 0.1909016354227234, 0.17510426977636145, 0.17711950779096433, 0.1353754101315305, 0.16496637405168377, 0.15213696792689352]"
BOBYQA,582,919,0,0.00044382920066308985,"[0.17967547198436015, 0.2382235793238925, 0.21179446876484304, 0.16239515160967016, 0.19091234900919996, 0.17510984215719075, 0.1771083565644598, 0.13539646844359263, 0.1649851014171044, 0.15213889043614467]"
BOBYQA,583,920,0,0.00044326495921852705,"[0.17972570206353777, 0.23818533787722024, 0.21180855102850932, 0.16238864578268516, 0.1909049167399088, 0.1751082551285963, 0.1770948912695385, 0.13543974319461574, 0.16499274710035586, 0.15214080432357915]"
BOBYQA,584,921,0,0.00044260865275887233,"[0.17983290649685, 0.23815051379090574, 0.21186113139938667, 0.1623704241377144, 0.19088302539014912, 0.17513482439533493, 0.17702834715505322, 0.13549956253038564, 0.16501680059274612, 0.15214605494387065]"
BOBYQA,585,922,0,0.00044183228787629796,"[0.17995390327707933, 0.2381030171824262, 0.21187736256724515, 0.16236938018697344, 0.1908417738394396, 0.1751839712772214, 0.17704720195222656, 0.13550052089000839, 0.1650790624871118, 0.15215550158132285]"
BOBYQA,586,925,0,0.0004415118200980137,"[0.1799993891733355, 0.23808659010862993, 0.2118839268692858, 0.16238689345555082, 0.19082936467048917, 0.17516672999821112, 0.17701851334777943, 0.13554979950987212, 0.16508179979039792, 0.15215660586601834]"
BOBYQA,587,926,0,0.00044095134621344336,"[0.1800229254484478, 0.23803290037080765, 0.21186999620533534, 0.16239844763621564, 0.19082185735360385, 0.17515916469313042, 0.17701431012150567, 0.1355984373882929, 0.165070192400299, 0.15215454241347315]"
BOBYQA,588,927,0,0.0004399964614409456,"[0.18006810956944275, 0.23796190648219834, 0.21182288953521547, 0.16242011247796354, 0.19083236752468744, 0.17513379341336494, 0.17699228768616998, 0.13571738912204778, 0.16504919298132936, 0.1521540781929577]"
BOBYQA,589,928,0,0.0004391965909094103,"[0.18011885213006779, 0.23787949593058885, 0.21176227110306023, 0.1625368322875104, 0.1907901614451318, 0.17499052345380073, 0.17695049389948228, 0.1359312357913768, 0.16497411937406464, 0.15213633599169984]"
BOBYQA,590,929,0,0.00043800519978900917,"[0.18032260460178035, 0.23782992240637038, 0.21172119112485985, 0.16252373070567555, 0.19073602542428628, 0.17514043562554032, 0.17697445742243345, 0.13610371101482918, 0.16494538321830365, 0.15213232449094627]"
BOBYQA,591,930,0,0.00043660627055319603,"[0.18043254487950042, 0.2376966438373498, 0.2117625840228944, 0.16256110358855136, 0.19075034769361196, 0.17496429037600555, 0.17685798315639348, 0.1361871801521529, 0.16507622964356905, 0.15215584977777494]"
BOBYQA,592,931,0,0.0004346022748110638,"[0.18052740265248787, 0.2374962436371163, 0.2117271339721135, 0.16252635542225757, 0.19074318287126318, 0.17509470410950304, 0.1768637259974977, 0.13629713954870468, 0.16493180789469322, 0.1521287047181376]"
BOBYQA,593,934,0,0.00043392180086662707,"[0.18062791468803674, 0.23751364214167753, 0.21169019762428717, 0.1625373088830928, 0.19076685932878584, 0.17502582704169453, 0.17690033915070472, 0.1362436967401478, 0.1648681165456656, 0.15211635640538046]"
BOBYQA,594,938,0,0.0004330694555226248,"[0.18061788709254673, 0.2375007796500991, 0.2116788262695747, 0.1625179738061669, 0.19078801352391847, 0.17502498975102465, 0.17689573069442507, 0.13625587482750853, 0.1648809875434718, 0.15210946848563592]"
BOBYQA,595,940,0,0.0004329282631890304,"[0.1806284004373026, 0.23749164958905777, 0.21167368110798557, 0.16252167383453262, 0.1907871258895077, 0.17502179281233704, 0.17689373650388335, 0.13626780659416982, 0.1648781380311602, 0.1521087779887643]"
BOBYQA,596,942,0,0.0004328735632381275,"[0.180633566447133, 0.23748624253135805, 0.21167133614858016, 0.1625206338104498, 0.1907880959744196, 0.1750233095328973, 0.17689467955674676, 0.13626993324810155, 0.16487291304174195, 0.15210753639354233]"
BOBYQA,597,943,0,0.00043284806582009476,"[0.18064052336251404, 0.23748416660022273, 0.21167412456791596, 0.16252056920619168, 0.1907867339519748, 0.1750237844271123, 0.17689817035009672, 0.1362683253858351, 0.1648774564273045, 0.15210895714717831]"
BOBYQA,598,944,0,0.0004328385774585234,"[0.18063643169348065, 0.23747987846546983, 0.2116725873895758, 0.16252039867567386, 0.19078456574780958, 0.17502739881137336, 0.17690227752167278, 0.13627192468937352, 0.16487889683007556, 0.15211253690409843]"
BOBYQA,599,945,0,0.0004328119723896884,"[0.18063781371467935, 0.2374811435341297, 0.21166891694018375, 0.16252386297991103, 0.1907803214864222, 0.1750335612073969, 0.1769029999730061, 0.13627430350116518, 0.16487918128163132, 0.15210957623821508]"
BOBYQA,600,947,0,0.00043277088956592794,"[0.18063838322956097, 0.23747896036933475, 0.21167461068298374, 0.1625200202414619, 0.19077781815378517, 0.17503464721917095, 0.17689999165949893, 0.13627956469909183, 0.16487759562735763, 0.1521105928744801]"
BOBYQA,601,948,0,0.00043272414832039465,"[0.1806399801505363, 0.23747914457053518, 0.21167326421516258, 0.16251711205963942, 0.19078246441896507, 0.1750340271082504, 0.17690126770609454, 0.13628752515895537, 0.1648779687717341, 0.15211078430503092]"
BOBYQA,602,949,0,0.0004326780913357657,"[0.18064116281775006, 0.2374760522821919, 0.21167189924129481, 0.1625183344735971, 0.19078233642823772, 0.17503104977670733, 0.17689680970169447, 0.1362945073322383, 0.1648751156247644, 0.1521109733081034]"
BOBYQA,603,950,0,0.0004326267249897781,"[0.1806422167100382, 0.23747088758180035, 0.21167203528365586, 0.16251547195794022, 0.19078642338422833, 0.17503002865414588, 0.17689592255982528, 0.13630076624500997, 0.16487264504581484, 0.1521105351222745]"
BOBYQA,604,951,0,0.00043250004529228934,"[0.18064967987205496, 0.23746637686619623, 0.21166842784834175, 0.16251404123886876, 0.19079076420349644, 0.1750298427838151, 0.17688678722568013, 0.1363130363594826, 0.16486535122559287, 0.15210885971229499]"
BOBYQA,605,952,0,0.0004322930239325492,"[0.1806655410890367, 0.23745195179675235, 0.21165589538062524, 0.16250950283553006, 0.1908080860654335, 0.17501940680637476, 0.17688002155080487, 0.13633323994059574, 0.16485538646587306, 0.15210817611389027]"
BOBYQA,606,953,0,0.0004320628604782385,"[0.18067740814161834, 0.23743967987222697, 0.21164022716989975, 0.16250864939579932, 0.19081654019764593, 0.175036406571403, 0.17686491083516656, 0.13634342139707317, 0.16483677601506622, 0.1521033240298084]"
BOBYQA,607,954,0,0.0004319838232211535,"[0.18069953348336595, 0.23744270048846836, 0.21164423564374735, 0.1625027590574853, 0.19082403968401174, 0.17502091573683598, 0.1768626540045662, 0.13636414399160365, 0.16481904872075923, 0.1521009582828186]"
BOBYQA,608,955,0,0.00043168483969068693,"[0.18070822124237618, 0.23742796068896344, 0.21162638977244708, 0.16251474738084395, 0.19082271710954354, 0.1750239213978723, 0.1768424254324667, 0.13637815529570216, 0.16483409713805336, 0.15210248022179398]"
BOBYQA,609,956,0,0.00043156918019136294,"[0.1807116549613609, 0.23740622863512176, 0.2116143680324879, 0.1625099476118418, 0.19083751234703034, 0.17501565202766384, 0.17683900852270248, 0.13640324282917202, 0.16483781555918203, 0.15210497012060162]"
BOBYQA,610,957,0,0.0004314197286149868,"[0.18073803164570185, 0.23741397969729924, 0.21159064647106746, 0.16252292398349966, 0.1908423811048191, 0.17501371408747934, 0.17683255934119976, 0.1363968257760742, 0.16483639189146118, 0.1521040562804549]"
BOBYQA,611,958,0,0.00043117961623249473,"[0.18077010449176417, 0.23741123671203823, 0.2115938648784553, 0.1625314715693918, 0.19083598639638394, 0.17500912772844776, 0.17682001134278377, 0.13639643556497988, 0.16482077672366968, 0.15209993023787358]"
BOBYQA,612,959,0,0.0004310824764457476,"[0.18079917996931041, 0.237424434772654, 0.21157989031845578, 0.16253319440791192, 0.1908308585857568, 0.17501413313383946, 0.1768354335274015, 0.13640570435625105, 0.16481846573276113, 0.15209861576925884]"
BOBYQA,613,960,0,0.00043096181300119826,"[0.1808071894504864, 0.23741994356784984, 0.21156883199472976, 0.16255486636519234, 0.1908246589822259, 0.17499489846240057, 0.1768295737929301, 0.13639779939241511, 0.16479859837698052, 0.15209374005409418]"
BOBYQA,614,961,0,0.0004308764998859342,"[0.18083907978458777, 0.23742056796096325, 0.21156745695300455, 0.16254325410497106, 0.1908404694771421, 0.1749919129812731, 0.176827601657097, 0.13638549793110977, 0.1648041975687476, 0.15209439605063152]"
BOBYQA,615,962,0,0.00043070916579680715,"[0.18085376861398594, 0.23739473483637782, 0.21156002736102492, 0.16255531131948509, 0.19082776796921364, 0.1749958687059481, 0.17683224479229423, 0.13639649451312308, 0.1647911253667934, 0.15208929990890313]"
BOBYQA,616,963,0,0.0004305257268222987,"[0.18087948407748242, 0.2374118386184166, 0.21155700567867636, 0.16256325352019385, 0.19082644834179474, 0.17498714450693548, 0.176823967813259, 0.13641612707325984, 0.16478463437099292, 0.152089485838794]"
BOBYQA,617,964,0,0.00043031263130235005,"[0.18089671187330034, 0.23740077850853344, 0.21154373880553742, 0.16256263780973032, 0.1908386087248641, 0.17497189877505598, 0.17681652748445026, 0.13643379031419417, 0.1647691340890873, 0.15208541479111645]"
BOBYQA,618,965,0,0.00042997272254315387,"[0.18094717839744878, 0.2373882266275881, 0.2115059901494202, 0.16256465499076697, 0.19085894095265493, 0.17498222931747134, 0.17678976986828634, 0.13644191717245654, 0.16473877224177635, 0.15207888999583524]"
BOBYQA,619,966,0,0.0004299117421843162,"[0.1809822023208582, 0.23736963383967558, 0.21148051853896346, 0.16257930694022818, 0.1908828920230186, 0.17494620064156097, 0.1767925259638462, 0.13642477963426028, 0.1646981657398057, 0.1520669630547147]"
BOBYQA,620,968,0,0.00042986785271429697,"[0.18099586335876755, 0.2373675924095001, 0.2114522451230814, 0.16258284802580858, 0.19088046720149193, 0.17495792758686518, 0.17680559637455087, 0.13642901810330824, 0.16471408736026227, 0.15207036658434195]"
BOBYQA,621,970,0,0.00042963314107157083,"[0.18100519168923115, 0.23736068267487578, 0.21145537124108404, 0.16258643831391614, 0.19087874968875726, 0.17495919706507512, 0.1767953039999794, 0.13643720474736565, 0.16470604718979007, 0.15206972225962745]"
BOBYQA,622,971,0,0.00042946374633389366,"[0.18102184704744234, 0.23734437106262396, 0.21145579574336779, 0.16259507896467207, 0.19087495445525143, 0.17495390494713647, 0.17677462202486477, 0.13645888507906404, 0.16470024394387026, 0.15206692575271932]"
BOBYQA,623,972,0,0.00042905786080252317,"[0.18104189051168196, 0.23733934375544133, 0.2114575575056969, 0.16259177040584927, 0.19087594226105464, 0.17494654380196362, 0.1767785322550085, 0.1364914516414926, 0.1646952814970236, 0.15206873582739266]"
BOBYQA,624,973,0,0.00042860760575109285,"[0.18107771616939786, 0.23731921317213645, 0.2114651274018347, 0.16260684881358559, 0.19085496512320427, 0.17493494842397014, 0.1767539325717983, 0.13654779192375213, 0.16468728149156564, 0.1520657769174638]"
BOBYQA,625,974,0,0.00042813134938112163,"[0.18108503675023277, 0.23729297870571764, 0.21145297950690395, 0.1626010010098645, 0.1908713935899418, 0.17491235367609775, 0.1767347278598086, 0.13661268152867875, 0.16469668852931313, 0.15207106864764094]"
BOBYQA,626,975,0,0.00042781010819369455,"[0.18114247227981364, 0.23731202578891297, 0.21146386928282437, 0.1626232267812946, 0.19084027597346542, 0.17490961711322048, 0.1767291091090277, 0.13664610600066643, 0.16469684780965876, 0.152072168892378]"
BOBYQA,627,976,0,0.00042744783680828983,"[0.18117239032065985, 0.23726045062760162, 0.21147983623075592, 0.1626137791243535, 0.19083392204412494, 0.17489121142789654, 0.1767303762916665, 0.13668950631112933, 0.16468233939019145, 0.1520670813277501]"
BOBYQA,628,977,0,0.0004268671062094744,"[0.18121315134657215, 0.23724544619836047, 0.2114426153846348, 0.16264094787195185, 0.190831043447146, 0.1748761008960847, 0.17672690894581575, 0.13673273300039085, 0.1646662522651527, 0.1520633538082381]"
BOBYQA,629,978,0,0.00042600215633582827,"[0.18130860412155356, 0.23720453857549945, 0.21138683299544156, 0.16267476592683788, 0.19083013832043047, 0.17483577915674473, 0.17672655793405456, 0.1368018684969203, 0.16460345588142997, 0.1520488586178711]"
BOBYQA,630,979,0,0.00042474421299682055,"[0.18151031144687232, 0.23703213617978422, 0.21129394200037493, 0.16273192793245825, 0.19079901827587495, 0.17481723129262838, 0.17681949611256378, 0.13683599178337597, 0.16451197368119566, 0.1520241207943186]"
BOBYQA,631,982,0,0.0004239808349114566,"[0.18160802384503388, 0.23701856147189634, 0.2112372430201582, 0.1627716872166449, 0.1908299771802394, 0.17472969600156618, 0.17678094367877717, 0.13686639873510895, 0.16450614337319927, 0.15202153366889762]"
BOBYQA,632,983,0,0.00042313713984590804,"[0.18171126945996358, 0.23699477474232428, 0.21119653302083083, 0.16278732177281333, 0.19083554321093887, 0.17472836459414226, 0.17677681173259327, 0.13693360770476715, 0.1644190088585437, 0.1520038278638408]"
BOBYQA,633,984,0,0.000422513626137453,"[0.1819120158923858, 0.2368957470054249, 0.21104028688282522, 0.16282574325403545, 0.1908987195884941, 0.17468402230266838, 0.17678695328505262, 0.13697361242098777, 0.1642858107100402, 0.1519721601726039]"
BOBYQA,634,985,0,0.00042085091009495725,"[0.1819616914768866, 0.2369491456110277, 0.21095926239715998, 0.16287365406024837, 0.19093172994491409, 0.17467238287240097, 0.17658957382759907, 0.1371810498717883, 0.1643541096294923, 0.15199064432823417]"
BOBYQA,635,986,0,0.00041832870556750263,"[0.18213834447094762, 0.23688982405059517, 0.21094433279092306, 0.1628987701218499, 0.19095530356532622, 0.17455976373541507, 0.17652600334687224, 0.13738069911762715, 0.16425740761814933, 0.15197248199116145]"
BOBYQA,636,987,0,0.00041405342979154735,"[0.1825825833467219, 0.23669367497534347, 0.21081271397504825, 0.1630297584833391, 0.19089937342243948, 0.17440824591993223, 0.17650222939453303, 0.13770222859331707, 0.16416413380011116, 0.15194874048699442]"
BOBYQA,637,988,0,0.0004071284264556354,"[0.1831593969904305, 0.23620369445507428, 0.21079323086870427, 0.16331604934211807, 0.19059849210527188, 0.17402936665385912, 0.17641265090210093, 0.13855976475097445, 0.16423854851048905, 0.15196467411613682]"
BOBYQA,638,991,0,0.0004037773434405107,"[0.1835308134771151, 0.23602078499001805, 0.21057904672455716, 0.16336150116508175, 0.1907566365068698, 0.17393572849694422, 0.1763615930506577, 0.13863570232417816, 0.16386190725311087, 0.15188565897181447]"
BOBYQA,639,992,0,0.0004016414885973089,"[0.18388183771156055, 0.23621075438869635, 0.21041041781782768, 0.16348206161270146, 0.19079886658655784, 0.1738520381470111, 0.1760636692048397, 0.13896363416179003, 0.16390796128216753, 0.15189646400589843]"
BOBYQA,640,993,0,0.00039838470382517186,"[0.184240979948024, 0.2359162814704693, 0.2102575335537296, 0.16358308251708376, 0.19071971850910766, 0.17379153008384401, 0.17625356265963135, 0.13914652118791687, 0.16363040713634205, 0.1518343786062266]"
BOBYQA,641,994,0,0.00039444781020309306,"[0.18472678874970547, 0.23575939045716587, 0.21011778222191457, 0.1636818024909303, 0.19076829335751444, 0.17362468449638302, 0.17609219774650106, 0.13939015420687706, 0.1635688687063661, 0.15181650900245225]"
BOBYQA,642,995,0,0.00039129294010088934,"[0.1850271390720381, 0.23561283758878715, 0.20994952939823353, 0.1638309970575964, 0.19076989063383346, 0.17338835434182187, 0.1759948124416653, 0.13980632967983322, 0.16347683219865106, 0.15179826687104855]"
BOBYQA,643,996,0,0.00038777199304909193,"[0.1854720577887329, 0.23538726596130974, 0.20980626795908855, 0.16392856214216797, 0.1907521893718578, 0.17330316077482946, 0.17595029761834585, 0.1401023171782696, 0.16329800388286164, 0.1517585053701692]"
BOBYQA,644,997,0,0.00038220507989904896,"[0.186361417213236, 0.23522074638087875, 0.20952133928884162, 0.16416853942706358, 0.19073918491034728, 0.1730059862214775, 0.17573693540006077, 0.1407861597481088, 0.1630229863779217, 0.15169803187789577]"
BOBYQA,645,998,0,0.0003725451110266784,"[0.18818645550684213, 0.23447799074761744, 0.2087497263304167, 0.16466506090197489, 0.19079068366538895, 0.17246119766011847, 0.17553352644627682, 0.1417821348431436, 0.1623374320726376, 0.15153537835899314]"
BOBYQA,646,999,0,0.00036872904708351497,"[0.18935729246540914, 0.2339311714865272, 0.2084540601207308, 0.16512847630483135, 0.1905711627803485, 0.17183835343698609, 0.17518053437830325, 0.14322640999694636, 0.16219102063410634, 0.1515083533898367]"
BOBYQA,647,1000,0,0.00036803735427536527,"[0.18983719929318463, 0.23390531215630278, 0.20790747675618018, 0.16510331561843042, 0.19098857123652935, 0.17194286067324674, 0.17516428223757216, 0.1429821651515801, 0.1615786074306569, 0.1513712055363403]"
ffjm2,1,1,1,0.31977291127904045,"[0.25, 0.25, 0.25, 0.25, 0.25, 0.25, 0.25, 0.25, 0.25, 0.25]"
ffjm2,2,6,2,0.2789534704716276,"[0.24726780075341515, 0.25044635098201734, 0.22063783014615196, 0.17561252802367214, 0.18911649534801409, 0.2158683600985783, 0.22542420735102328, 0.23248482105320004, 0.279768414647863, 0.07494175442368381]"
ffjm2,3,7,3,0.02085286876296986,"[0.2408693225444241, 0.25574372580484533, 0.22763572636481197, 0.166882170287179, 0.15709756179751994, 0.17570461638963772, 0.19249749901451296, 0.18824717794619425, 0.1763561957642505, 0.1613717810577019]"
ffjm2,4,8,4,0.001737161529312336,"[0.23817734469123295, 0.25873651798534447, 0.20347547302354696, 0.17672603579084092, 0.1714416016414595, 0.1719291629216463, 0.18515578490077622, 0.1685600781253181, 0.15641355718256753, 0.1500280741608536]"
ffjm2,5,9,5,0.00017153921136815715,"[0.24435797521886346, 0.24931762971060928, 0.19227169978247555, 0.18091180413480912, 0.17717724670513108, 0.16807934948516248, 0.17571447554240158, 0.16242141196157475, 0.15534243448230026, 0.14983551095096362]"
ffjm2,6,10,6,7.466277840251012e-5,"[0.2450957219315854, 0.2281290099196462, 0.18974277905740622, 0.18133173438288216, 0.1781020572660138, 0.17214812462306028, 0.1698929269230417, 0.1626393772821545, 0.153042324607856, 0.14931802055786303]"
ffjm2,7,11,7,6.523339475488995e-5,"[0.21612391341550902, 0.20695493614616053, 0.1873935986057513, 0.18551041371488589, 0.1725459582037797, 0.17875178918429313, 0.16651414157741407, 0.15989836216665826, 0.15436059119429754, 0.14969450218175545]"
ffjm2,8,13,8,8.414970137304952e-6,"[0.20730485335183163, 0.19934064963340084, 0.1870360485458704, 0.18623905258751783, 0.17199598266036362, 0.1787346803114419, 0.16615541008458135, 0.15946628058900986, 0.155036837951489, 0.14986915270034656]"
ffjm2,9,15,9,4.379046844356319e-6,"[0.20401332500821218, 0.19687173908477243, 0.18715451358698582, 0.18607398232491146, 0.17266860789001012, 0.17757211945569207, 0.16643687205751875, 0.15960693259795228, 0.15527808828043105, 0.14993155594086582]"
