method,point_index,x
BFGS,1,"[0.25, 0.25, 0.25, 0.25, 0.25, 0.25, 0.25, 0.25, 0.25, 0.25]"
BFGS,2,"[0.24509956198312804, 0.2507920952135023, 0.17779268582342347, 0.06864324329891003, 0.1023978756580293, 0.16705312324199548, 0.1901042461546636, 0.20765178445100635, 0.2445576059100857, 0.14291062757064166]"
BFGS,3,"[0.2450772992127367, 0.2507961292476853, 0.17709678561873005, 0.06737323928715573, 0.10138901041997021, 0.16635551972091334, 0.1895497170460985, 0.20724265753007964, 0.24409533544639517, 0.14420117695623227]"
BFGS,4,"[0.25012101977865386, 0.24960645027205206, 0.0643916404769308, 0.14534322118234796, 0.14984105841447012, 0.08425595510362081, 0.08851026427380304, 0.11049852445894734, 0.04907609059676929, 0.1085664500615087]"
BFGS,5,"[0.2514165578833255, 0.24925707561843716, 0.053804857283603305, 0.14646478955314768, 0.15130410767398497, 0.08733060504936926, 0.08861400137668399, 0.10956281130804232, 0.0036934119607667446, 0.10219923243098823]"
BFGS,6,"[0.2514312144494483, 0.2492532520638079, 0.05370136723083388, 0.14648073817849375, 0.15131448140955214, 0.0873566104174097, 0.0886113989036402, 0.10955645316140472, 0.003196508788539368, 0.10212985659356615]"
BFGS,7,"[0.26021272058755707, 0.24734290027872452, 0.03135836440263835, 0.1529431488821388, 0.14458630562158314, 0.09360194283628025, 0.08791128541491255, 0.12288162497704799, 0.003859085494865194, 0.10194738093710458]"
BFGS,8,"[0.2921783018246207, 0.23938834701534087, 0.03739713701050551, 0.1677817897980233, 0.11769117625894623, 0.0909020504955991, 0.0664089182268275, 0.14926016162479702, 0.00040354319365614334, 0.10306427543577815]"
BFGS,9,"[0.30452012367332126, 0.23631329409240215, 0.03868560407248675, 0.1638345058502216, 0.11955441977243753, 0.0920209664357483, 0.05871700419644956, 0.15528352053757302, -0.00021004748032259484, 0.1033264610937477]"
BFGS,10,"[0.35689821734014154, 0.2225475332240513, 0.044264421998830794, 0.14806080947115552, 0.12362007114665872, 0.10382429848036012, 0.028949074066037396, 0.1696962289709388, 2.6597957938805024e-5, 0.10535685546131197]"
BFGS,11,"[0.3957417963915692, 0.21013585595013973, 0.044453571471413926, 0.14473837348970284, 0.11812713437264956, 0.08888790911348468, 0.06993724323304479, 0.14054823372131967, -7.933057373754267e-6, 0.1068863963318166]"
BFGS,12,"[0.4578992761545238, 0.1464996630526631, 0.040691240431499125, 0.13658638347295626, 0.12846703475416169, 0.055007674789220196, 0.07655341378831561, 0.16834082912169818, -7.930822334219464e-5, 0.11047562848185855]"
BFGS,13,"[0.46293642691344505, 0.1414242893411148, 0.04053227401700829, 0.1364513242121491, 0.12744316773917166, 0.05782975870561046, 0.0749286655137271, 0.16667052000610544, -8.908940335861563e-5, 0.11073232574972387]"
BFGS,14,"[0.46816466672290413, 0.13449780351172652, 0.04025289147937408, 0.136233810012243, 0.1271332969647159, 0.057806536350073004, 0.0749950513583609, 0.16632138249449777, -8.090115808668265e-5, 0.11098878091430321]"
BFGS,15,"[0.47367120908249294, 0.12755983088898715, 0.04006446059035407, 0.1359009077607733, 0.12689053073047565, 0.0577502871982425, 0.07483765976647287, 0.16616007268596972, -8.384268083950794e-5, 0.11119483339221821]"
BFGS,16,"[0.47803873285401083, 0.12071968777087229, 0.03985031819402253, 0.13567810294564833, 0.12664220183878924, 0.05768598927797597, 0.0747970268854843, 0.16587409557045651, -8.117948066854414e-5, 0.11141494058406103]"
BFGS,17,"[0.48229364681496006, 0.11448559711260473, 0.03966021092615351, 0.13542120865545357, 0.1264086491916411, 0.05761576031233531, 0.07468988169277724, 0.16564895661904247, -8.123622716918523e-5, 0.1116151899210783]"
BFGS,18,"[0.4859331903723986, 0.1088034385938061, 0.03947074236393788, 0.1352005265852289, 0.1261789657949867, 0.0575459572764768, 0.07461338765651675, 0.16538602584135906, -8.001396767830097e-5, 0.1118240092218369]"
BFGS,19,"[0.48939441230843844, 0.1038243969880143, 0.039295455828749555, 0.13497357337847238, 0.12595445351328857, 0.05747214525604801, 0.07451826905812377, 0.16513907050321058, -7.942782091609562e-5, 0.11202764797775414]"
BFGS,20,"[0.4925701220301796, 0.09942746995857375, 0.039127913896065104, 0.1347610116699048, 0.12573423747001805, 0.05739721983427397, 0.07443083765886198, 0.16488042075670734, -7.853768089151113e-5, 0.1122346327044618]"
BFGS,21,"[0.4956573242435883, 0.09556082973801887, 0.03897022688902557, 0.1345499946417535, 0.12551751235378572, 0.05731944359592757, 0.07433776369202962, 0.16462559534872145, -7.781008525601659e-5, 0.11243988129045572]"
BFGS,22,"[0.4986567028835874, 0.09210666625862012, 0.03881963732472619, 0.13434636780236317, 0.1253041986349223, 0.057240247549873356, 0.0742465596040689, 0.16436672320608214, -7.700989039969834e-5, 0.1126456970524523]"
BFGS,23,"[0.49895642826142755, 0.09179575641822513, 0.03880526328247435, 0.13432633748697811, 0.12528314348215044, 0.05723215835189506, 0.07423726389902231, 0.1643408885533388, -7.693467341041869e-5, 0.11266615076531421]"
BFGS,24,"[0.4992620900273723, 0.09150560357861393, 0.0387912017954959, 0.13430651522345646, 0.12526214463368845, 0.05722386269898508, 0.07422790717152822, 0.16431477574405084, -7.68575724155168e-5, 0.11268667871001432]"
BFGS,25,"[0.49957862788640833, 0.09122771812561199, 0.03877728276408045, 0.13428670942848558, 0.12524116403590807, 0.05721537872793212, 0.07421841045907047, 0.16428861129096164, -7.67817021489383e-5, 0.11270719011503572]"
BFGS,26,"[0.499906506305809, 0.09095834859537469, 0.03876344144536201, 0.13426697861941148, 0.1252202027943676, 0.05720679604864301, 0.07420887892772966, 0.1642623224300133, -7.670526970327445e-5, 0.11272770368136398]"
BFGS,27,"[0.49994054873750016, 0.09093214602698214, 0.03876206458643685, 0.13426500756385085, 0.12521810710388487, 0.05720593082134256, 0.07420791986599688, 0.16425968766049187, -7.66976704192554e-5, 0.1127297526484067]"
BFGS,28,"[0.49997591758288795, 0.09090656153115452, 0.038760692268581476, 0.1342630373036171, 0.1252160097207048, 0.05720506013419231, 0.07420695711186459, 0.164257044380727, -7.669005361969392e-5, 0.11273180147071235]"
BFGS,29,"[0.5000126830355156, 0.09088153718994235, 0.038759323614599744, 0.13426106538588278, 0.1252139100814905, 0.05720418486910322, 0.07420599018312407, 0.16425439586896004, -7.668244878931163e-5, 0.1127338491837403]"
BFGS,30,"[0.5000046639577499, 0.021712438997422034, 0.03573302025485902, 0.1296404845165487, 0.1200318209950344, 0.05605210807932009, 0.07246177991199645, 0.1569861259294071, -5.649930990205632e-5, 0.11874513117928218]"
BFGS,31,"[0.5000049468359264, 0.018881665873660268, 0.03565451644975052, 0.12949288884999802, 0.1198770986919371, 0.055996081386507114, 0.07239660394168872, 0.15678928845362197, -5.5966950041694077e-5, 0.1188976616071088]"
BFGS,32,"[0.5000042855569198, 0.0053889078714196015, 0.03540040750453808, 0.12928509262369975, 0.1196262217897235, 0.055887124211910666, 0.07233160046316657, 0.15644920569678164, -5.510885689896738e-5, 0.11911189537224563]"
BFGS,33,"[0.5000042911731052, 0.004804987032578149, 0.03538952143121309, 0.129279492947925, 0.11962164062449993, 0.055883489533470734, 0.07233130052455951, 0.15644198966045553, -5.5080852222443244e-5, 0.11911848129402147]"
BFGS,34,"[0.5000042098062832, 0.0008589936103753429, 0.03544216752922305, 0.12918701296795146, 0.11974990485268645, 0.055816296134983255, 0.07236057541167776, 0.15644648711814638, -5.447032388954658e-5, 0.1192672832475232]"
BFGS,35,"[0.5000042225607314, 0.0006067663370535691, 0.03545057400419644, 0.12917126891759237, 0.1197668439472477, 0.055811838654813976, 0.07236225218812067, 0.15646046422070364, -5.44379013206741e-5, 0.11928016764617538]"
BFGS,36,"[0.5000042007253246, 0.00043109225216964747, 0.035463798633060636, 0.12915132862563303, 0.11978506126484144, 0.055809718206421, 0.0723647019238235, 0.15647824786727857, -5.4386387615893454e-5, 0.11929376427230708]"
BFGS,37,"[0.5000042431229755, 0.00028371524552303217, 0.03547957275837935, 0.12912764991432835, 0.11980072242517238, 0.05581005219404677, 0.07236704436019727, 0.15649684668793862, -5.434265090901992e-5, 0.119306939445622]"
BFGS,38,"[0.5000041693797292, 0.0002082679448614208, 0.03550488876007746, 0.12909913931171124, 0.11981378362774833, 0.0558111542950106, 0.07236894403201168, 0.15651111371149876, -5.42887122614952e-5, 0.11932128674498488]"
BFGS,39,"[0.5001702036201208, 0.00289194506813682, 0.07751955680219232, 0.08874776275650859, 0.12897897492866914, 0.05683858322027968, 0.07199193071716868, 0.16519125244761776, 3.1900192488959833e-6, 0.13616988209037093]"
BFGS,40,"[0.4996814461546465, 0.0032922719623404138, 0.07813950531893275, 0.08499055670600505, 0.12625696618348314, 0.05730056638814893, 0.07217233060569699, 0.16029405878747968, 1.0189592119331792e-5, 0.1370604880169003]"
BFGS,41,"[0.49967486031542974, 0.002444350535743493, 0.0783013961121979, 0.08501452080611857, 0.12593744917432786, 0.05726205762938469, 0.0721581516621528, 0.1592262419019332, 1.1017514432119942e-5, 0.13701312992123807]"
BFGS,42,"[0.49967258093075767, 0.002019009828548445, 0.07839286435886653, 0.08503696037164495, 0.1258281416481932, 0.0572372380658568, 0.07214244419021938, 0.15881794707401703, 1.132699773536357e-5, 0.13700213349658052]"
BFGS,43,"[0.4996699997233889, 0.0014532604863274796, 0.07849437346951066, 0.0850756138603959, 0.12570473630051301, 0.05719692584429782, 0.07211049100360041, 0.15835337851743186, 1.1695127481199534e-5, 0.13699130447752447]"
BFGS,44,"[0.499667298093064, 0.0007861098963652738, 0.07858731399535271, 0.08512849205628521, 0.12557567111172596, 0.057143207815300696, 0.07206311962172743, 0.15787517504643753, 1.2095956869003503e-5, 0.13698037144489286]"
BFGS,45,"[0.4996644963931855, 1.4598053482149263e-5, 0.07866748588525779, 0.0851948605856566, 0.12544185497883112, 0.05707709038250611, 0.07200134883088857, 0.15738958055266825, 1.2525710785378627e-5, 0.13696900427937386]"
BFGS,46,"[0.49966446737348874, 5.700526183758657e-6, 0.07866815123992, 0.08519565351101462, 0.1254404697576296, 0.057076312833854295, 0.07200059723200986, 0.1573846555627569, 1.2530287675698155e-5, 0.13696888411057798]"
BFGS,47,"[0.49966443717819703, -4.58825059857305e-6, 0.0786686851184018, 0.08519657376424696, 0.1254390305691924, 0.05707542104938608, 0.0719997174647637, 0.15737963160997143, 1.2535159688937222e-5, 0.13696875502267974]"
BFGS,48,"[0.4991503727943219, 7.643435042712974e-6, 0.07891164844924271, 0.10804989614734727, 0.09817357374730704, 0.04164073321799794, 0.05574212657320829, 0.06409570695925879, 0.00011472606440483589, 0.13574366683095587]"
BFGS,49,"[0.4991388655762293, 8.408392383651275e-6, 0.07657396186566753, 0.10717544503323459, 0.09798391665094366, 0.04130493411689614, 0.05383672742056151, 0.06772949590698552, 0.00011602743209150656, 0.13678010311523406]"
BFGS,50,"[0.49905480455999685, 9.372828593651233e-6, 0.07231655450471804, 0.11224188143979977, 0.09263948706174777, 0.03878872700250395, 0.04712634028303637, 0.05888177198455622, 0.00013507848907074065, 0.1375259175840778]"
BFGS,51,"[0.49902628341844424, 9.699973593296948e-6, 0.07032017256761414, 0.11441031649610604, 0.09062100833380178, 0.037759669346103975, 0.04434732357944706, 0.056431378179754896, 0.00014203152396815717, 0.13768533697113536]"
BFGS,52,"[0.498973657058655, 1.0374103659158366e-5, 0.06558659763022018, 0.1190248943517888, 0.08656578613868413, 0.035384206677474446, 0.03834546240646347, 0.053510191083586456, 0.00015565623385450713, 0.13795111682019365]"
BFGS,53,"[0.49892026049537214, 1.1144085430605351e-5, 0.05970616434220869, 0.12431695415768082, 0.08210957345855849, 0.03222076569528688, 0.03162340068043802, 0.05230665030009528, 0.00017041985330737498, 0.13822745975928877]"
BFGS,54,"[0.4988899506351406, 1.1654054923136877e-5, 0.05547170421558965, 0.1277926918625592, 0.07933432323716227, 0.02949972472681307, 0.027903740774564062, 0.05282569787505641, 0.00017976442433839863, 0.13840645587543052]"
BFGS,55,"[0.49885996374302705, 1.2213525833235054e-5, 0.050551280495231866, 0.13158687974427538, 0.07643619046676134, 0.025730286358224323, 0.02491165327208984, 0.05405417776721228, 0.00018996741936500041, 0.13859506301667235]"
BFGS,56,"[0.498855551208429, 1.229858660386618e-5, 0.0498001797934812, 0.1321402448955159, 0.07602299628745353, 0.025074079846913667, 0.024578426593941324, 0.054249226420944985, 0.00019151331253060066, 0.13862290487168588]"
BFGS,57,"[0.4988451080230716, 1.2496343980022734e-5, 0.04810896903422731, 0.13335376858421777, 0.075121878543316, 0.023442039248114947, 0.023907649570758034, 0.05465350206201778, 0.000195076561842773, 0.13868783272351146]"
BFGS,58,"[0.49884358675285917, 1.2524846176354238e-5, 0.047867738188257083, 0.13352724492327567, 0.07499289771231782, 0.02320607507894509, 0.023808550473625078, 0.05470961330211306, 0.00019558922842122193, 0.13869720121553086]"
BFGS,59,"[0.4988425353362012, 1.2544378506087572e-5, 0.04770377872601801, 0.13364541499168603, 0.0749049626613524, 0.02304384235775678, 0.02373942364085951, 0.05474684670545395, 0.00019594018809089605, 0.13870362780813997]"
BFGS,60,"[0.4988402337301901, 1.2640596474696767e-5, 0.04664803594716167, 0.13419502167230565, 0.07443157819495691, 0.023282510413376374, 0.022775351048038642, 0.055492404139287216, 0.0001970813120301333, 0.13872358320258446]"
BFGS,61,"[0.4988402337301895, 1.2640596474707265e-5, 0.04664803594711209, 0.13419502167232253, 0.07443157819492956, 0.02328251041342661, 0.022775351047823068, 0.05549240413933472, 0.0001970813120302032, 0.1387235832025865]"
BOBYQA,1,"[0.25, 0.25, 0.25, 0.25, 0.25, 0.25, 0.25, 0.25, 0.25, 0.25]"
BOBYQA,2,"[0.25, 0.26, 0.25, 0.25, 0.25, 0.25, 0.25, 0.25, 0.25, 0.25]"
BOBYQA,3,"[0.24, 0.25, 0.25, 0.25, 0.25, 0.25, 0.25, 0.25, 0.25, 0.25]"
BOBYQA,4,"[0.25, 0.25, 0.24, 0.25, 0.25, 0.25, 0.25, 0.25, 0.25, 0.25]"
BOBYQA,5,"[0.25, 0.25, 0.25, 0.24, 0.25, 0.25, 0.25, 0.25, 0.25, 0.25]"
BOBYQA,6,"[0.24982916741787348, 0.2500276362180162, 0.24748237039282792, 0.23381243640772834, 0.24485359438297782, 0.2471077838797074, 0.24791152975103428, 0.24852328819170263, 0.24981089638960174, 0.2462694370882427]"
BOBYQA,7,"[0.24948102257232008, 0.25008394363875813, 0.2423776444867948, 0.22135171255336514, 0.2345024323893653, 0.241260589506543, 0.24367938363245772, 0.24552983824229338, 0.24942953815675528, 0.23918464457437694]"
BOBYQA,8,"[0.24871591440373078, 0.2502075286325519, 0.23146559434107739, 0.19580745589409865, 0.21332316001230872, 0.22896069857353832, 0.23466236744947533, 0.23914110370801367, 0.24863886317247447, 0.2289269217533635]"
BOBYQA,9,"[0.247082385493631, 0.2504709417939505, 0.20889250394550923, 0.14269505861932152, 0.1714492310837292, 0.20400748196005053, 0.21611104235176348, 0.22598604734555, 0.24707175943050594, 0.2158487294343934]"
BOBYQA,10,"[0.24529727889838213, 0.2507544847715286, 0.19832313839161006, 0.09887530596936203, 0.167399013799553, 0.19647380599667136, 0.20675376804201268, 0.21816018324490066, 0.2466808140541052, 0.28021280857812514]"
BOBYQA,11,"[0.2458063944975886, 0.25067252571440707, 0.20389609474821224, 0.09878268617815264, 0.17129739528419402, 0.17864179240107925, 0.21154479278710409, 0.2217574599866268, 0.2471011587519703, 0.2790293628407109]"
BOBYQA,12,"[0.2450220899727821, 0.25078856291390217, 0.1815691860254922, 0.0933119968853359, 0.17458560470883372, 0.17518224499948232, 0.19883777638310132, 0.21654173689652656, 0.2480990614218778, 0.24972913289447168]"
BOBYQA,13,"[0.246019706697824, 0.2506327710752997, 0.18945360854779797, 0.09440768236377658, 0.17339092498485112, 0.17541234300843245, 0.1816091522242636, 0.22264746673604152, 0.24806867907591745, 0.24955799116420285]"
BOBYQA,14,"[0.24635871696923217, 0.25058719511188937, 0.1996341375567602, 0.09488138868849175, 0.15781509335503155, 0.17935191544475199, 0.18756842808294819, 0.22278466897558294, 0.24670581471851163, 0.24885125792568752]"
BOBYQA,15,"[0.24553355808685373, 0.25068668376118924, 0.20081542679620396, 0.08920741354997846, 0.1587436414156907, 0.1818967469096141, 0.1873899726461538, 0.2167163921910698, 0.24335616695822668, 0.25206146639367355]"
BOBYQA,16,"[0.25369062095452566, 0.24971988566574108, 0.2003757733177552, 0.09037956336717401, 0.15807436612210995, 0.182475553999438, 0.18909762903495175, 0.21251282676923366, 0.24640320484710573, 0.25150742949917104]"
BOBYQA,17,"[0.24897874107332726, 0.2473036681717909, 0.20208519491913585, 0.09014075559723056, 0.15799257116404486, 0.18226634726546911, 0.1883546701995468, 0.20885694543678973, 0.2538102083968439, 0.2511210177520921]"
BOBYQA,18,"[0.24904914694703773, 0.23777003603037583, 0.20069601336295745, 0.08977005132594892, 0.15714034418367118, 0.1820497073492472, 0.18793579351262665, 0.20942845934749837, 0.2514359228734785, 0.25147473076787435]"
BOBYQA,19,"[0.24900544607728542, 0.23674835475480027, 0.1984300195886479, 0.08240593959952411, 0.15287254727074895, 0.1789267359505523, 0.1850833445505748, 0.20756380569972124, 0.2515019173804875, 0.25154250887197344]"
BOBYQA,20,"[0.2500752679207737, 0.23297753412474198, 0.20295838400600236, 0.0794768672282376, 0.14704100659832003, 0.17993240506651964, 0.18138927572188734, 0.20515257590964078, 0.2524158325663905, 0.25202953267308303]"
BOBYQA,21,"[0.2503474498511016, 0.2256798652979854, 0.20199376549654033, 0.0782990145366991, 0.15016953678351413, 0.180709659269279, 0.17662623353486423, 0.20362186054635695, 0.2501605583339828, 0.25006882530518443]"
BOBYQA,22,"[0.2503624863841543, 0.22462736661901297, 0.19991620716816702, 0.07086833775005216, 0.14584918938643116, 0.17814376043444485, 0.17345084847955905, 0.2016147610337003, 0.250167506791978, 0.25007180384718986]"
BOBYQA,23,"[0.2498399856770927, 0.2268770879836523, 0.19697972046249312, 0.06860780400631936, 0.1406682225374588, 0.17612466917198955, 0.17405929560960093, 0.20156765377206148, 0.249630593819381, 0.24304663977416782]"
BOBYQA,24,"[0.25270711643020116, 0.22848235377176646, 0.1998630048489108, 0.06748268425690962, 0.1418578528024849, 0.1767672011924783, 0.1692710023143491, 0.19957852758148217, 0.2567639621226753, 0.242885168129747]"
BOBYQA,25,"[0.2530557242412244, 0.22894036699979858, 0.19513141405303122, 0.07282971706513672, 0.13852583653930672, 0.17627589153709333, 0.167484997347019, 0.19434149058478437, 0.2571906494973381, 0.2454440419534764]"
BOBYQA,26,"[0.25360638714896555, 0.22695553248388184, 0.19386282338806476, 0.06638905569362868, 0.13549073457395353, 0.17371940531324653, 0.16300231848587898, 0.19142428056600147, 0.25812347746219444, 0.24817233872951858]"
BOBYQA,27,"[0.253358965461435, 0.2271215191198676, 0.19218925396406267, 0.06406721545248115, 0.13360420451097002, 0.1722816716635803, 0.16199622819965254, 0.1904822318927682, 0.25805429164936156, 0.24514101551127765]"
BOBYQA,28,"[0.25266483842648585, 0.22758875633218156, 0.1887144064258096, 0.0594274141984642, 0.12994962020501102, 0.16941797361593847, 0.16009233834097228, 0.18855861046787864, 0.2578910060700924, 0.23907561982444941]"
BOBYQA,29,"[0.25127349920816133, 0.22876927123746804, 0.1806257731770672, 0.050437689257872675, 0.12273855591634694, 0.16372927611319182, 0.15730884962049427, 0.18518262404532815, 0.2568954796891393, 0.22699536637564527]"
BOBYQA,30,"[0.2428870054372897, 0.22906169512456176, 0.1670302851518123, 0.031057162717341213, 0.10849794926828507, 0.1503871664484326, 0.14983516999437818, 0.16971785539814307, 0.2637471400050506, 0.21129912054080974]"
BOBYQA,31,"[0.23007908122149298, 0.2526494469895286, 0.16518910447515942, 0.027373123448588513, 0.11466838786457838, 0.1295511603214038, 0.1366455266249479, 0.16406960685381444, 0.2506431033305081, 0.21487882762744914]"
BOBYQA,32,"[0.23192748998624219, 0.24214496568508534, 0.16858294561471107, 0.028108709325407745, 0.11883379053658151, 0.12316241630910102, 0.12810967474319018, 0.16397393322452455, 0.2515923166993375, 0.2141426169208401]"
BOBYQA,33,"[0.23755068881517233, 0.23967262008318044, 0.16271864931560132, 0.02747271623585007, 0.11564875240985248, 0.11106877476661375, 0.1368501261454357, 0.16858841462418744, 0.2601371440765467, 0.21475010850538773]"
BOBYQA,34,"[0.23948227913623718, 0.24103195866438118, 0.16440238538355353, 0.02498305133701833, 0.1083798908777979, 0.11221665081966405, 0.13232386267370527, 0.16949495263376224, 0.26309880155198795, 0.21582412173282867]"
BOBYQA,35,"[0.23805930475703446, 0.23957857094819146, 0.16320193464207033, 0.024887208710807025, 0.10617995401363639, 0.11146601235430953, 0.1334264141933814, 0.1682048540567409, 0.2605541205540238, 0.21798143125755984]"
BOBYQA,36,"[0.2415524674434425, 0.23853576911998228, 0.16253233088832186, 0.02434151231677613, 0.10604572211809554, 0.11261611087704128, 0.134986094968701, 0.1658231457119842, 0.2599557666723497, 0.2169042524840929]"
BOBYQA,37,"[0.24120419077142247, 0.2381535600005718, 0.1628040038045864, 0.02349573257939897, 0.1058128555196892, 0.11244846825427554, 0.13545776461208092, 0.1668792981501739, 0.2588855732426251, 0.21528317416786333]"
BOBYQA,38,"[0.2407974054991923, 0.23776345613287786, 0.16188152109870507, 0.02535388301788721, 0.10513576985268085, 0.11291425579765521, 0.13550674680076352, 0.16708592813956338, 0.25915898558863715, 0.2143702695914196]"
BOBYQA,39,"[0.24076482430129345, 0.23769312694950287, 0.16160862082465294, 0.024865688264361637, 0.10478147718964591, 0.11241821784369663, 0.13509366651052201, 0.1668212647867466, 0.2592142624996751, 0.21411361983336463]"
BOBYQA,40,"[0.24061400040186756, 0.23805424227334085, 0.1608275384972265, 0.02470844930299461, 0.10513547419373993, 0.1125419940144122, 0.13522083094559134, 0.1669310407765524, 0.2590273835994737, 0.21420447398512613]"
BOBYQA,41,"[0.24052982351525645, 0.23835242446840457, 0.16064605232816337, 0.024598239146773407, 0.10518110573149012, 0.11168235508091467, 0.1349413469963802, 0.16690075688908554, 0.258903870255107, 0.21435800851233844]"
BOBYQA,42,"[0.2400306615873942, 0.23840885656474664, 0.16093436211606527, 0.02465769007210385, 0.10521805829090465, 0.11150253278599308, 0.135424648906018, 0.16637153761181334, 0.25914551327901225, 0.21412295710890442]"
BOBYQA,43,"[0.23955238734389278, 0.23819575077777203, 0.16101409781001177, 0.024302707726193723, 0.10507129277486264, 0.11149472703561922, 0.1354190908474344, 0.16630113386952133, 0.25846459379779146, 0.21444425052538876]"
BOBYQA,44,"[0.24006955542877975, 0.23799699830242105, 0.16089774219282202, 0.02441044102120403, 0.1048473879045691, 0.11144346101106649, 0.13576091582200547, 0.1661572111119432, 0.25794875921710836, 0.213984376032969]"
BOBYQA,45,"[0.24023506867688904, 0.23779826785926542, 0.16024134648287383, 0.02409497606901559, 0.10490696320924306, 0.11188566372769586, 0.1354662897945654, 0.16592361051334933, 0.2581967157034492, 0.21401247402608925]"
BOBYQA,46,"[0.2400839680496475, 0.23792186215548808, 0.1599623122804366, 0.023734381283841737, 0.10466287372250616, 0.1111759974098508, 0.13516729579529088, 0.16565998163816717, 0.258214527798873, 0.21383475644460248]"
BOBYQA,47,"[0.2405564430808651, 0.23793022445059808, 0.16018409230998545, 0.023755655439615966, 0.10402319327207823, 0.11074708601734941, 0.1349810050801872, 0.16597355666893915, 0.2582428980442283, 0.2138267574990682]"
BOBYQA,48,"[0.24047401103545915, 0.23821641902245866, 0.1599971708981983, 0.023632191353269556, 0.10404762917114996, 0.10988388925649736, 0.1347064515000922, 0.16592731125375468, 0.25810954815609843, 0.21396856148203122]"
BOBYQA,49,"[0.24089820239093798, 0.23820505081063847, 0.16005495709011294, 0.02409551989281729, 0.10374715200581247, 0.10962044238810871, 0.1345559235712424, 0.16584177690523122, 0.2583338897395611, 0.2133669593123236]"
BOBYQA,50,"[0.2413990891430819, 0.23827076497940505, 0.16021355797536183, 0.024054245607879512, 0.10306464732894069, 0.10952258995029863, 0.13463987449640535, 0.16603609765886662, 0.25818200462405205, 0.21378489611038237]"
BOBYQA,51,"[0.241315295459798, 0.23800010312612724, 0.15984757648357925, 0.02375965854440279, 0.10288634933012776, 0.10923004038818465, 0.1351160465087174, 0.16644399462255505, 0.25857611140103537, 0.21360273822037149]"
BOBYQA,52,"[0.2407905713673272, 0.23822535791158686, 0.1598893214319412, 0.02336118034814499, 0.10238286212352969, 0.1091434955798477, 0.1349284852268859, 0.16674917013069226, 0.2582383743168028, 0.2135025865330733]"
BOBYQA,53,"[0.24109058818970308, 0.23830635088978208, 0.15978700169195137, 0.023491804088660702, 0.10188987515295873, 0.10869128306416234, 0.13491698601928545, 0.16654319854692282, 0.2576506607606566, 0.21330158381834646]"
BOBYQA,54,"[0.24108618297145445, 0.23831064874015623, 0.1594355302125378, 0.023072161941541828, 0.10146954442453343, 0.10839197996799792, 0.13465351361184716, 0.16628619580299944, 0.2574869031286033, 0.2127802533631635]"
BOBYQA,55,"[0.2410689043321775, 0.2383175282307381, 0.15873186302226658, 0.022235660645284466, 0.10062936662570088, 0.10779431004584838, 0.13412106522456718, 0.16576753976947042, 0.2571523813679783, 0.21174234491639587]"
BOBYQA,56,"[0.24100535502150194, 0.23832671372091122, 0.15732579294738278, 0.020567071693201842, 0.0989588995808724, 0.1066090437211411, 0.1330289062159358, 0.16469987406617365, 0.2564624275833724, 0.2096855073005348]"
BOBYQA,57,"[0.24157920214096287, 0.2388722185075536, 0.15519951177567226, 0.017117600277556697, 0.09536775548082645, 0.10406757019904364, 0.13050600089015618, 0.16223185211975719, 0.25447359951319454, 0.20634093333239958]"
BOBYQA,58,"[0.24633400391295682, 0.24141939298406243, 0.15586715122984787, 0.011881920062946746, 0.08917933701440744, 0.09844675621103122, 0.12578501492650412, 0.1570009976292787, 0.24573559200726178, 0.20456518639147953]"
BOBYQA,59,"[0.24443171012062986, 0.2410820071436294, 0.15471385819472963, 0.011937731690535065, 0.08868807502366019, 0.09905237040211323, 0.12799585374368597, 0.15545978389706386, 0.2444548627095771, 0.20500370854481303]"
BOBYQA,60,"[0.24655590606104555, 0.24093702829373786, 0.15154791371769163, 0.010053130056074312, 0.0927630201993473, 0.09433953029365846, 0.12980766160695825, 0.15587753996578935, 0.24270737063101164, 0.2042521046040508]"
BOBYQA,61,"[0.24458060197211734, 0.24186138907775945, 0.1535352402839436, 0.00963244992297457, 0.09249751039071658, 0.09494895802846945, 0.12877920793797612, 0.15609749148726765, 0.24121588436874172, 0.20242323398864587]"
BOBYQA,62,"[0.24486515414549906, 0.2427012268314161, 0.1532001140532891, 0.010786926581333626, 0.09231335613566384, 0.09496157924313979, 0.1282737437204637, 0.1549749089071457, 0.2416142106872664, 0.2021779688303657]"
BOBYQA,63,"[0.24497434823435507, 0.24283459534670232, 0.1529761907909115, 0.010412001242980218, 0.09198132306272457, 0.09449669914351307, 0.1280921253425712, 0.1546594337903413, 0.2411455114131847, 0.20186011573422571]"
BOBYQA,64,"[0.24432361146595394, 0.24271968152257284, 0.1530114241572846, 0.010398099972039858, 0.09151088718730317, 0.094669783973198, 0.12844127290917862, 0.15423226905864612, 0.24111624084495167, 0.20193362129352335]"
BOBYQA,65,"[0.2441148133493362, 0.2432415034708922, 0.15313434900516654, 0.010905027357716207, 0.09127208960708141, 0.09443517036932711, 0.12795990057674592, 0.15435222304245003, 0.24134545977119193, 0.2019697029221406]"
BOBYQA,66,"[0.24420424784216738, 0.24338744924041603, 0.15293761212625753, 0.010532802429382026, 0.09095809305749891, 0.09401357867515547, 0.12775416080034252, 0.15399170302366552, 0.240863271010756, 0.20163458864748188]"
BOBYQA,67,"[0.2444831947762242, 0.24340525472215396, 0.15324231272965733, 0.010911159223028434, 0.09063962961502574, 0.09428701539734445, 0.12725649101025158, 0.15390052799157128, 0.24094501503610838, 0.2011375791360748]"
BOBYQA,68,"[0.24484849696659342, 0.24337623833407226, 0.1534729297005382, 0.011067315449721777, 0.09021148635572852, 0.09405494612262412, 0.1270791017210133, 0.1537825968404978, 0.24032732050653907, 0.20148979974535275]"
BOBYQA,69,"[0.24455518571719626, 0.24354441731592277, 0.15404365613339502, 0.010928090545036363, 0.0902052989777504, 0.09432885901399057, 0.12650921572890708, 0.15408979695501518, 0.24020340202378163, 0.20131370941238574]"
BOBYQA,70,"[0.24468787770236314, 0.24375273947869544, 0.15399211929664464, 0.010652115119574737, 0.089975117397717, 0.09389463319015484, 0.12633100864417482, 0.15372676220180756, 0.2395671280709562, 0.20108955752957552]"
BOBYQA,71,"[0.2444260114173797, 0.24330081874615458, 0.15453763366610485, 0.01035667703674879, 0.08964083427895114, 0.09383414369943237, 0.1263731247443188, 0.1537368455473098, 0.23955106723554953, 0.2006154409404798]"
BOBYQA,72,"[0.24439959789500937, 0.24329167542913227, 0.15456077194052778, 0.010336924906261568, 0.08944255574621766, 0.09361666080038587, 0.12618481217362676, 0.153538679649302, 0.23926345546352612, 0.20068046503176012]"
BOBYQA,73,"[0.244327033177149, 0.24325793910009413, 0.15461236130676903, 0.010347349403993934, 0.08903989901486824, 0.09318319294118425, 0.1257930978281645, 0.15315215723116402, 0.23870272772430917, 0.2008339054273845]"
BOBYQA,74,"[0.2441121234212596, 0.24313446426340696, 0.15473339578287193, 0.010486897391005372, 0.08825870944030598, 0.09228556995461494, 0.12505650372254087, 0.15241815556546082, 0.23762164590785426, 0.20132216087636368]"
BOBYQA,75,"[0.24327514620827814, 0.24220684791470987, 0.15550746169283258, 0.010941306175156129, 0.08658361109234024, 0.09019251004565029, 0.12374090871844574, 0.15107905395957363, 0.23596022256372712, 0.20172485997808856]"
BOBYQA,76,"[0.23935028395585073, 0.24139075269845758, 0.15772239887901288, 0.013597711502397917, 0.08378634403065713, 0.08707470987749963, 0.12167504596600895, 0.14946607817157506, 0.23274320487386227, 0.20282164864131472]"
BOBYQA,77,"[0.2308589085547878, 0.24543463390973874, 0.16241451694267406, 0.021043171213746204, 0.08036695607825452, 0.08155735234432336, 0.11564333701494525, 0.15178482538394092, 0.23232459479643636, 0.2052764281203255]"
BOBYQA,78,"[0.229707898770411, 0.24619713146524308, 0.1607573590638975, 0.018672119999009106, 0.07958573681192244, 0.08020448397475927, 0.11500763427668985, 0.1516589311165844, 0.23234005991509618, 0.20525093640078226]"
BOBYQA,79,"[0.2277433123259081, 0.2452413110382954, 0.16119481204077213, 0.01850017606098308, 0.07626176905797578, 0.07772730397912098, 0.1182608758093465, 0.1540632808500974, 0.22734296460144587, 0.2045543335411236]"
BOBYQA,80,"[0.22943340768194476, 0.24103013043217675, 0.1641923065834095, 0.018945721958779256, 0.07538380697286165, 0.07574154114704058, 0.12151842064342375, 0.15112274472158452, 0.22419474115414056, 0.20396925447080594]"
BOBYQA,81,"[0.23325346355071752, 0.23056635592326008, 0.16851977980003252, 0.021434776507904246, 0.07362019120715618, 0.07433258644753406, 0.12890275077223137, 0.14709609513118893, 0.21884229049173137, 0.20238567661859566]"
BOBYQA,82,"[0.23523711104189668, 0.22863213524400977, 0.16939489869117152, 0.021395277916221003, 0.0726125220328743, 0.07254115162467328, 0.13134161941161984, 0.14778583460829936, 0.21762520621397266, 0.2015953932673374]"
BOBYQA,83,"[0.2347067117892751, 0.2238768781215689, 0.16630570617984103, 0.0236441194935115, 0.06991480981110021, 0.07079389340376016, 0.13010699100148904, 0.15024926926373658, 0.21769093506309659, 0.1986665526939865]"
BOBYQA,84,"[0.2342208111842714, 0.22370883227031124, 0.1664691270999877, 0.023371019960300277, 0.0731627075904127, 0.06955695239100208, 0.12962163797618464, 0.15018538277112684, 0.21711079359519483, 0.19694048918937404]"
BOBYQA,85,"[0.23376848106453016, 0.22284861683828092, 0.16698286271203114, 0.02388779621913046, 0.07245801800840067, 0.06852269027786645, 0.12975337775521498, 0.15003729648112327, 0.21616369276407893, 0.19679258900726113]"
BOBYQA,86,"[0.23334360587007708, 0.22339703118888898, 0.16704059605027782, 0.023748296224634834, 0.07199359973703494, 0.06864656460868832, 0.12967859454552055, 0.15049730295106495, 0.21594717631228327, 0.1968212656009001]"
BOBYQA,87,"[0.2334265850150776, 0.22327009520128765, 0.16706733152547665, 0.02376169189806451, 0.07194117320376502, 0.06853519986535045, 0.12978493846150196, 0.15054805766973067, 0.21587780692997915, 0.19675227532432324]"
BOBYQA,88,"[0.23344419354169738, 0.2231934690805148, 0.1669683881996361, 0.02371525624130183, 0.07179195424463786, 0.06861539732502052, 0.12982824237526636, 0.1504596619675967, 0.21591494715041462, 0.1968201426219018]"
BOBYQA,89,"[0.2334222562946463, 0.22315246054737545, 0.16699254108718073, 0.023742796572144925, 0.07175590129430671, 0.06856319464747984, 0.12983599295328707, 0.15045230614894622, 0.21586693083186792, 0.19681303315937346]"
BOBYQA,90,"[0.2333704269216452, 0.22311334641589695, 0.16698890848520817, 0.02372415619066499, 0.07180762951644719, 0.0685405518575913, 0.12979893733277056, 0.1504517722825558, 0.21585595018119214, 0.19684024818426749]"
BOBYQA,91,"[0.23336637473980804, 0.223135175897079, 0.16697994355378803, 0.02365698604701048, 0.07177585470077857, 0.06853331237839022, 0.12979761247213636, 0.15050640786577668, 0.2158316564678968, 0.1968568560045521]"
BOBYQA,92,"[0.2333551158645066, 0.22316278533530276, 0.16701086035584484, 0.02364815111679703, 0.07176059560550575, 0.06852554444482015, 0.12974172469496495, 0.1504803463583257, 0.21578783822829994, 0.19681145570392558]"
BOBYQA,93,"[0.23333426536473112, 0.2231900533225713, 0.16706050862158692, 0.023652646415841166, 0.07176690274943916, 0.06845588756232594, 0.12975589746113855, 0.15048986347481108, 0.21575773103245174, 0.19679574557559118]"
BOBYQA,94,"[0.23332485893083663, 0.22324101112478748, 0.16710934058025145, 0.02363012128587918, 0.07178519383096316, 0.06845297544377033, 0.12977633722305573, 0.15044833522546794, 0.215764997345295, 0.19683915821162026]"
BOBYQA,95,"[0.23331955889800374, 0.22324910435075532, 0.1671379278954622, 0.02363412812571705, 0.07181793444997442, 0.06844858251205246, 0.12973309293997734, 0.15046292929721586, 0.2156923317894097, 0.19686402859652627]"
BOBYQA,96,"[0.23327768701874155, 0.22329445832810485, 0.16715132644862213, 0.023630598691230756, 0.07179701039551682, 0.06841955452236859, 0.1297112230409302, 0.15044518870367277, 0.21567780896178707, 0.19680309083790912]"
BOBYQA,97,"[0.23324276249454878, 0.22332308267018924, 0.16716831967871582, 0.023603434783139515, 0.07185259645417834, 0.06837593614158573, 0.1296923644301779, 0.15041907150592068, 0.21570207935418953, 0.19678533987586766]"
BOBYQA,98,"[0.23319935125268726, 0.2232679317629395, 0.1671965158370232, 0.023623733496616922, 0.07182597963940501, 0.06833463547045111, 0.12968521956284587, 0.1504209101843545, 0.21570211084680702, 0.19674794804155546]"
BOBYQA,99,"[0.23321253076710297, 0.22330255081606093, 0.16716657128372903, 0.023630505997796935, 0.071802745080698, 0.06826330575916023, 0.1296508059184434, 0.15043373489837156, 0.2156905173306695, 0.1967719131048406]"
BOBYQA,100,"[0.23320495710513234, 0.22331157842162622, 0.16717302306463017, 0.02359766663690603, 0.07178594075197658, 0.06827938663666466, 0.12958947981104307, 0.1503887228958263, 0.21564601974600792, 0.19679272430215783]"
BOBYQA,101,"[0.2332129091968331, 0.2233527085161635, 0.16719380413590623, 0.023591840783313035, 0.07173691659837331, 0.06828155177919287, 0.12955668114161903, 0.15037327962000605, 0.21561184201908343, 0.19673897612928645]"
BOBYQA,102,"[0.23321270116989923, 0.22335392756135544, 0.16718908762434845, 0.023579219093051055, 0.07170372177706764, 0.06824479537842552, 0.12951645205216464, 0.15032146241959576, 0.21555656869859746, 0.19673664222822804]"
BOBYQA,103,"[0.23321316150763938, 0.22335569518661347, 0.16718066828750747, 0.023554871876333608, 0.07163759977402438, 0.06817100255954386, 0.12943768376969136, 0.15021645784522555, 0.21544578428443906, 0.1967331922126404]"
BOBYQA,104,"[0.23321616320083954, 0.22335580300936028, 0.1671669452872165, 0.02350682364263166, 0.07150585236806578, 0.06802284925373511, 0.1292825446066392, 0.15000397225053766, 0.21522453921861767, 0.19672876765596964]"
BOBYQA,105,"[0.23325169277277874, 0.22328868342264221, 0.167166845715143, 0.023413550704845455, 0.0712529600800282, 0.06773690805230738, 0.12898212780753915, 0.149551104644439, 0.21479519173257713, 0.19674048491382068]"
BOBYQA,106,"[0.23337956580587882, 0.2230625452070345, 0.16727775947504353, 0.023254684080799483, 0.07072729694328223, 0.06714896167551221, 0.1284870008371448, 0.14861898309198804, 0.21395034911851818, 0.1968126410311697]"
BOBYQA,107,"[0.23391727459244852, 0.22189093717377184, 0.16755870695418254, 0.022971365222972346, 0.06963018156391032, 0.06618170913761628, 0.12746203631310168, 0.14687187332135418, 0.21247568907210554, 0.1967657783636439]"
BOBYQA,108,"[0.23433406708864743, 0.2193631462258805, 0.17055197733303276, 0.022543865835429316, 0.06633672445039308, 0.06400804806544615, 0.12896662689202654, 0.1453728154660858, 0.21026478748512545, 0.19729814886003863]"
BOBYQA,109,"[0.23477857897620447, 0.2186488714795492, 0.17414931301105396, 0.021411850010002793, 0.06763505869156713, 0.06005988555488008, 0.1279726039762575, 0.14574635347399498, 0.20750342536597532, 0.1972386090074618]"
BOBYQA,110,"[0.2328039615666307, 0.21879297901383749, 0.17756657052812588, 0.020241408214518142, 0.0670935070090482, 0.05647260903314069, 0.12858547862701594, 0.14832873695883153, 0.20558569532528037, 0.19690891704179792]"
BOBYQA,111,"[0.23458331027519141, 0.21825142910172524, 0.17897529317781602, 0.017656083669506186, 0.07053001350552203, 0.054622024010396994, 0.12681415795658765, 0.14609482216566683, 0.203248149096411, 0.19683195640364462]"
BOBYQA,112,"[0.23754104379160973, 0.21736658212073423, 0.17919348393675216, 0.019280696004831552, 0.07300000941411575, 0.053664973950716593, 0.12312787827361012, 0.14456841958243655, 0.200866075772361, 0.1971955841599154]"
BOBYQA,113,"[0.23961242011672312, 0.21651226263390783, 0.1788881549703255, 0.01745094545257249, 0.07333546231044023, 0.05328577072558622, 0.12218661718743545, 0.1391101894686778, 0.20211395611434346, 0.19727650378892522]"
BOBYQA,114,"[0.2427034322731056, 0.21385355555056765, 0.17730466551665403, 0.01806271922894051, 0.0739422175163377, 0.05486115806820042, 0.1215542221326655, 0.1350375662617654, 0.20085174249319804, 0.1974372856766356]"
BOBYQA,115,"[0.24314987615010866, 0.2140876878135539, 0.1774582957785978, 0.018115602007618976, 0.07331386474192778, 0.05362950257804536, 0.11999172661299898, 0.13378714895552968, 0.2028607422867556, 0.19751885029939545]"
BOBYQA,116,"[0.24279637244769192, 0.21548359816145085, 0.17803479077950912, 0.01690368957801041, 0.07354877309611012, 0.05282606930996754, 0.11868108296477842, 0.13235679312166596, 0.20423888579342545, 0.19747737561178558]"
BOBYQA,117,"[0.242683234420916, 0.21540688487719445, 0.17901768609985783, 0.017426047118050587, 0.07403048119151638, 0.053122368371576016, 0.11858481157905476, 0.1321128517255277, 0.20462661414179542, 0.1966036310445138]"
BOBYQA,118,"[0.2437738335979525, 0.21646726351094525, 0.18075376376344948, 0.018557879255130937, 0.07551210327062598, 0.05375540618159012, 0.11841641520946025, 0.13148036181682726, 0.20496924288551271, 0.19590402771730042]"
BOBYQA,119,"[0.24286594430040276, 0.21545265150085705, 0.18009275619965842, 0.017900742939828337, 0.0775073852574082, 0.05373558298805271, 0.11763746449200012, 0.13097531862742548, 0.20506882479324118, 0.1942717753499927]"
BOBYQA,120,"[0.2433490844907344, 0.21591472503766213, 0.17977692921294305, 0.01793377884444218, 0.07702402467514123, 0.053384842761996364, 0.11693268188219041, 0.13138272726030492, 0.20444392721843094, 0.1934956490151494]"
BOBYQA,121,"[0.24287459963375424, 0.2154218766895575, 0.18043695623583172, 0.01836982646206451, 0.07687928978867388, 0.05315605541165115, 0.11594107734044563, 0.1311853932996963, 0.20434390732133142, 0.19409621154513013]"
BOBYQA,122,"[0.24187308413596023, 0.21456812501494876, 0.18206675521345395, 0.019054006655501735, 0.07695470179308007, 0.05227667018430518, 0.11408542154403642, 0.13060863949949014, 0.20410426706876883, 0.1949743865625955]"
BOBYQA,123,"[0.24249987848220478, 0.21463104946532155, 0.18103912711204337, 0.019512410875548773, 0.07823137827983014, 0.05385952791846247, 0.11209892486608986, 0.12990751322051114, 0.20404749449215753, 0.1950009143380525]"
BOBYQA,124,"[0.24396041238089727, 0.21442697484545406, 0.17983153996015766, 0.020186416479887035, 0.07988097595024662, 0.05469248336351803, 0.11073438497631743, 0.12936279198359535, 0.20329194991192917, 0.19509101871689336]"
BOBYQA,125,"[0.24481269638898173, 0.21472971280728306, 0.17829838352074076, 0.020710613439027258, 0.08115652967893865, 0.05623352472202237, 0.10922913757243899, 0.12865982815142216, 0.20330532441650237, 0.19527718536088112]"
BOBYQA,126,"[0.24644159021199455, 0.21319747240939746, 0.17880961568009, 0.02114513884357407, 0.08215559395032251, 0.055573943549343446, 0.10841193706389515, 0.12829768264990613, 0.2017065524100217, 0.19525354381606194]"
BOBYQA,127,"[0.2473872586171172, 0.21367990366275577, 0.17933035579174286, 0.02145787710006833, 0.08345802051174103, 0.054057949462937765, 0.1068722214765508, 0.12694221187722893, 0.20097382631247795, 0.19532085068759975]"
BOBYQA,128,"[0.25015656385070373, 0.21387446435420052, 0.17995186773853397, 0.021855956859456127, 0.08604856681381287, 0.051903588608184205, 0.10304438239010591, 0.12491299460412754, 0.19939631355596651, 0.19563314529200204]"
BOBYQA,129,"[0.25098874536434357, 0.2127334601054035, 0.1799030797895826, 0.02241488049059807, 0.08505582074684358, 0.05154484855003942, 0.10262636467443081, 0.12244828421190239, 0.20002742928133327, 0.19522238383640456]"
BOBYQA,130,"[0.25356758068870733, 0.21075431887970303, 0.180531147946594, 0.021863977907867666, 0.08474547390215703, 0.05045886619236453, 0.1003380077876746, 0.11766182676456802, 0.20054694940759643, 0.1952705395208857]"
BOBYQA,131,"[0.2604662319555272, 0.2082501280986074, 0.1802785407836712, 0.026006033328832192, 0.08733413923854116, 0.04825379334318522, 0.09309167940878288, 0.11268818633421329, 0.19874558285462357, 0.19443246095402372]"
BOBYQA,132,"[0.26839436818056367, 0.20804795258153894, 0.17814717701421645, 0.02682598425073521, 0.09715228400539426, 0.04690413443218974, 0.0771512595527225, 0.09743422332747748, 0.19727656335572252, 0.19473711370728675]"
BOBYQA,133,"[0.2635745486545961, 0.2044826912209546, 0.17814340855794025, 0.025954671837786245, 0.09543275990671102, 0.04255739340330175, 0.07318740280785455, 0.09852237851996054, 0.19715104217576707, 0.19326025556076126]"
BOBYQA,134,"[0.2713327116226979, 0.20372750517677662, 0.1715843187451995, 0.028490787095300497, 0.10018822814044348, 0.04199605566836012, 0.07051102949171165, 0.09425233353728482, 0.19944604893987425, 0.19307540663700265]"
BOBYQA,135,"[0.27445426641186166, 0.20192952978802367, 0.17097283933034996, 0.03182832275379371, 0.10058616636753717, 0.04826296064537765, 0.06188630209480789, 0.09043268497606884, 0.19638200892428231, 0.1918289328063956]"
BOBYQA,136,"[0.27378155213515626, 0.20082472290054637, 0.1718381965171121, 0.0308740480191907, 0.10456481681496983, 0.04641239545114714, 0.06105855827940029, 0.08750967064093733, 0.19426660035361987, 0.19398971899304182]"
BOBYQA,137,"[0.27478943849503923, 0.20217540559821565, 0.17302588381198333, 0.0318149538356302, 0.10424352445864589, 0.045529203151057226, 0.05987766953044377, 0.08714709480414314, 0.19550217584110502, 0.1929089540821168]"
BOBYQA,138,"[0.27668930971235806, 0.2020457163993288, 0.1725807894944956, 0.030191704037108462, 0.10404196777289468, 0.04522404049363555, 0.059288924355456234, 0.08575575487073038, 0.19446335616302968, 0.19237484000306387]"
BOBYQA,139,"[0.28025881480147175, 0.19976942150051225, 0.17249926486662967, 0.030295948866245998, 0.10546750838891791, 0.044329287405804406, 0.056227204857387206, 0.0827519272338168, 0.19314838222340863, 0.19212869096706622]"
BOBYQA,140,"[0.28658757609363, 0.19387860884633018, 0.17292131030477156, 0.030087116110071886, 0.10877059940155964, 0.041536208475265624, 0.049841095984094766, 0.07857086223015948, 0.19007363235064154, 0.1905685963315229]"
BOBYQA,141,"[0.29251516573939595, 0.1923638620331409, 0.170866033538638, 0.032474369955584184, 0.11244560174416988, 0.043429697623801604, 0.043158156137879, 0.07127735239710366, 0.18923280406118545, 0.1914802834027454]"
BOBYQA,142,"[0.30377340881588444, 0.18419808374839108, 0.17307266291437606, 0.03153814519397051, 0.11844389576231391, 0.03754751017956328, 0.02812567486020799, 0.05927889172284388, 0.18533622459277427, 0.1907840405552529]"
BOBYQA,143,"[0.30949557392524707, 0.1887612412852507, 0.16995613012860378, 0.029292488768088692, 0.12347059557401455, 0.035313828607579, 0.02367030375127846, 0.0542701609569144, 0.1896521861894891, 0.19208649435364727]"
BOBYQA,144,"[0.3104245634429182, 0.18822532215147633, 0.16939439136655135, 0.028027963219169456, 0.12318579634368648, 0.03634827451438872, 0.023928670244667938, 0.05418866806837641, 0.18823597110630907, 0.19010030568584055]"
BOBYQA,145,"[0.3108098019017106, 0.18803156471384844, 0.16902134867692806, 0.028321648091146474, 0.12302166805595165, 0.036130433429433145, 0.02380796450628104, 0.05436826574385952, 0.18832118176218737, 0.19041678450598265]"
BOBYQA,146,"[0.3117048241289977, 0.18765330463543115, 0.1686870290000616, 0.029182217511702833, 0.12297595832968909, 0.03622924811739302, 0.02319555035405619, 0.05461770705036237, 0.18883565634257085, 0.19063970888121665]"
BOBYQA,147,"[0.3116713396747565, 0.18730050056400582, 0.16849642749522112, 0.02925475287005941, 0.12285410685150427, 0.03586750186957419, 0.02324087319201663, 0.054328669229706784, 0.1884177386268363, 0.1908982768559714]"
BOBYQA,148,"[0.31185324872939707, 0.18654287234763997, 0.1684886962897277, 0.029299049052159513, 0.12307821447955097, 0.03554434761973618, 0.023295903703499404, 0.053495220707146345, 0.1873740057103441, 0.1909941442761954]"
BOBYQA,149,"[0.312736632429946, 0.18581221826417085, 0.1682904819766277, 0.02925515309065615, 0.12429466412931876, 0.035893554897498556, 0.023009198180522113, 0.05217673442449742, 0.18504679009816896, 0.19077890495518943]"
BOBYQA,150,"[0.31458984672500434, 0.18511648643750261, 0.16739223131726574, 0.029097067751488428, 0.12724904236429452, 0.03744748379189266, 0.02255881734344887, 0.050240565882622865, 0.18051567396070903, 0.19001466805198494]"
BOBYQA,151,"[0.3163807245412495, 0.18706153074614645, 0.16240716933147284, 0.02872812933337426, 0.12609918726579472, 0.03682922476835484, 0.023438635537972572, 0.04802423746737113, 0.18175876847690078, 0.189798533643458]"
BOBYQA,152,"[0.31731101017228563, 0.1887359949958713, 0.16142181984470438, 0.030418418439710413, 0.12979801126795024, 0.0408072084547507, 0.022339740475296875, 0.046678708388487374, 0.18088715922914564, 0.19022205754737234]"
BOBYQA,153,"[0.3163145583517125, 0.18808976650436934, 0.16185126983709372, 0.028890267687136328, 0.13175158426322361, 0.04034436941080683, 0.02448829005199932, 0.046013599518192796, 0.1757311456698195, 0.18905757390979583]"
BOBYQA,154,"[0.3151399979248256, 0.1888207796686599, 0.1637258128261263, 0.02437761245393466, 0.13606346940457437, 0.03785942767710884, 0.028675246593901218, 0.045550227742707165, 0.166508173978296, 0.18582148913264]"
BOBYQA,155,"[0.30985209410887404, 0.19135830947978588, 0.1636334001115063, 0.02336728444574658, 0.1382819421022075, 0.039831936092105086, 0.035286099284312075, 0.04553525396344423, 0.1578772084649454, 0.18463821438071717]"
BOBYQA,156,"[0.31029727264948953, 0.19406214480415057, 0.16518808497674334, 0.0167746807418118, 0.14369972097369418, 0.03464872276238919, 0.03710803346357973, 0.044153490180620675, 0.15175087546060956, 0.18125104413528112]"
BOBYQA,157,"[0.3117495498255556, 0.19133604486959935, 0.16500453444481605, 0.018921151737910966, 0.14366868463098964, 0.03669638000994691, 0.038018207458736825, 0.043739677661343866, 0.14717421373952794, 0.18045173934609057]"
BOBYQA,158,"[0.31248734261111116, 0.192035320569735, 0.16287678923871346, 0.01858244248268307, 0.146961626910441, 0.038473091676900176, 0.03732585467678308, 0.041007973990705965, 0.14354005098698397, 0.1800832529216564]"
BOBYQA,159,"[0.3166444680728124, 0.19261606936241102, 0.15943294353294174, 0.016548189807802857, 0.15403079381004345, 0.03977268098771172, 0.03482167690726387, 0.03673026233383759, 0.13639257358763146, 0.1783789724227559]"
BOBYQA,160,"[0.31647253900628414, 0.19092361428296842, 0.1573566202474335, 0.017549233500231513, 0.15426995175548688, 0.03914197405611841, 0.034263711204939505, 0.03624177898743538, 0.13549273125974448, 0.17791187108055234]"
BOBYQA,161,"[0.31657981940724017, 0.19107328337259177, 0.15706707469158082, 0.017216971018510503, 0.1549851186672714, 0.03921521249372452, 0.03464596287828495, 0.036037576908942, 0.13427277589046752, 0.17753914922797315]"
BOBYQA,162,"[0.31556576797876523, 0.19145978350257173, 0.15711147658540947, 0.016357825261549015, 0.15550025080640525, 0.0387933024277495, 0.03423800570753706, 0.03588294964288985, 0.13436270133583844, 0.17751865690705182]"
BOBYQA,163,"[0.3157167386709238, 0.19132778795822764, 0.1569719151520489, 0.016333981135171264, 0.15580957346722138, 0.03888636248326786, 0.034048505762147685, 0.03559732665475859, 0.13376842355951374, 0.1774497975443944]"
BOBYQA,164,"[0.3156141023561502, 0.19105034139001673, 0.1574247346991633, 0.016281824732600033, 0.15562189797945228, 0.038973919841118504, 0.034164932842586204, 0.035217385898286435, 0.1334169983895789, 0.1775927138937902]"
BOBYQA,165,"[0.3158791139021623, 0.1911830445061262, 0.15706243017536858, 0.016253733188016154, 0.1558149913561372, 0.03919075011013691, 0.034181733158196954, 0.03472689478227371, 0.1333483655764954, 0.17789309763903938]"
BOBYQA,166,"[0.31637972499604805, 0.1915409372776307, 0.1564048493361049, 0.016524085108543664, 0.15630177470080733, 0.03966383135045303, 0.033966870528992645, 0.03367198943232149, 0.13315107215389982, 0.1780239362790143]"
BOBYQA,167,"[0.3173110292332793, 0.1914549213079838, 0.15599358756498705, 0.01560750302479648, 0.15664508157035226, 0.039117203408781706, 0.03378836300028288, 0.033469307435773, 0.13277211527689978, 0.17823081728974827]"
BOBYQA,168,"[0.31744433443503817, 0.1911472491892595, 0.15572775339657383, 0.015008493233155451, 0.15766213659117026, 0.03909459094015772, 0.03373177313627615, 0.03330759195031934, 0.13180959623298016, 0.17806535552677621]"
BOBYQA,169,"[0.3177071122647857, 0.19205817854578297, 0.15545799052037673, 0.014913618275234188, 0.15800640548134506, 0.03896788013352313, 0.033576101931296856, 0.03295679842795692, 0.1308232266651582, 0.17749562663368265]"
BOBYQA,170,"[0.3180263660175828, 0.19372687398175445, 0.1547497670436092, 0.01468166925994586, 0.15923840920560214, 0.03905864699791746, 0.03322121271513923, 0.03199883989660912, 0.12896049986314376, 0.17662459396963978]"
BOBYQA,171,"[0.31873429658987995, 0.19280269554766893, 0.1537163369616974, 0.014069398324310442, 0.1599287569282407, 0.03929466137491653, 0.03303109542164236, 0.03161798655804461, 0.12643187051065044, 0.1760462929437212]"
BOBYQA,172,"[0.3192137675770306, 0.19220243614740476, 0.15281284352725744, 0.012282220600190057, 0.1630000266243641, 0.039152508322196744, 0.032614989336069045, 0.031500933038827374, 0.12148355282936209, 0.17455167161752524]"
BOBYQA,173,"[0.3197350510381282, 0.19452422951817655, 0.15070042076335666, 0.013806381920693922, 0.16379831541374248, 0.04151590136793908, 0.033685058253929, 0.0274564957351615, 0.11933203488373327, 0.17415455741514485]"
BOBYQA,174,"[0.322711914113393, 0.19545829143436447, 0.1473921834380923, 0.014570427351446338, 0.1645681058978743, 0.042568002861645894, 0.029820229802933473, 0.025745316639088668, 0.11935785762643733, 0.17379066136363516]"
BOBYQA,175,"[0.3256772868243351, 0.19584437004560473, 0.14622973215147184, 0.014940765538727516, 0.16616824854574938, 0.04125009003021979, 0.027927785069197755, 0.02101663586159207, 0.1189590089428177, 0.17342890915355685]"
BOBYQA,176,"[0.3258119959560893, 0.19540693569564996, 0.14583912705851007, 0.01555731144088863, 0.1662508722680288, 0.04149056285268705, 0.02807094832976116, 0.021007859697660627, 0.1184748399123386, 0.17465290147504017]"
BOBYQA,177,"[0.32600790198845436, 0.19529941485221444, 0.1459326366614641, 0.015130373594023082, 0.16577485095414957, 0.041702554229719774, 0.02797098642096354, 0.020829683869627708, 0.11818946300746529, 0.17471866241964107]"
BOBYQA,178,"[0.32612004926124993, 0.1952950398081952, 0.14581794355319974, 0.015115707586077007, 0.16592430795469912, 0.04174620487218843, 0.02787962337119471, 0.0206514758686291, 0.11792808386261971, 0.17468168786247598]"
BOBYQA,179,"[0.32609343760275983, 0.19530466079042094, 0.1455115528648356, 0.015120396000947282, 0.1657864957590047, 0.04154772661915448, 0.02794142895624314, 0.020606172164803316, 0.11792369559371461, 0.1747136970821816]"
BOBYQA,180,"[0.32609604616413523, 0.19528358806651483, 0.14552409637739463, 0.01513354579097524, 0.16580946873862062, 0.04151504703457276, 0.02792631439369322, 0.020543937088780065, 0.11798066865453012, 0.1746970964303456]"
BOBYQA,181,"[0.32604388605908236, 0.19527808112626271, 0.1454961169022023, 0.015142599266550207, 0.1658124033977834, 0.04153298393999678, 0.02788918553288127, 0.020489748962901056, 0.11800802886210388, 0.17466562661071844]"
BOBYQA,182,"[0.32604964185272245, 0.19526023688883334, 0.14547505695324567, 0.015177877753969643, 0.1658071865228906, 0.04152813976029531, 0.0278645650985557, 0.020433133400208792, 0.11804067442173309, 0.17461055884559215]"
BOBYQA,183,"[0.3261103683831219, 0.1952149293958173, 0.14542467626387162, 0.015268237662296742, 0.16576407934464238, 0.04153799349086556, 0.027841786838208527, 0.02034753399895923, 0.11808118200680708, 0.17450049478798194]"
BOBYQA,184,"[0.32623843120329593, 0.19519248814369852, 0.14532057359116995, 0.015440834482920052, 0.16567397665821318, 0.04152993451494516, 0.027729797933988387, 0.020099944886527974, 0.11819480001503968, 0.17441369099147971]"
BOBYQA,185,"[0.3262937921837885, 0.19520689388089463, 0.1452389187739662, 0.015444880288805266, 0.16575302319410667, 0.04153245768449725, 0.027687756238296293, 0.020002626381333034, 0.11808375206354124, 0.17439889252961688]"
BOBYQA,186,"[0.3263250236560006, 0.19523296279959826, 0.14526626340802873, 0.015522573661168394, 0.16573015898083562, 0.04143530417985205, 0.027607723029293832, 0.019925402233370658, 0.11801228304732846, 0.1743346839792797]"
BOBYQA,187,"[0.32642591601645676, 0.195262842895762, 0.145298844305096, 0.015641852839943356, 0.16571405325631294, 0.04124770842776689, 0.027448139600117372, 0.01972145381844253, 0.11786020353803725, 0.17424525630133034]"
BOBYQA,188,"[0.3266857617781996, 0.19528811286217607, 0.14529652917767796, 0.015746012602892594, 0.1658090287095175, 0.040922630666670685, 0.02713579776045467, 0.019221135050303033, 0.11756255031791447, 0.1741461736520297]"
BOBYQA,189,"[0.3272559566805927, 0.1953108333778721, 0.14511181976455972, 0.015722553284913808, 0.16632346255037, 0.04050627858561167, 0.026593100958689178, 0.0181009759252461, 0.11714428288235056, 0.17395258005504766]"
BOBYQA,190,"[0.32791340167223537, 0.19531386663343, 0.14519683411026083, 0.016386681944923345, 0.16558863378811392, 0.03993778657694398, 0.026101327297580645, 0.01740787797955092, 0.11692466660826133, 0.1741667031238983]"
BOBYQA,191,"[0.32931939639713464, 0.1951734032577376, 0.1454595697030408, 0.0171580584918167, 0.16502857940412932, 0.038501109180922366, 0.025073484665386104, 0.015392001946936656, 0.11669164443289524, 0.17433156143256504]"
BOBYQA,192,"[0.33246210105268625, 0.19415391353974581, 0.14619800009300157, 0.017633596096360123, 0.16500220973051996, 0.035417404525492045, 0.02322567892482694, 0.011371339532595642, 0.11627468951019448, 0.17423807755898466]"
BOBYQA,193,"[0.3341285445442925, 0.1920331980618119, 0.1467441732120407, 0.018244832952890082, 0.16347048234647674, 0.03259832114481026, 0.019364076489659526, 0.014039820744292948, 0.11556882044974444, 0.1738031292644071]"
BOBYQA,194,"[0.33400793065095824, 0.1916632467412903, 0.14647633588064307, 0.018572041420844072, 0.16326501191566287, 0.032686409009394714, 0.01931329481782814, 0.013912826485580562, 0.11514551203926839, 0.17405195087006567]"
BOBYQA,195,"[0.33413612224297906, 0.19157598606635073, 0.14648588012169844, 0.018641327551512675, 0.16320336534508273, 0.03249429875394806, 0.01909047371052265, 0.013733475578645049, 0.11505742442871165, 0.17407985712704888]"
BOBYQA,196,"[0.33413602132244374, 0.19150788273121933, 0.1465551452422688, 0.018726019892855748, 0.16313892705021626, 0.03243421234476407, 0.019116275733808613, 0.013821917393329924, 0.11509614513996418, 0.17400474512358075]"
BOBYQA,197,"[0.3341823097679087, 0.19149009942868606, 0.14656130898437986, 0.0187379666814159, 0.16312277049186547, 0.03237991876030783, 0.019067527905510032, 0.013783213782815669, 0.11508004134201846, 0.17400051000092073]"
BOBYQA,198,"[0.33414823457226894, 0.19143550169281304, 0.14653163025496146, 0.01878737133811462, 0.16312964931821064, 0.032414861015662745, 0.01904601803096449, 0.013770118908241657, 0.11505871496612355, 0.17398712803607305]"
BOBYQA,199,"[0.33416231262055973, 0.1913978000521035, 0.14653024979517992, 0.018812664518846615, 0.16307300464658397, 0.03242990129867747, 0.01908350418968759, 0.01375180269486208, 0.11506057947301607, 0.1740377219397789]"
BOBYQA,200,"[0.33410477584527326, 0.19138550901865056, 0.14649734636347497, 0.01884785709701554, 0.16309029852398443, 0.03241455187905877, 0.019026361626354786, 0.01375410698574568, 0.11507780049025912, 0.1740484675433627]"
BOBYQA,201,"[0.33412187106844177, 0.1913407891732677, 0.1464644565440291, 0.018898217569383133, 0.16310381917109562, 0.032407635745688654, 0.0190587763040798, 0.013786977871303879, 0.11510244841562739, 0.17408194296569054]"
BOBYQA,202,"[0.33414543862769547, 0.1913008447987064, 0.14646824003700615, 0.018916174299060142, 0.16307686336904403, 0.03236489915966498, 0.018999609236662923, 0.013821278225655695, 0.11508580342192734, 0.1740797259649952]"
BOBYQA,203,"[0.33415045858699427, 0.1913131992667808, 0.14645799515639848, 0.018975337053961722, 0.16306955457825537, 0.03242173519062645, 0.018954428603963853, 0.013801065051504417, 0.11508640317540145, 0.17405774862534287]"
BOBYQA,204,"[0.3340955703268993, 0.191299164068118, 0.14642476341310046, 0.019013284243970637, 0.1630858549964606, 0.03240695149301188, 0.018896614746217476, 0.01380463647295922, 0.11510345846425875, 0.17406850095925172]"
BOBYQA,205,"[0.3340939787108281, 0.1913034098878339, 0.14643398363103433, 0.019086892330935648, 0.16313705551405946, 0.032391056470524794, 0.018886040553014377, 0.013780325532577244, 0.11507603874351181, 0.17408064409210852]"
BOBYQA,206,"[0.3340980626326115, 0.19131445642012765, 0.1463885153736391, 0.019218585143594737, 0.16324551431652556, 0.03235579750628468, 0.018877040926180855, 0.013704974281802522, 0.11503763832707922, 0.17409517109180592]"
BOBYQA,207,"[0.33412805810101265, 0.19139496771674525, 0.14630859250765016, 0.01942188776453411, 0.1634381577973371, 0.03229196302812508, 0.01893255869192643, 0.013496576061010427, 0.11494977398713548, 0.17419253663255882]"
BOBYQA,208,"[0.3341740959341791, 0.19145100934301595, 0.1461425125897796, 0.019607717268564404, 0.16342931797265725, 0.03233430103354954, 0.018829133315428362, 0.013424042474503205, 0.11476480099335472, 0.17424157417147076]"
BOBYQA,209,"[0.3341964191910698, 0.1915860718311761, 0.14579685619297844, 0.019648860520481485, 0.16346959774807163, 0.032389215923609785, 0.018711717813203594, 0.01343582615631677, 0.1147407014392847, 0.17427230746582725]"
BOBYQA,210,"[0.3342150995162452, 0.19158237395242925, 0.1457393628028727, 0.019762002925719866, 0.16346785781547507, 0.03236293926232279, 0.01868529626929511, 0.013299306734507379, 0.1147025777949809, 0.17431756367327578]"
BOBYQA,211,"[0.3342889863830884, 0.19150247757496414, 0.14562581941993202, 0.019754187002888918, 0.16344119256217188, 0.0323272727197078, 0.01862929716220335, 0.013210871743415906, 0.1146581321125873, 0.1743345609375568]"
BOBYQA,212,"[0.33430526204008526, 0.1914683684859946, 0.14553321074136244, 0.01982111391004632, 0.1633866655377494, 0.032323187016810744, 0.01859157967485147, 0.013094804731014877, 0.11473891359494494, 0.17436782348885188]"
BOBYQA,213,"[0.3343042629765474, 0.19140156945004214, 0.14537436993712194, 0.019910669237630192, 0.16333760106865577, 0.032274977414315925, 0.018475904681494324, 0.012803940752884834, 0.11485259225965858, 0.17444936763827057]"
BOBYQA,214,"[0.33441795300392096, 0.19132745276531338, 0.1451849465834744, 0.020115616202285393, 0.16316029465368403, 0.03223740829160132, 0.018600250657857594, 0.01269957176170524, 0.11491843769163841, 0.17443682185609946]"
BOBYQA,215,"[0.33452212421066224, 0.19120339733111036, 0.14500318567235115, 0.02033515081804742, 0.16300337604044257, 0.032303513718178765, 0.018634355143503208, 0.012581409174946923, 0.11498922781175748, 0.1744950970655712]"
BOBYQA,216,"[0.33453842889682267, 0.1912714003918669, 0.14491687725735508, 0.020442488568519244, 0.16285270880497274, 0.03198228469300597, 0.01857482130030458, 0.012564741932441673, 0.11500977543909488, 0.17441759724069428]"
BOBYQA,217,"[0.334454435089336, 0.1912614477428436, 0.1447323737574201, 0.02054913658665223, 0.16279333926170889, 0.03170754540635057, 0.018636545168531735, 0.01245465629824515, 0.11495134802662124, 0.1743222988659529]"
BOBYQA,218,"[0.3345482456811849, 0.1913241416744447, 0.14460042540826845, 0.020682640715842353, 0.1626989366506315, 0.031400690405078334, 0.01860193294458256, 0.012391458225604895, 0.11493669424747917, 0.1742626604221151]"
BOBYQA,219,"[0.33437729569259034, 0.19126840957687052, 0.14443960379885198, 0.020881321047040047, 0.16252802989968315, 0.031229889474359708, 0.018550450158598464, 0.012376389365975021, 0.11492193998041436, 0.17423341561051595]"
BOBYQA,220,"[0.3344458577664011, 0.1911708516258527, 0.1442570821968628, 0.020948847978650514, 0.16243550556584027, 0.031121003245965586, 0.018600943799734922, 0.012086505056118472, 0.1149163727107931, 0.1742037982495882]"
BOBYQA,221,"[0.3345072045635379, 0.19116317197905192, 0.1441103505923813, 0.02119211302424834, 0.16254161910425413, 0.030950737637436748, 0.018710040471032065, 0.012162048140640869, 0.11496938975291512, 0.17432545119364462]"
BOBYQA,222,"[0.3348285871982764, 0.1910933365475998, 0.14374072993815157, 0.021689237278969598, 0.16254643302502955, 0.03058193976154898, 0.01876124640399738, 0.012245333245995957, 0.11491951048991554, 0.17432712977108356]"
BOBYQA,223,"[0.33569152184116297, 0.19059186719344132, 0.14304307267160152, 0.022344188933138612, 0.16249151781738447, 0.02991321116960584, 0.018770140588873475, 0.012548118536451736, 0.11465417934325696, 0.1741378873542308]"
BOBYQA,224,"[0.33597455552776323, 0.19104933965079035, 0.14250352929145352, 0.02358566862628796, 0.16238336382901286, 0.029772732142896732, 0.019125401135871342, 0.012274082913145995, 0.1146048957185944, 0.1736872590167361]"
BOBYQA,225,"[0.33717423358709675, 0.19118968627487753, 0.1406432247289777, 0.02526241005973607, 0.1623223518750806, 0.02863341288315012, 0.01854141964818919, 0.011384739043647597, 0.11466068106699462, 0.1739556444556724]"
BOBYQA,226,"[0.33709472529911844, 0.19118166961799488, 0.13818975332380137, 0.026996005647308027, 0.1621211677456565, 0.028862371339798364, 0.017985074038225392, 0.010654276780964603, 0.11512355858185205, 0.17371379658903954]"
BOBYQA,227,"[0.33849767288557797, 0.19138773127090222, 0.13753938065263518, 0.02855526224186561, 0.16141930229894141, 0.026684216290820455, 0.017887940589550344, 0.010348139760797, 0.11498031455966153, 0.17383364136879625]"
BOBYQA,228,"[0.34008382496922474, 0.19129929318276043, 0.13589252291336243, 0.029467388126372365, 0.16206700833936075, 0.026175177057238506, 0.01817658392507835, 0.009468377313466624, 0.11335691847489315, 0.17380482494155455]"
BOBYQA,229,"[0.3412618314916365, 0.19042181063379146, 0.13479042357617152, 0.03145408463567265, 0.16212033628763978, 0.025208475939515477, 0.017572901841628703, 0.008750257256736893, 0.11440400794540005, 0.1738876457495131]"
BOBYQA,230,"[0.34199143664535814, 0.19153096214064, 0.13300511534774545, 0.03307993626869857, 0.16170346947765207, 0.024535454369761407, 0.017416677381793897, 0.007419930205725459, 0.11400213400311697, 0.17363402108429607]"
BOBYQA,231,"[0.34370890263965254, 0.19134603173968656, 0.1319031999621982, 0.034330151956221175, 0.1618376983639368, 0.023310718964635727, 0.01728754779379901, 0.009109174104438397, 0.11373846082866428, 0.17377933926543676]"
BOBYQA,232,"[0.34403755197197183, 0.1902720729758645, 0.13005717560978372, 0.0357592153675276, 0.16138649444780306, 0.021745741003306174, 0.017244846119980745, 0.008189965387617128, 0.11379942789464029, 0.17393854973051787]"
BOBYQA,233,"[0.3454048087002056, 0.1895614557905081, 0.12632117502539578, 0.039696192753362, 0.16077416737181266, 0.019203185666703225, 0.016225875636579252, 0.007086821427611933, 0.1137488992280837, 0.17411412955707617]"
BOBYQA,234,"[0.34531940200024097, 0.1896728028207532, 0.12633602170475888, 0.039890618487284694, 0.16054008055276972, 0.01893539366334879, 0.016459687824253413, 0.007666617783967822, 0.11358742486347921, 0.17391697321232902]"
BOBYQA,235,"[0.3450062063297286, 0.1894243849085819, 0.1264375253736131, 0.03983058492059011, 0.16050193236673949, 0.018431057119241687, 0.016463455835460394, 0.007658841805514105, 0.11402778714803587, 0.1740453700570536]"
BOBYQA,236,"[0.34506726997005444, 0.1894098231079083, 0.12632050104999082, 0.0399462735457694, 0.16049199345951365, 0.018343638163474712, 0.016446079300280445, 0.007628698935577795, 0.11402420056514444, 0.174041322883689]"
BOBYQA,237,"[0.34502251747707197, 0.18938808306084143, 0.12629955886890973, 0.039966376661751735, 0.16050597646172274, 0.018366491055655475, 0.016508737040082547, 0.007652099171435328, 0.1139932448534034, 0.17406439399090676]"
BOBYQA,238,"[0.34505492950895067, 0.18941457586966917, 0.1262624571128483, 0.03991507396933964, 0.16054968576147546, 0.018352508926267816, 0.016513575336081457, 0.00765344198290173, 0.11397303292548465, 0.17410561713501602]"
BOBYQA,239,"[0.3450396181731641, 0.18945751170198388, 0.1262199026177657, 0.039912372424876635, 0.16050857915746305, 0.018317564143108193, 0.016509627965274044, 0.007688591816028461, 0.11394648153546542, 0.1740704470578898]"
BOBYQA,240,"[0.3450407355068706, 0.18945105778734211, 0.12623599738095645, 0.03992143309998105, 0.16054637335056773, 0.018270507770926155, 0.016530321807211965, 0.007750962893427136, 0.113986231123083, 0.17407909818582276]"
BOBYQA,241,"[0.3450922637534973, 0.18944702796716986, 0.126180271086151, 0.039973012150147175, 0.16054279341821107, 0.01824290071267186, 0.016531452935966216, 0.007727806179947704, 0.11397087713974563, 0.17407528258845195]"
BOBYQA,242,"[0.34510597683284594, 0.18945950489327978, 0.12619441724736116, 0.03998546693897816, 0.1604842979888134, 0.01823922818646084, 0.016544726009526566, 0.007744128997107407, 0.11398364584566459, 0.1741478097607808]"
BOBYQA,243,"[0.3450840917273734, 0.18949340655896438, 0.12618915357760327, 0.040005609872461295, 0.16047142595913624, 0.018192494092457188, 0.016580988594956162, 0.007682810892236113, 0.11400247192250906, 0.17413519214266604]"
BOBYQA,244,"[0.3450678644351383, 0.18944961228270546, 0.12620895738445123, 0.04004542664069398, 0.16049623134616828, 0.018145768214238467, 0.016580750633754002, 0.00764135407864886, 0.11398090309228198, 0.17416449431287032]"
BOBYQA,245,"[0.3450684779959713, 0.18947872439281235, 0.12620510516740382, 0.04006969591540818, 0.1605403434527585, 0.018123608426326678, 0.01660514100291026, 0.007634184776727223, 0.11404909245995538, 0.17419304704141683]"
BOBYQA,246,"[0.34507519855916763, 0.1894675773188668, 0.12616634951493036, 0.04008073776816501, 0.16047683105837285, 0.018103110091455422, 0.01664359616258148, 0.007652936938519076, 0.11405086066056203, 0.17423685432709105]"
BOBYQA,247,"[0.34509544343408805, 0.189455717153309, 0.12608553769928568, 0.04011587973042847, 0.16034567269759534, 0.018026909589632066, 0.01670568764305275, 0.0076941117021349995, 0.11403333265200483, 0.1742899297280127]"
BOBYQA,248,"[0.34515152209722594, 0.18943941430266376, 0.1259552567025619, 0.04025171484542783, 0.1601042655369967, 0.017798091576103407, 0.016779043415170405, 0.0077498341087311445, 0.1139889646153297, 0.1742812461259077]"
BOBYQA,249,"[0.3452606420639431, 0.1893915966164699, 0.12576822911301136, 0.04062305536445664, 0.1597205270398737, 0.017273533064879287, 0.016814105501471454, 0.007830833508279157, 0.1139655152281713, 0.17413232933984205]"
BOBYQA,250,"[0.3456371085259843, 0.18987717208704022, 0.1252714710108329, 0.04092961012260932, 0.15928423833971747, 0.016490313650900992, 0.017512810554256852, 0.007302667485403186, 0.11351234398102213, 0.17387649291662421]"
BOBYQA,251,"[0.34561898877079333, 0.18938747257537597, 0.12496837823509453, 0.04179352869008837, 0.15882184621976417, 0.015764800025790678, 0.016910073217391446, 0.00779235454143687, 0.11388313810302424, 0.17390641041956667]"
BOBYQA,252,"[0.3456024720419226, 0.1894658412674114, 0.12495540299542798, 0.04204934771246758, 0.15873401401621987, 0.015310888270227564, 0.016915856890832845, 0.007833630444610858, 0.11372661309183371, 0.17401752281079108]"
BOBYQA,253,"[0.3465200736233285, 0.1897262909320723, 0.12482192529260959, 0.04258102074254863, 0.15906991692903238, 0.014873437544831876, 0.017112456051303685, 0.008814229400057006, 0.1137037081924293, 0.17422903338308585]"
BOBYQA,254,"[0.3465256108165606, 0.18968685202973842, 0.1245887630433637, 0.04293429777127516, 0.158963412175746, 0.01457534505091522, 0.017396950542613962, 0.009021844805784465, 0.11356409975022984, 0.17432754710500786]"
BOBYQA,255,"[0.3464268578494698, 0.19011330614445773, 0.1246671810148623, 0.04325712222223478, 0.15862448494454806, 0.014443440175198208, 0.01743075776194056, 0.009399482905999911, 0.11346248459832849, 0.17410023659283538]"
BOBYQA,256,"[0.3466802509196661, 0.1901561466636207, 0.1248536697746539, 0.043145908743557414, 0.15815163991131967, 0.014052637434415191, 0.017690003481683765, 0.009687826328852756, 0.11346936520128345, 0.17411040140809278]"
BOBYQA,257,"[0.3467593838254545, 0.19045589154212617, 0.12478590861197784, 0.04347751410351365, 0.15814602452856286, 0.013537702549778426, 0.017924706583992513, 0.009865447445494646, 0.11373274729096834, 0.1740201633856428]"
BOBYQA,258,"[0.3470689653126417, 0.19056438847020005, 0.1245956411612695, 0.043850800357394006, 0.15787439318670812, 0.013188483424229295, 0.017930686396709822, 0.010195101759677264, 0.11350970333306944, 0.17396869034849938]"
BOBYQA,259,"[0.3478669913231659, 0.19100528157537094, 0.124174520322507, 0.04461989491812792, 0.1575369488335096, 0.012607593066479326, 0.017985202369913713, 0.010850680951171974, 0.11324130502314314, 0.17390686371596883]"
BOBYQA,260,"[0.3493269122792046, 0.19164351347183317, 0.12362136784035702, 0.04592198427505562, 0.1570399702137894, 0.011018865297416741, 0.018389294973174826, 0.01245190634702684, 0.11298202328939946, 0.17354026830399455]"
BOBYQA,261,"[0.349141381779407, 0.19249004480750306, 0.12229263443809373, 0.04743608865490425, 0.15624157277359044, 0.010250225538797463, 0.017725960372673853, 0.010615109779095407, 0.1124379716863053, 0.17384497551090713]"
BOBYQA,262,"[0.3490690856336923, 0.19335016104979205, 0.12070592049994697, 0.04955255869626747, 0.1553576952189972, 0.009164464682141564, 0.017442086422614137, 0.010121532630029233, 0.11210582861789516, 0.17416626782440472]"
BOBYQA,263,"[0.3510727754946467, 0.1955910262049114, 0.11848179274335063, 0.05324495319132439, 0.15387532290556064, 0.006090285106054662, 0.017643972497973653, 0.00953468810593776, 0.11096893363594938, 0.17403380466588672]"
BOBYQA,264,"[0.35229705175700277, 0.19779142660104826, 0.11770181966316237, 0.053483514302306454, 0.15418021775486349, 0.006496434941703379, 0.01902090041653192, 0.009480715042192096, 0.11191933710866785, 0.17445104250815588]"
BOBYQA,265,"[0.35187289619704765, 0.19787074211809838, 0.11762121110929015, 0.053375545356265736, 0.15321614275765305, 0.006118169459846898, 0.018897780744349654, 0.009332578346951313, 0.11291592254981517, 0.17394821527462992]"
BOBYQA,266,"[0.3518222427392946, 0.19746182614337315, 0.11769362495315304, 0.05361329561269021, 0.1532577036231068, 0.006013429937238255, 0.019479691673937195, 0.009239784700734435, 0.11309364771970563, 0.17407836174489116]"
BOBYQA,267,"[0.3515435795521615, 0.19751482324020606, 0.11753355564471364, 0.0536942257573751, 0.153260125523994, 0.006130263247270899, 0.019459706690603824, 0.009137509205946269, 0.11307888692504223, 0.17422880382228956]"
BOBYQA,268,"[0.35159711419027, 0.19758177183081216, 0.1174618030292115, 0.0538080878326163, 0.1531996921174846, 0.0060297495406897005, 0.0194840060754017, 0.009149207275563773, 0.11307148496630533, 0.17423007778002966]"
BOBYQA,269,"[0.3515859990601039, 0.1975411848398205, 0.1173961800936974, 0.05386279484394496, 0.1530714994480149, 0.0060344919947288, 0.019433384389204198, 0.009254453296395916, 0.11309253581570149, 0.17424986802102807]"
BOBYQA,270,"[0.35158624787055137, 0.1975925382693674, 0.11729086919778431, 0.05392843273305158, 0.1529406476522858, 0.005986935967693661, 0.01941345394107894, 0.009298550679714784, 0.11310794875713572, 0.17425082572042974]"
BOBYQA,271,"[0.3516396124025094, 0.1977175228221933, 0.11708874841398574, 0.05394916983943064, 0.1526557349719325, 0.005875116244535073, 0.019410435190327577, 0.009217655887679166, 0.11310974316705576, 0.1742472113872165]"
BOBYQA,272,"[0.35163838454567814, 0.19816895697488635, 0.11681064399711343, 0.054196894956577084, 0.15238104535934288, 0.005703898785868543, 0.019542533238873658, 0.00943972183814732, 0.11345879054921434, 0.1741829553322086]"
BOBYQA,273,"[0.35188038350959805, 0.1983608663147907, 0.11649337956683913, 0.054646718322479, 0.1520846967581104, 0.005390976925110343, 0.019553635702059226, 0.00949422356275833, 0.11324180558510517, 0.1742583924966165]"
BOBYQA,274,"[0.3521604931456367, 0.1987872534524947, 0.11567076691142167, 0.05563520281645254, 0.15163990808208938, 0.004772504880948433, 0.01951609964341859, 0.009450888500062852, 0.11299739079442835, 0.17430908091674172]"
BOBYQA,275,"[0.3519781756356347, 0.1987833331670243, 0.11541963937436533, 0.05615724712003982, 0.1513525327967464, 0.004621519617636773, 0.0194841112209019, 0.009822081872897353, 0.11297528630612404, 0.17414637821192466]"
BOBYQA,276,"[0.35194897529882224, 0.19906956641921159, 0.11520122765669083, 0.05663045792727025, 0.15095574476665652, 0.00429901142893506, 0.019611180784406216, 0.00985018380458478, 0.11292191260760179, 0.1740804365532773]"
BOBYQA,277,"[0.3519575176737184, 0.1997513714961566, 0.11459468411765168, 0.057533759125195934, 0.15030695592996268, 0.0036859101355859987, 0.0199093757728612, 0.009849063944459663, 0.1128954175712127, 0.17392302910982396]"
BOBYQA,278,"[0.3524279286529745, 0.20122356051010223, 0.11313476744923587, 0.05938691354343065, 0.1491814815426638, 0.0027900184032132484, 0.020305086547906765, 0.009791945821300939, 0.11266912491001373, 0.17384911982299542]"
BOBYQA,279,"[0.35315210436186295, 0.20472607133744133, 0.11019065444552716, 0.06273206791458531, 0.1469725368428985, 0.001771174482996394, 0.021559437177425825, 0.009066417481912243, 0.11290377903010684, 0.173361473176258]"
BOBYQA,280,"[0.35395971404717713, 0.20659807687805137, 0.10829044654337977, 0.06611682086568, 0.14394200546459232, 0.0, 0.021405644279073294, 0.010149195159820351, 0.11003974108780173, 0.17348822753060353]"
BOBYQA,281,"[0.35395958057077487, 0.20932598884381426, 0.10500044055112921, 0.07021350302402274, 0.14258749171291507, 0.0, 0.021966427719704446, 0.011830498722335192, 0.11100472245514549, 0.17342192614080895]"
BOBYQA,282,"[0.3547745401739612, 0.21379754701270834, 0.10117761814127627, 0.07476744226491663, 0.14004727519533577, 0.0, 0.02293677565572417, 0.011618360745107598, 0.11070193554153901, 0.17292742472537262]"
BOBYQA,283,"[0.35745770976178093, 0.2154533797078355, 0.09680358117285529, 0.07957921496271728, 0.1381720906383304, 0.0, 0.0254026315309308, 0.010767318645037114, 0.10963706492384044, 0.1726029354300788]"
BOBYQA,284,"[0.35677964809800994, 0.2195980576288065, 0.09370971364700803, 0.08364346163646323, 0.13426431664262925, 0.0, 0.02515464007455431, 0.01263863514120676, 0.11056731566957363, 0.17200361470176762]"
BOBYQA,285,"[0.3594150057287891, 0.2214723024897162, 0.09386037048891038, 0.08263533192482579, 0.13497723488478652, 0.0, 0.026556204783232677, 0.01314361375418131, 0.11053335447731717, 0.17242315118726403]"
BOBYQA,286,"[0.35977390711335355, 0.22138670884314154, 0.09419084897265077, 0.08281216179583947, 0.1342750768513083, 0.00036846797891177535, 0.02633827618769512, 0.012231742501290417, 0.11096472111127796, 0.1738430740088675]"
BOBYQA,287,"[0.3598833692052681, 0.2215079302580613, 0.09279499093280494, 0.08226780947030679, 0.1344717540810799, 0.0, 0.025390318552969485, 0.011581498030344703, 0.11123796328259135, 0.1742234774652369]"
BOBYQA,288,"[0.35973768343366375, 0.22161836556070125, 0.0927485506636411, 0.0819377695789158, 0.1340268029439903, 0.00028448919060669234, 0.02576717878655681, 0.011152945885563963, 0.110873464650867, 0.17388478851368233]"
BOBYQA,289,"[0.3598035713958333, 0.22166276660330905, 0.09286969642155933, 0.08205123198248017, 0.13407811957899834, 0.00024117786896464522, 0.02577392072836651, 0.01106561087991156, 0.11090809486537447, 0.17376211925548896]"
BOBYQA,290,"[0.35995593372560314, 0.221738818599586, 0.09308401211695241, 0.08228521770754005, 0.1341477948290062, 0.00010487633968817394, 0.02588809236044695, 0.010869432118611208, 0.11099074544238893, 0.1735679456509688]"
BOBYQA,291,"[0.3593727192796006, 0.2218328062428287, 0.09327290975541339, 0.08243165623394814, 0.13417387993763336, 0.00036239869479149625, 0.025476621580157056, 0.010329697244047774, 0.11090060457419991, 0.173333800097297]"
BOBYQA,292,"[0.3594837671550433, 0.22204821391229887, 0.09294041613749497, 0.0826578549341434, 0.13416019655384437, 0.0004103413538671829, 0.02555373192773269, 0.010391281681655028, 0.11077376167536579, 0.17331370560691894]"
BOBYQA,293,"[0.3594404531749506, 0.22213935809024882, 0.09282280394314878, 0.08292356349049633, 0.13382194842478493, 0.0002593153590186517, 0.025585225315233797, 0.010469930492675568, 0.11085742672140866, 0.17336985060095114]"
BOBYQA,294,"[0.35928668493559746, 0.22225052517905267, 0.09239327275157576, 0.08359630539413121, 0.13333015898446093, 0.0, 0.025581873231643758, 0.010567160204070981, 0.11092601906733648, 0.17338763820278022]"
BOBYQA,295,"[0.35921269749002016, 0.22315355671219575, 0.09151097693518506, 0.08472887390598856, 0.13231015405716864, 0.0, 0.02542435961826373, 0.010424569523530106, 0.11078832890592175, 0.17337944042935158]"
BOBYQA,296,"[0.3590775622179091, 0.2251394415678525, 0.08966742171794594, 0.08685815716011817, 0.13060566746612431, 0.0, 0.024752299769086692, 0.009607189044224394, 0.11062854445154444, 0.1734191836427519]"
BOBYQA,297,"[0.3595131097958113, 0.22713728173682096, 0.08821826935636515, 0.088900807711464, 0.12839974875673474, 0.0, 0.025214918593062286, 0.010220473273986263, 0.1105040884918477, 0.1735657182915914]"
BOBYQA,298,"[0.3596232457360919, 0.22820508504613185, 0.08558675630093915, 0.09130223059961234, 0.12739649346384604, 0.0, 0.025252808242247765, 0.009186221588852466, 0.11059797654755832, 0.17343832663165717]"
BOBYQA,299,"[0.3604177984934283, 0.23131455739778004, 0.08480883393069735, 0.09201283814686793, 0.12565696072635485, 0.0, 0.02504039749678693, 0.008570704622183456, 0.10966068487336629, 0.1729822831455541]"
BOBYQA,300,"[0.35929871831219284, 0.23256373745428585, 0.08340770487391959, 0.0939796083512681, 0.12421328584826949, 0.0, 0.02489677405435168, 0.009230447370310754, 0.11179628652041529, 0.17343137664148103]"
BOBYQA,301,"[0.35859294795047475, 0.23246381744346312, 0.08225578218706953, 0.09619255434518471, 0.12240977523203876, 0.0, 0.024476567330652257, 0.00821398739193915, 0.10965473469814567, 0.17383867585662752]"
BOBYQA,302,"[0.3601501649001998, 0.23433528681183152, 0.07987588405920357, 0.09786040443335621, 0.12151391636934804, 0.0, 0.02511719364375104, 0.00838738403874173, 0.11012249564559279, 0.1741732061585566]"
BOBYQA,303,"[0.3596286740927335, 0.23643617816048376, 0.07956203985010057, 0.09998874950250819, 0.11948621538610851, 0.0, 0.026003484629366885, 0.007518154680065425, 0.11031786538330929, 0.17320271989040525]"
BOBYQA,304,"[0.35871853294984474, 0.23672873449093063, 0.07879993793249385, 0.09905260071834993, 0.11942066078883838, 1.1951070081166986e-5, 0.027150010047181764, 0.00772411095732949, 0.10987695581347452, 0.1734472110368028]"
BOBYQA,305,"[0.3584877869228811, 0.23765012963701784, 0.07823420290522061, 0.09997751140318918, 0.11907700935404887, 0.0, 0.026049939834907266, 0.006976268960535724, 0.1097574896630033, 0.17336346231850475]"
BOBYQA,306,"[0.3590105181592262, 0.23834070013384925, 0.07803309011588722, 0.10065062035671206, 0.11772577283779302, 0.0, 0.026323878292250767, 0.007892717549006209, 0.10980482815747203, 0.17335934086144217]"
BOBYQA,307,"[0.35939950376345786, 0.23897481470832577, 0.07694168988533011, 0.10164054633542281, 0.1173750431068761, 0.0, 0.02681545014166289, 0.008053605107665413, 0.1107381350894863, 0.17333576022675712]"
BOBYQA,308,"[0.3593978888777109, 0.23921389994516493, 0.07634489321523118, 0.10187612797747755, 0.11608037868074558, 0.0, 0.026752734312177045, 0.006761210891566205, 0.11038466407926598, 0.17354199494660028]"
BOBYQA,309,"[0.3593725471779784, 0.24010889061006224, 0.07548789035491973, 0.10317031925854592, 0.11539658717561536, 0.0, 0.026526511879823824, 0.006745428809065712, 0.10988530213213535, 0.1734566626337864]"
BOBYQA,310,"[0.35907733497726707, 0.2414710838759765, 0.07371048465984675, 0.10527796533621193, 0.11339638799285096, 0.0, 0.026812316610420515, 0.005967948325003689, 0.10858569038752773, 0.17329328514311662]"
BOBYQA,311,"[0.35852374296322753, 0.24541436673263597, 0.07011264969150141, 0.10967460946917444, 0.10957700697688652, 0.0, 0.02685086890735213, 0.004966963522634345, 0.10848154201086915, 0.1730609070493988]"
BOBYQA,312,"[0.3582234506802542, 0.25126451136060574, 0.0626445507646623, 0.11912544454630782, 0.10159984929264215, 0.0, 0.026220551232308487, 0.0025813759548002756, 0.10608866576245024, 0.17360208678098835]"
BOBYQA,313,"[0.36318833628744335, 0.26185547220800665, 0.05770326571720383, 0.12177631819077275, 0.09721759575034537, 0.0, 0.03235063727188108, 0.005707044793857365, 0.11005293438060902, 0.17145314375159054]"
BOBYQA,314,"[0.35776102121726727, 0.26193165049251316, 0.05687347272769683, 0.1235806615319086, 0.09470623009610299, 0.0025389629191325137, 0.03084968141895995, 0.0020175376773360915, 0.1088445945609689, 0.17200300259702814]"
BOBYQA,315,"[0.3589163825189678, 0.2627368193794507, 0.05547010759505764, 0.12297735671740931, 0.09566338546819922, 0.002375862729197524, 0.031222634680948845, 0.0003977385006704928, 0.10651924234493065, 0.17358959708076574]"
BOBYQA,316,"[0.35867590027332485, 0.26250635318704457, 0.05531207950244275, 0.12332279411629217, 0.0957632069151296, 0.00265043909006998, 0.03162829601139289, 0.0009112716614524658, 0.10619071671695963, 0.17324338945970558]"
BOBYQA,317,"[0.35848840219583833, 0.2626859184581931, 0.05525183222592888, 0.12331936163150271, 0.095734965047145, 0.002572195719206492, 0.03155483861967403, 0.0009416590488960276, 0.10646603252685867, 0.17294491214508523]"
BOBYQA,318,"[0.35851996539360004, 0.26271035810989224, 0.05540429555985791, 0.12344038699767977, 0.09543279167171227, 0.0027811968607388306, 0.031580637780627585, 0.0009597733103819163, 0.10672644381779436, 0.17286820806899972]"
BOBYQA,319,"[0.35852434520767135, 0.26283274110430394, 0.05528328655823574, 0.12356462489333908, 0.09530802480535015, 0.002789880444093015, 0.031604389489396374, 0.000929377578291326, 0.10671808727199654, 0.1728723002799919]"
BOBYQA,320,"[0.3584925383534702, 0.2629169689486963, 0.05532022660365771, 0.12358372769771746, 0.0951611598512801, 0.0026704516312587704, 0.03158078266298993, 0.0010170279676691317, 0.10674235493919539, 0.17278401113849953]"
BOBYQA,321,"[0.35843954447827664, 0.26306095019696263, 0.055304248349613054, 0.12353781571245055, 0.0951405037455958, 0.0026996840142026147, 0.03168793883587834, 0.0010901831848541812, 0.10687688344398504, 0.17279729228054386]"
BOBYQA,322,"[0.35848980847042594, 0.2631781934761124, 0.05524937627470119, 0.12359746154604344, 0.09506059099938062, 0.0026940302907052416, 0.03175786868484384, 0.0011166470385351505, 0.10702368062854165, 0.17272052743643287]"
BOBYQA,323,"[0.35843861733613847, 0.2633173080603208, 0.05518504616503542, 0.12362621873167653, 0.0949657433073071, 0.0028206019560772077, 0.031786624249956305, 0.0012103417058770768, 0.10704009948721745, 0.17274200880716217]"
BOBYQA,324,"[0.35839461208860135, 0.26363125038743124, 0.05502982237872863, 0.1237380558693774, 0.0948410262144612, 0.0031028300706109953, 0.03186335469875019, 0.001296962786509848, 0.10708997783829571, 0.17271065049989123]"
BOBYQA,325,"[0.3585275024589782, 0.2637392677821949, 0.0546854028481737, 0.1238608390625045, 0.09469908735342283, 0.0030208064162392263, 0.03207315784234841, 0.0013299792581970668, 0.10711935930816587, 0.17282594956030087]"
BOBYQA,326,"[0.3589728454054399, 0.26396195368335734, 0.05401351087321713, 0.12428397576058581, 0.09463791658339239, 0.0029310796461219334, 0.032364445644792635, 0.0013516145340706572, 0.10707199867701732, 0.17296347657907246]"
BOBYQA,327,"[0.35856416038383027, 0.2639804295420971, 0.05354108666859246, 0.12458450045706831, 0.09403091427471494, 0.0028156608261907115, 0.03257772150548503, 0.0014607713790761956, 0.10733896933076967, 0.17303666130880166]"
BOBYQA,328,"[0.357768158112658, 0.2641669668600745, 0.05243369164748128, 0.12555167456038227, 0.09304825490149982, 0.002614941235002829, 0.03264169419241606, 0.0011691581263600754, 0.1074897700703531, 0.17323346372083928]"
BOBYQA,329,"[0.35796945998684276, 0.26526124334189516, 0.049839413711492524, 0.12772503363753662, 0.09142873763519864, 0.002185090384529349, 0.03297256163083118, 0.0008460830621112527, 0.10705435928526315, 0.17344306154747513]"
BOBYQA,330,"[0.35568140622391164, 0.26714056181151624, 0.04936471502279704, 0.12845170942804882, 0.08920135568439043, 0.002660788448378119, 0.03235777033766989, 0.0, 0.10669473589195219, 0.17331813641793412]"
BOBYQA,331,"[0.3556254131002069, 0.26644818910999424, 0.04753755895462876, 0.12980500051704502, 0.08918913589248118, 0.002928392263307316, 0.034118411951741145, 0.0, 0.10922616382028418, 0.17416344405923181]"
BOBYQA,332,"[0.3564132842576271, 0.26596441403585014, 0.048393097598676646, 0.13032296955590175, 0.08795349253399806, 0.00270671292270686, 0.03425048528887788, 9.787402314816038e-5, 0.10966221135347538, 0.17358160048162108]"
BOBYQA,333,"[0.3551579029513021, 0.265302941881298, 0.04801283689043821, 0.13052035065552742, 0.08692304743874774, 0.0019443631071265025, 0.03456933093124473, 5.37967702447496e-5, 0.10947189583807702, 0.173663887119558]"
BOBYQA,334,"[0.35400386364333347, 0.2648067089002385, 0.04744166491285822, 0.13138192702219706, 0.08642451399422307, 0.002257976325686895, 0.03373494847089096, 0.0, 0.1100032988170515, 0.17377207489925114]"
BOBYQA,335,"[0.35330353244374657, 0.26529890524531324, 0.04677769384796479, 0.1319263863273332, 0.08554438882641813, 0.0020713760582318423, 0.034696469739198744, 0.0, 0.11086807215073737, 0.17395879750066096]"
BOBYQA,336,"[0.3518688878297974, 0.2660254694894743, 0.04541939087530473, 0.1329939163698898, 0.0839216546566459, 0.002526902096146974, 0.03627413842060182, 0.0, 0.11310586024405538, 0.17415498959378314]"
BOBYQA,337,"[0.34919250473333946, 0.26669310201787716, 0.04178905488402896, 0.13642763854772852, 0.08100925364355134, 0.003276055158418203, 0.038654471255071474, 0.0, 0.11702433683828224, 0.1752248093397285]"
BOBYQA,338,"[0.35031161979163283, 0.2683895708108868, 0.03921106142299041, 0.13746729371575978, 0.07958821886528136, 0.002472038356248456, 0.03902411521409522, 0.0, 0.11800643763476232, 0.1746570029319365]"
BOBYQA,339,"[0.3494316703773353, 0.26770595124651675, 0.039692398402216444, 0.13820770903863117, 0.07932545406611216, 0.0023433096208112384, 0.0395094091775613, 0.0011080908827378632, 0.1184535224953066, 0.17512203213166072]"
BOBYQA,340,"[0.34914512736938497, 0.267669788782035, 0.039182973606957605, 0.13794109723226144, 0.0792700150318473, 0.0026882770716460795, 0.03915059050863161, 0.0015599256037700253, 0.11809645815299792, 0.175135539737518]"
BOBYQA,341,"[0.3492391944529685, 0.2678642911176281, 0.03922731662886361, 0.1377086268768118, 0.0793238409706901, 0.002836453237731804, 0.03922100094441966, 0.0015339392756257412, 0.11831771754120665, 0.17539445411791177]"
BOBYQA,342,"[0.3490221548193808, 0.2680607235614968, 0.03918679647474834, 0.1376009354915677, 0.07936011445578318, 0.0026033652752827257, 0.03941730297855691, 0.001366329855382369, 0.11816094050896517, 0.17545262465440015]"
BOBYQA,343,"[0.3490022945797261, 0.26817746092355416, 0.039197522129996595, 0.13757185724587945, 0.07923669157423767, 0.0025420624306090487, 0.039390989848634164, 0.001444411977692145, 0.11825408544491732, 0.17533925463172026]"
BOBYQA,344,"[0.3490538396124394, 0.26821606121745445, 0.03926532631677025, 0.13758767619868176, 0.07911042153544029, 0.002515726630400598, 0.039261164165257004, 0.001337547402686331, 0.11822301343896402, 0.17542539044839633]"
BOBYQA,345,"[0.34909027928081715, 0.26826481405327274, 0.03929821107375882, 0.13764433234160023, 0.07901371467863275, 0.0024507513651823255, 0.0391032287032103, 0.0012453547751526608, 0.11816401671861085, 0.17548701910965692]"
BOBYQA,346,"[0.3490905562964729, 0.2683330007590564, 0.039287957102867456, 0.1377522192457383, 0.0788211561737349, 0.0023349664877164683, 0.03880817333297176, 0.001020372025478813, 0.11795481383869978, 0.17551612826639126]"
BOBYQA,347,"[0.34902823392958054, 0.2685131658850526, 0.03906444902102099, 0.13808869002145138, 0.07851316414512566, 0.0021438118841346767, 0.03831522812137492, 0.0005450991227867421, 0.11751140994912614, 0.17549965141081453]"
BOBYQA,348,"[0.3487012637701364, 0.2685862177658484, 0.0391271303060508, 0.13813025855021221, 0.07809483080635772, 0.0020173955270497085, 0.037807510509265056, 2.442016171416402e-5, 0.11711548137422116, 0.17545340251120917]"
BOBYQA,349,"[0.3474259604762008, 0.2681767777979814, 0.039518501697873284, 0.1383309387026717, 0.07738368777793724, 0.0017118322986734212, 0.03672047431708295, 0.0, 0.11664976567448972, 0.1754223572634389]"
BOBYQA,350,"[0.34475137909653514, 0.26632494228160314, 0.03970701515004265, 0.13912975818391693, 0.07648118014965939, 0.0007583913425164568, 0.035053531064590554, 0.0, 0.11670068191823275, 0.17585306768988082]"
BOBYQA,351,"[0.3428669131250693, 0.26778988782777974, 0.03827098641347098, 0.14076432430236596, 0.07460724900917252, 0.0010885023263498528, 0.035611102670472426, 0.0, 0.11795371139429983, 0.17597088584018236]"
BOBYQA,352,"[0.3427814403897327, 0.2688266993241581, 0.037545736905006594, 0.14205616597063364, 0.07203365738724092, 0.0008353332088082211, 0.03334242627567742, 0.0, 0.11713659274172042, 0.17556157628542673]"
BOBYQA,353,"[0.3396600395322833, 0.26844518205333817, 0.03742541569759381, 0.14269368026597762, 0.07006294894589507, 0.0009379923998869655, 0.03302216501447513, 0.0, 0.11841141070802273, 0.1756846390185742]"
BOBYQA,354,"[0.3336795623603256, 0.2668178691380672, 0.03726872754056225, 0.14481956049026304, 0.0664109670956323, 0.0002330842208537816, 0.030763397010651346, 0.0, 0.11978714795948911, 0.17567519082750963]"
BOBYQA,355,"[0.33289398553404476, 0.26641278256873924, 0.03594633194382059, 0.14554217674346004, 0.06501386480628067, 0.00031620596058735094, 0.031611956005530094, 0.0, 0.12256364056177957, 0.17725848032364508]"
BOBYQA,356,"[0.3294803470094574, 0.26652672934588556, 0.03655772606829158, 0.14619810998948946, 0.06353612358578714, 0.0007778669352081196, 0.030922488165016623, 0.0, 0.12333980228688186, 0.17730428097502188]"
BOBYQA,357,"[0.32936952772433115, 0.26662204734302086, 0.035344362053736186, 0.14702743956154002, 0.06245033715909942, 0.0, 0.030879295802613557, 0.0, 0.12340592561822167, 0.17742684808368578]"
BOBYQA,358,"[0.32785056236532534, 0.26612642989812046, 0.03544726373960769, 0.14665333164114325, 0.06232718014715196, 0.0, 0.03090647874897342, 0.0, 0.12453050929143952, 0.17747825822958557]"
BOBYQA,359,"[0.32496593528016443, 0.26499942474032123, 0.03631122897283468, 0.14636925343350438, 0.0617986267651421, 0.0, 0.029659299234545817, 0.0, 0.126445674478764, 0.17763847722895185]"
BOBYQA,360,"[0.324645859589091, 0.2641864344700533, 0.03529332475906195, 0.14682196003198514, 0.06071819030961141, 0.0, 0.03051652747967746, 0.00021934450474615048, 0.12655654283708623, 0.17749842357380138]"
BOBYQA,361,"[0.3242472839784673, 0.2642340438562653, 0.03412133997740727, 0.14795956205199134, 0.06025273024164898, 0.0, 0.030668364476223023, 0.0, 0.12733532348593182, 0.17801178620916175]"
BOBYQA,362,"[0.32342493582416837, 0.2648685927429842, 0.03343260730207234, 0.1485304293574107, 0.05896861409834572, 0.0, 0.030811623780185225, 0.0, 0.1279957128649667, 0.17805575580491595]"
BOBYQA,363,"[0.3230285389363916, 0.26630002781205797, 0.03134083761798198, 0.14959077430274229, 0.057045765903592234, 0.0, 0.03171070251589815, 0.0, 0.1298679499119538, 0.1785351050122769]"
BOBYQA,364,"[0.3223034167834942, 0.2672964588932427, 0.02691530284664927, 0.1524081141376243, 0.05475811495863514, 0.0, 0.034697908551130786, 0.0, 0.13427016446549805, 0.17963471223628294]"
BOBYQA,365,"[0.31728546034078103, 0.267353184217737, 0.02641302717654108, 0.15413600391779092, 0.05024356297881389, 0.0, 0.030998600603872904, 0.0, 0.13529735244230678, 0.1801293353126062]"
BOBYQA,366,"[0.30729039028161825, 0.2661031104108573, 0.022412914422146206, 0.158539613972695, 0.04274149921730886, 0.0, 0.0311937893838198, 0.0, 0.1429555705400436, 0.18195227274668352]"
BOBYQA,367,"[0.30280186907586054, 0.26687097133478643, 0.019157684641467294, 0.1590422116683973, 0.03967143096852534, 0.0, 0.030038130512394578, 0.0, 0.14757196940495515, 0.18231178800094985]"
BOBYQA,368,"[0.297916116177481, 0.26516643105066096, 0.02078300990565303, 0.16089003865760812, 0.0355784434129487, 0.0, 0.02630426043260374, 0.0, 0.1471675689118531, 0.18262284448570323]"
BOBYQA,369,"[0.29151245390509695, 0.2659016442607938, 0.015859779966609103, 0.16480773151644657, 0.029559727454936992, 0.0, 0.027655943003092317, 0.0, 0.15402801176384265, 0.1840975961329338]"
BOBYQA,370,"[0.2864404759155092, 0.27349982899157577, 0.012496761970516704, 0.16784737174290632, 0.02472179227834484, 0.0, 0.029129373403843903, 0.0, 0.1601286161814506, 0.18537267753261114]"
BOBYQA,371,"[0.2830848028534274, 0.2740661288100566, 0.008979145727082725, 0.1676637722271742, 0.026446297793239676, 0.0, 0.030389645504886265, 0.0, 0.15660457514858936, 0.18643897187056582]"
BOBYQA,372,"[0.2825922145333162, 0.27413108039913753, 0.00871993791755027, 0.16787216159556384, 0.026058666436030792, 0.0, 0.03038377480875708, 0.0, 0.1569673102605338, 0.18657524337444198]"
BOBYQA,373,"[0.2825500200587429, 0.27376915999989965, 0.009191457424936928, 0.167713274621969, 0.025940997770955397, 0.00016106854422791436, 0.030260248710555136, 0.0, 0.1573901378881653, 0.18636609595708736]"
BOBYQA,374,"[0.28246397460588046, 0.27387650182808, 0.009244135810628476, 0.16771648320238333, 0.02587538403113489, 9.616552540571172e-5, 0.02993711693455616, 0.0, 0.15726866173203172, 0.1862432975929743]"
BOBYQA,375,"[0.28247786298438865, 0.27390991510386337, 0.009253121230121402, 0.16770632172470176, 0.025856191383806272, 8.214267484141102e-5, 0.029939913912247942, 0.0001955932778848165, 0.15729380649576336, 0.18625612770531952]"
BOBYQA,376,"[0.28252553764367533, 0.2740745192926682, 0.009291860691027446, 0.16769012637076688, 0.0258644516857604, 7.211551552767877e-5, 0.02996752308272352, 0.000150719186116185, 0.15737475698686496, 0.18623395579735574]"
BOBYQA,377,"[0.28246547896632623, 0.274083380975829, 0.00925688217763213, 0.16771770236694672, 0.02581565587952446, 7.220785533978946e-5, 0.029967061016201967, 0.0001491443265867669, 0.15741744334669544, 0.18624511983092504]"
BOBYQA,378,"[0.28245563177298777, 0.274117483697693, 0.00919912798227552, 0.1677009462293834, 0.02583774530566604, 0.00012165224914695206, 0.029979678883028445, 0.0001167610750282326, 0.15738904260054662, 0.1862584067856064]"
BOBYQA,379,"[0.2824770566201481, 0.2741015280064641, 0.009219154330576395, 0.1676703084631139, 0.025811655234795523, 0.00012071327602610664, 0.029994364817343567, 5.040068728363505e-5, 0.1574283162124289, 0.18622519087516934]"
BOBYQA,380,"[0.2825264411860509, 0.2741460336781606, 0.009199338160778269, 0.16768054193868856, 0.025772111568298152, 0.00011999938376545588, 0.03003277678166965, 5.0102620146632786e-5, 0.15747242313036527, 0.1862153011850752]"
BOBYQA,381,"[0.28248281519771473, 0.27417905078580634, 0.009154740051442702, 0.16768908362183343, 0.025725169386677953, 0.00012075685195574836, 0.030054586292662354, 1.5344641835784256e-5, 0.15749739081862463, 0.18619448310205094]"
BOBYQA,382,"[0.2825266127853124, 0.2741357554342221, 0.009136365991541384, 0.16765634920440767, 0.025719288612737368, 0.0001268019232470271, 0.03006928737926459, 0.0, 0.15752681583819644, 0.18613609134283662]"
BOBYQA,383,"[0.2825268482860732, 0.2741405515777335, 0.009119314390970386, 0.16758202766225946, 0.025677374458373647, 0.00012992952492604744, 0.030071306782195856, 1.2541508902672848e-6, 0.1575342077985096, 0.18608776306282096]"
BOBYQA,384,"[0.28254056635072117, 0.2741594699407729, 0.009066673525428918, 0.16742637036100672, 0.025612451779280565, 0.00013628489472628278, 0.03007667905909924, 0.0, 0.15753516085476948, 0.18599739179234054]"
BOBYQA,385,"[0.2825169378707227, 0.27414924889506165, 0.008996969014778557, 0.16712497997773806, 0.02543194374806092, 0.00018971326169639295, 0.03013496250273725, 5.207230837399882e-5, 0.15754436450214188, 0.1858490293602118]"
BOBYQA,386,"[0.28277478862964317, 0.2741065697077923, 0.009226971695879289, 0.16717245479836176, 0.025385273346672028, 0.0001772455073513843, 0.030068876253705884, 4.865017149659095e-5, 0.15771419878159706, 0.18581772402333016]"
BOBYQA,387,"[0.2827025832453319, 0.27411811160413374, 0.009237567117265715, 0.1670478525766582, 0.02510658613670178, 0.000332396669902883, 0.030113449912074066, 0.00011256980338527985, 0.1578907413883449, 0.18582380052700892]"
BOBYQA,388,"[0.2825443075738191, 0.2741828136601291, 0.009295498236637058, 0.16700534173428516, 0.024641569160669785, 0.0006522424320990806, 0.03013447742298408, 0.0002713718785723058, 0.1583829420447345, 0.18596213139270543]"
BOBYQA,389,"[0.2822849167808055, 0.2739761045999193, 0.009372462303971256, 0.16711694381880077, 0.024148616645525665, 0.0008626036443636173, 0.02990129540603689, 0.00014432778791853652, 0.15877380796554721, 0.18599476640665327]"
BOBYQA,390,"[0.28144431212186005, 0.27363601896400475, 0.00935975651573333, 0.16729185762931165, 0.023431769321719448, 0.0012398928325576721, 0.029230609908291565, 0.0, 0.15952900153782862, 0.18609368654312158]"
BOBYQA,391,"[0.2820033148750521, 0.27349263776552984, 0.009612614692453728, 0.16763004764707495, 0.022333723550001707, 0.001517746800153024, 0.02946896651931997, 0.0, 0.16036828810087989, 0.18616095358678675]"
BOBYQA,392,"[0.282859203556655, 0.2739685419963418, 0.010312535663367857, 0.16820003090629437, 0.020583924016984147, 0.002189335455367691, 0.030042822022683147, 0.0, 0.1625020866216215, 0.18642734325074314]"
BOBYQA,393,"[0.2831981866063581, 0.27242526402792094, 0.00996076562984768, 0.16900900199890898, 0.018150029644397887, 0.002755424364237092, 0.029674593366799874, 0.0003262077521760691, 0.16319373841150478, 0.18640448039138974]"
BOBYQA,394,"[0.2830980648114928, 0.2724116122817183, 0.01008650085891001, 0.16849030564504155, 0.018201094822670648, 0.003006573266892898, 0.029833318264207292, 0.0012574733718024862, 0.16329821221594934, 0.18627317883903344]"
BOBYQA,395,"[0.283104425949155, 0.2722823223991095, 0.010687979340652343, 0.16849403393064252, 0.017986670717735825, 0.00294366689792628, 0.030126153370313293, 0.0011683596852812609, 0.16295550521366314, 0.18629258894276576]"
BOBYQA,396,"[0.2831883118034548, 0.2723193548353263, 0.010746781777706677, 0.16833149404372547, 0.017952639801522126, 0.0030149467406273894, 0.029948089577093565, 0.0011384109713924206, 0.16293190917508812, 0.18657949570198215]"
BOBYQA,397,"[0.28320261606783526, 0.2722824911464712, 0.010767577820963832, 0.16832900296705436, 0.017807870421134984, 0.0030638401574754506, 0.029936629053618158, 0.0011592367317691064, 0.16305007458385773, 0.1865684995138086]"
BOBYQA,398,"[0.28323337956939115, 0.2723492631928639, 0.010787980545528883, 0.16830737603968202, 0.01782773092142777, 0.0030543221951751446, 0.029969034230971293, 0.0011564472238687607, 0.1630955354416351, 0.1865785746363191]"
BOBYQA,399,"[0.28322443234426015, 0.2723125255675708, 0.010802672032563137, 0.16826609666805295, 0.01783739892073686, 0.003012320615509013, 0.02995111277254508, 0.0012177972383676228, 0.1631198268418823, 0.18658942773517223]"
BOBYQA,400,"[0.28320706459170164, 0.272330425613849, 0.010785979796715929, 0.16825602114695953, 0.01782863885333902, 0.003084997505768095, 0.02995617154842151, 0.0012777662457685202, 0.16312134562827088, 0.18659329473902064]"
BOBYQA,401,"[0.28318640973272124, 0.2723246735378027, 0.010842968233263058, 0.1682006623541472, 0.017799293635927842, 0.0031028180632776516, 0.02993131048899627, 0.001281550675515204, 0.16310803811044142, 0.1865580837420163]"
BOBYQA,402,"[0.2831571420418292, 0.2722943570038041, 0.010839247959759124, 0.16822514161948784, 0.017744414044355703, 0.0031194495423744165, 0.029896538976289307, 0.001261698732658175, 0.1631600457277593, 0.186561945025652]"
BOBYQA,403,"[0.2831954337057865, 0.2722940171441352, 0.010842277065053989, 0.16816904395705684, 0.01774669592452343, 0.003165057279445568, 0.029858188399299906, 0.001272339591819451, 0.1631514883908094, 0.18660238033750984]"
BOBYQA,404,"[0.2832043232520262, 0.2722497445940927, 0.010856282830740211, 0.1681682246970387, 0.0176716828110781, 0.0031908542649171016, 0.029853306894364343, 0.0013059788168065965, 0.16316865784176512, 0.18660700812083175]"
BOBYQA,405,"[0.2831733828348105, 0.27227893829559274, 0.01082492858783145, 0.16822567608678668, 0.017648633636263088, 0.0031654653575043943, 0.029883607914188072, 0.0013052380109785165, 0.16316074567835528, 0.18664883518907913]"
BOBYQA,406,"[0.28316752284509417, 0.2722927362670298, 0.01077424391597256, 0.1681668166590551, 0.017650989999574873, 0.003147000735130359, 0.029867075739631762, 0.0013243768625517288, 0.1631082546653516, 0.18664954137721776]"
BOBYQA,407,"[0.2831531469570883, 0.27227838752318695, 0.010828679493650323, 0.16816268128462336, 0.01763577793253796, 0.0031631974154018878, 0.029888793216376455, 0.0013838549065891008, 0.16309571090645422, 0.186693663277835]"
BOBYQA,408,"[0.283132029304544, 0.27229518171842787, 0.010838012381238554, 0.1680997521651643, 0.01757353388881642, 0.0031380398531304803, 0.02988842209067308, 0.0013738902912454381, 0.16307254751626893, 0.18670269793522967]"
BOBYQA,409,"[0.283120090612905, 0.2723107372052041, 0.010882715842964689, 0.16808003919123754, 0.01752169322469716, 0.00318899514515358, 0.029896376067380385, 0.0013746310932982648, 0.16303772041591058, 0.18672854084427198]"
BOBYQA,410,"[0.2831232405493795, 0.27230048979988525, 0.010869946662918163, 0.16808018646796777, 0.017462994911978856, 0.0032084557832147776, 0.029896140662702398, 0.001379173560916054, 0.16303554001715828, 0.1868051720586632]"
BOBYQA,411,"[0.2831195112726081, 0.2723118143814119, 0.010882850864265875, 0.1680806880931375, 0.017394031812363372, 0.0032305621338001625, 0.029928235682110005, 0.0013994379881480433, 0.16302993436959198, 0.18685970934770973]"
BOBYQA,412,"[0.28310270199670134, 0.27234217900677465, 0.010936718692285368, 0.16809711509654654, 0.017257547059249072, 0.0032839586488970104, 0.029996885907345828, 0.0014731836284376087, 0.1630199898794364, 0.18692211453183152]"
BOBYQA,413,"[0.2830468709609604, 0.2724029373903857, 0.011094211878600064, 0.16815174509529052, 0.01703108176827977, 0.003395946787741186, 0.03011889741667151, 0.0016844988609891157, 0.16297846602479427, 0.18693971385268712]"
BOBYQA,414,"[0.28290760777963814, 0.2726774260926339, 0.011365641327032048, 0.16818196839638658, 0.016574766589750545, 0.003685992524170006, 0.03041063190413473, 0.0019791603369322475, 0.1628999513677793, 0.1869247036582327]"
BOBYQA,415,"[0.2822930438860745, 0.2736773401948665, 0.011837435639752876, 0.16792064692850195, 0.016478930928293355, 0.00337990681675773, 0.031120159160091324, 0.0018770684533995533, 0.1623762295095073, 0.18690031048210073]"
BOBYQA,416,"[0.2821803099936616, 0.2741048474186111, 0.011523654948927124, 0.16785637520561542, 0.01625320803615817, 0.003807133760596799, 0.03122211643116643, 0.0019645964140704523, 0.16224787207755317, 0.18662840292076477]"
BOBYQA,417,"[0.2821444390580305, 0.27418879743448504, 0.011187285361555948, 0.1680083333388816, 0.015872812031221085, 0.004240828181209915, 0.031189521073691072, 0.002339074973365817, 0.16235877389848866, 0.18653331315471722]"
BOBYQA,418,"[0.28238568734786523, 0.27402887154738287, 0.011123117671959023, 0.16810660867451133, 0.015475967155112201, 0.0047883802448391004, 0.031137409357468972, 0.0025876187886976756, 0.1624067253694293, 0.18639781659183127]"
BOBYQA,419,"[0.2821232047054572, 0.27388052839200877, 0.011293944998324028, 0.16829438952311024, 0.015303147596933069, 0.0052134638144307, 0.03093051255916957, 0.002970797235993199, 0.16266823525418167, 0.18652458993243215]"
BOBYQA,420,"[0.28221808608044585, 0.27360885485673403, 0.011554145536468715, 0.16844007817481355, 0.014953608603124918, 0.005527472299749755, 0.030774335582383128, 0.0034085661620391547, 0.16283923495571773, 0.18657158882567326]"
BOBYQA,421,"[0.28213276195969816, 0.2736270687090226, 0.011467325075678332, 0.16847582024702976, 0.014815215888009783, 0.0056531043367093955, 0.030470462713854292, 0.003529331061847802, 0.16280264360847557, 0.1865909537839998]"
BOBYQA,422,"[0.282134907511729, 0.27361167407585973, 0.011448859697121649, 0.1685528192221379, 0.014776263349043894, 0.005657734961017843, 0.030555920086627004, 0.0036623144602742873, 0.16280095606265466, 0.18667437711347526]"
BOBYQA,423,"[0.2821228950922208, 0.27355491050918157, 0.011458988980502969, 0.16853268574714003, 0.014674661755658992, 0.0056854696604231696, 0.03065954817888794, 0.003770350587013112, 0.16280661168568014, 0.1867252786899793]"
BOBYQA,424,"[0.2820740614242089, 0.27343267394338344, 0.011468366322654772, 0.16856571685037575, 0.01444871142843417, 0.005736274713609088, 0.03085231214351473, 0.003988354637710088, 0.1628596099546132, 0.18674444308489574]"
BOBYQA,425,"[0.2821203192117743, 0.2733202525952655, 0.011608974642980188, 0.1687053005373557, 0.01394370429696817, 0.005864500666241072, 0.03117353907724666, 0.004407560653852924, 0.16304751588135952, 0.18676069701272247]"
BOBYQA,426,"[0.2828456144497788, 0.273107552612769, 0.012152285844663286, 0.16901918485846754, 0.012992793436870093, 0.005931375572369109, 0.03170259266215565, 0.004902551408281783, 0.16344839334577824, 0.18678667979901997]"
BOBYQA,427,"[0.2819349664083962, 0.27322398986569685, 0.012084286034446848, 0.16924345042762243, 0.012215499631778856, 0.006186284303137722, 0.032285243483229295, 0.005400041422790125, 0.1640515912325118, 0.18699223608403803]"
BOBYQA,428,"[0.28103330979556074, 0.27306251735871, 0.011707145190851332, 0.169379598077286, 0.011576471027899101, 0.006665879421876622, 0.03235979573091093, 0.00632238102982311, 0.16402444665622556, 0.1867376848460762]"
BOBYQA,429,"[0.2810389688331068, 0.2730891514334854, 0.011717064410228545, 0.16936508182971366, 0.011629608317856255, 0.006712776986697626, 0.032338374131479566, 0.006312757352841491, 0.16402968517874345, 0.1867955432389776]"
BOBYQA,430,"[0.28102311786313067, 0.2730733839751195, 0.011724660735851043, 0.16938453579519233, 0.011568766430714673, 0.0067482214386737445, 0.03235484715347096, 0.006369734663194765, 0.1640536438199976, 0.18679930326896188]"
BOBYQA,431,"[0.2810313847171889, 0.2730373603256558, 0.011696734281117649, 0.16943480509675432, 0.011576274131273373, 0.0067487073051682245, 0.032361489656272314, 0.006392603545553185, 0.16401479003506034, 0.18685581644785065]"
BOBYQA,432,"[0.28101170054150637, 0.2730317217329602, 0.011692747553885519, 0.16945013277177967, 0.011510176380149291, 0.006761159237246351, 0.03239095798968858, 0.006451243440878848, 0.16403677801623107, 0.18685974751057796]"
BOBYQA,433,"[0.2810793924332324, 0.2729964731299425, 0.011665260195176438, 0.16945693855143643, 0.011505493709843549, 0.006797480436009985, 0.03237219112015692, 0.006488935636641525, 0.16405115443182527, 0.18685248562137946]"
BOBYQA,434,"[0.28107238831892484, 0.2729942145594746, 0.011631915740006155, 0.16945552220178817, 0.011552423503152337, 0.00681533356799694, 0.03243190541584894, 0.006534864002590913, 0.16405715290310569, 0.1868769733553917]"
BOBYQA,435,"[0.28102420239855075, 0.2729813786959803, 0.01160664512479625, 0.1694673690986063, 0.011515382296186896, 0.006850473943294981, 0.03244009834387874, 0.006598258228732829, 0.16405746359290835, 0.18687053447092147]"
BOBYQA,436,"[0.2809724565432364, 0.273025376304891, 0.0115984989290615, 0.16945691880319208, 0.011476844732146767, 0.006900302599835948, 0.03241701697543956, 0.006618920745030204, 0.16406823236879006, 0.18688346942941228]"
BOBYQA,437,"[0.28096046098717664, 0.27301326084177197, 0.01161194749849611, 0.16947311500855258, 0.011429679647780652, 0.006910018872252881, 0.032388410192382464, 0.006610653503210173, 0.16405538763131475, 0.18696025163674168]"
BOBYQA,438,"[0.2809817521811867, 0.2730250497156687, 0.01165462011219465, 0.16947144907128248, 0.011441072988411946, 0.006949455505096087, 0.032393078830124794, 0.006584997341546117, 0.16405048597725022, 0.18703232703448597]"
BOBYQA,439,"[0.28097804670401655, 0.2730270339589163, 0.011654135983482874, 0.1694689233371493, 0.01142719256898084, 0.006958001728454481, 0.032378148346014685, 0.0065836936956462, 0.16405241712425667, 0.18704265497473196]"
BOBYQA,440,"[0.2809787782803162, 0.27302558750068584, 0.011651156282497434, 0.16947098003663197, 0.011424091091612687, 0.006963473306788576, 0.032378725333107115, 0.0065871566054215526, 0.16405275153370724, 0.18704833565292667]"
BOBYQA,441,"[0.28097978285465774, 0.27302276263912856, 0.011649179872536561, 0.1694722389968581, 0.011418457807403195, 0.006962677773429217, 0.03237554460139289, 0.006589364236799689, 0.16405519855290923, 0.18704266340006162]"
BOBYQA,442,"[0.2809788915068645, 0.27302152629313403, 0.011647847210029004, 0.16947304680996253, 0.011415533493785835, 0.006967195807472562, 0.03237514024992119, 0.006594696897456822, 0.16405628097459699, 0.18704870589524705]"
BOBYQA,443,"[0.2809790451073036, 0.27302129140945663, 0.011645158591120433, 0.16946498319579792, 0.011411127216273638, 0.006968209496904432, 0.03237721150753138, 0.006596184750830721, 0.16405698655276615, 0.18704918148693145]"
BOBYQA,444,"[0.2809791851123753, 0.2730206208446926, 0.011639708030797044, 0.16944888905175237, 0.011402272021949366, 0.006969988941594849, 0.03238133503232934, 0.006599177109485675, 0.16405839567628916, 0.18705031129884941]"
BOBYQA,445,"[0.2809796749762368, 0.27301954925533595, 0.011628967018902632, 0.16941675057488204, 0.011384409345352174, 0.006974063291356043, 0.03238947570329348, 0.0066051131499849595, 0.1640612474422462, 0.18705255751494906]"
BOBYQA,446,"[0.28098070950448795, 0.2730175907090277, 0.011607714824070308, 0.16935284606725468, 0.011347880252479778, 0.006983013448273623, 0.03240516830585606, 0.006617006383139807, 0.1640668425018537, 0.18705767225544717]"
BOBYQA,447,"[0.28097130439910795, 0.27301471794652576, 0.0115940464872996, 0.16934919445518565, 0.011317925492837194, 0.00700790894651314, 0.03241493661744872, 0.0066425581395477265, 0.1640739443812372, 0.18708562207343887]"
BOBYQA,448,"[0.2809801945268066, 0.27301440706533303, 0.011586250840730183, 0.16933129235743338, 0.011339641760053842, 0.007019866805704202, 0.032483711139780054, 0.0066487427368094225, 0.1640924116672543, 0.18710031221628132]"
BOBYQA,449,"[0.2809715967948009, 0.2730141874140008, 0.011581989076343262, 0.16931574999196194, 0.011323553806495107, 0.00704056518071647, 0.03248580208133053, 0.006654556075966029, 0.16409532784394046, 0.18712338572889803]"
BOBYQA,450,"[0.2809515528452994, 0.2730178203795178, 0.01157492397764923, 0.16930351162654803, 0.01133809419047808, 0.007036421366683806, 0.03247375630039944, 0.006678733902323176, 0.16409758008444722, 0.18711869384565505]"
BOBYQA,451,"[0.2809494570557785, 0.2730224387400984, 0.011571845570938153, 0.16929481059949736, 0.011329987768153693, 0.0070439853910242945, 0.03247338708014713, 0.0066841800896319465, 0.16409987330132356, 0.18713014414179324]"
BOBYQA,452,"[0.2809485013741251, 0.27302546501956937, 0.01156891748226495, 0.1693007645770912, 0.011318387465162384, 0.0070460843653342995, 0.0324679315084018, 0.006693691978734661, 0.16409584296631285, 0.18712175074365178]"
BOBYQA,453,"[0.2809437725707774, 0.2730232757357017, 0.011568694435022763, 0.16929787871383473, 0.01131414652381563, 0.007043110776555455, 0.03247303413717675, 0.006692003671256985, 0.16409333592375722, 0.18712018000510708]"
BOBYQA,454,"[0.28094143052922715, 0.2730258771098685, 0.011571451762786488, 0.16929819833601606, 0.011311061618467061, 0.0070427242189629695, 0.03247207949753445, 0.006689393872481345, 0.16410094259320304, 0.18711799075757657]"
BOBYQA,455,"[0.28093677457182203, 0.27302782375171014, 0.011572113033214605, 0.169294275100351, 0.01131573469791, 0.007039802689245565, 0.032471605871753, 0.006694531473124818, 0.16410170202614327, 0.1871169255899812]"
BOBYQA,456,"[0.28093705682248254, 0.2730192580603442, 0.011573755691745747, 0.16929093552183502, 0.011314424686063673, 0.007039208129894644, 0.03247347321979824, 0.00669438923726929, 0.16410412231522864, 0.18711580153331148]"
BOBYQA,457,"[0.280938504584393, 0.27302021434113805, 0.01157463077888669, 0.16928609276810117, 0.011319331478386605, 0.007034002789623984, 0.03247787885934481, 0.006693468198232963, 0.16410440280593208, 0.18711467785841474]"
BOBYQA,458,"[0.28093710449266923, 0.273019978425875, 0.011572052379961431, 0.16927989443699715, 0.011315702213436158, 0.007036532019029438, 0.03248128449608936, 0.006697074480464412, 0.16410590617694565, 0.18711722429015773]"
BOBYQA,459,"[0.28093618362090156, 0.27302113913748466, 0.011571267688844445, 0.16928497953748037, 0.011315933774297524, 0.0070387412830556885, 0.032486684847965706, 0.006701284777360615, 0.16410942975390766, 0.18711988705070895]"
BOBYQA,460,"[0.2809327842970842, 0.27302149442372686, 0.011571784799053185, 0.16928657906702801, 0.011311990153387961, 0.007036833855248085, 0.03248415356812391, 0.006708045922664808, 0.1641128011154798, 0.18711820910479288]"
BOBYQA,461,"[0.28093377063878316, 0.2730188792194396, 0.011572066467911205, 0.16928746271501588, 0.011312768880496378, 0.007039233750140977, 0.032483011087184814, 0.006710756766615341, 0.16411304521741177, 0.18711709186234068]"
BOBYQA,462,"[0.2809326070222462, 0.27301899131415414, 0.011571710936061522, 0.1692863641233447, 0.011312095310737793, 0.007039719183347378, 0.032482993540339615, 0.006712311150655053, 0.1641135623981392, 0.18711751244481387]"
BOBYQA,463,"[0.2809325334248926, 0.27301951615046305, 0.01157195807461569, 0.1692864033087263, 0.011312070970269084, 0.0070399651968366134, 0.03248286855435889, 0.0067123189734685385, 0.16411400352482716, 0.18711689185897987]"
BOBYQA,464,"[0.2809325604654819, 0.273019488949706, 0.01157178867212224, 0.16928583451246149, 0.011311484196957758, 0.007040170806569937, 0.032483205572364914, 0.0067125292588439646, 0.16411421979375032, 0.18711665701663757]"
BOBYQA,465,"[0.28093258982255165, 0.27301945608807354, 0.011571481093459091, 0.1692845880191656, 0.011310381862644396, 0.007040537881969279, 0.032483778431198325, 0.006713007847854262, 0.16411471988529536, 0.18711621824952343]"
BOBYQA,466,"[0.28093266077169143, 0.27301938667637216, 0.011570847781025635, 0.16928214575427833, 0.011308144907930789, 0.007041301662807872, 0.032484969803938286, 0.0067139332947601495, 0.16411570523917426, 0.18711532924164423]"
BOBYQA,467,"[0.28093283520487083, 0.2730192386556708, 0.011569531339985199, 0.1692774058397291, 0.011303592152349813, 0.007042916811053236, 0.03248747203757994, 0.00671569314442734, 0.16411764501322176, 0.18711351524016887]"
BOBYQA,468,"[0.28093318882671126, 0.2730190140850171, 0.011566850811968014, 0.1692680248165228, 0.011294474726373734, 0.007046275690894964, 0.03249252178445125, 0.006719138015359448, 0.16412160581291702, 0.18710988603238785]"
BOBYQA,469,"[0.2809342319770945, 0.27301962035135735, 0.01156089918321183, 0.16925051915745393, 0.011276146766622851, 0.007054577371248074, 0.03250304614235303, 0.00672481841988498, 0.1641305499436653, 0.18710261859066885]"
BOBYQA,470,"[0.2809348549519594, 0.2730125884388488, 0.011552004733874056, 0.16921241887915314, 0.011240409300949987, 0.0070618984645784205, 0.03252846780725156, 0.006745275174954938, 0.16413582520559356, 0.1870930223127298]"
BOBYQA,471,"[0.28093560747056595, 0.2730083213230368, 0.011548793572902708, 0.1692172581087267, 0.011235108068342556, 0.007053189226008193, 0.03252330744803009, 0.0067489535756141555, 0.16414310221567452, 0.18709124115555045]"
BOBYQA,472,"[0.2809311846143634, 0.2730142901284096, 0.011552406187245704, 0.16922397667609756, 0.011233201736915782, 0.007050647732864194, 0.032531361407182414, 0.0067518237514359375, 0.1641425939864509, 0.1870835492231277]"
BOBYQA,473,"[0.28093273616354464, 0.27301297962579935, 0.011553095437714336, 0.16922616112515282, 0.011232557184486677, 0.00705537020692735, 0.03252843369999387, 0.006756318870598648, 0.16414169221507852, 0.1870820259280889]"
BOBYQA,474,"[0.2809313861547044, 0.27301129777557326, 0.011555411980837281, 0.1692255565760988, 0.011231564642403165, 0.007055987136419647, 0.03252771278447749, 0.006754710306728819, 0.16414270034139014, 0.1870823833452091]"
BOBYQA,475,"[0.2809313053145278, 0.27301121960119207, 0.011555325292651164, 0.16922508456431176, 0.011231025670206778, 0.007056071174223567, 0.03252806964569362, 0.00675511956276017, 0.16414302251918678, 0.18708213666460008]"
BOBYQA,476,"[0.2809311420931095, 0.27301175635218, 0.011555259666547659, 0.16922498657638582, 0.011230609402140787, 0.007055842590865022, 0.03252793289615263, 0.006755059009348257, 0.16414305680815158, 0.18708278649256666]"
BOBYQA,477,"[0.28093157431532295, 0.2730117636940179, 0.01155548689623677, 0.16922514988770945, 0.011230541699612639, 0.0070554887224565715, 0.03252860006057399, 0.0067546807734235395, 0.16414318660698765, 0.18708278755794636]"
BOBYQA,478,"[0.28093157754438264, 0.2730116916114564, 0.011555362239704851, 0.16922477970751093, 0.011229896066729802, 0.0070555896289519575, 0.0325289390657868, 0.006755094275002145, 0.1641434479987568, 0.187082540650352]"
BOBYQA,479,"[0.28093158638865806, 0.2730115700897863, 0.011555193776634151, 0.16922412562897063, 0.011229452293588151, 0.007055798486968845, 0.03252938171299571, 0.006755383408451026, 0.16414354028374437, 0.18708252198955888]"
BOBYQA,480,"[0.28093176532877073, 0.273012152212661, 0.011555587209890266, 0.16922398527772856, 0.011229674539612903, 0.00705627139404776, 0.03252952593354968, 0.006755531176768455, 0.16414391181683977, 0.18708249167601312]"
BOBYQA,481,"[0.28093193904368763, 0.27301228937273675, 0.011555588928660343, 0.16922413273802575, 0.0112289368733788, 0.007056275950902109, 0.03252932779573348, 0.006755500048527346, 0.16414416567705725, 0.18708196213098352]"
BOBYQA,482,"[0.2809321174340769, 0.27301178055434044, 0.011555784317707747, 0.16922400066014803, 0.01122854049268627, 0.007056754481474883, 0.03252889372659902, 0.006755636139716438, 0.16414427873521628, 0.18708218083427078]"
BOBYQA,483,"[0.28093232231256987, 0.2730120239037431, 0.011555829160978824, 0.1692235831974902, 0.011228238014599967, 0.007056767397169448, 0.03252859171215846, 0.006755449597155994, 0.1641438185356666, 0.1870816394789354]"
BOBYQA,484,"[0.2809325673956218, 0.27301202018071546, 0.011555255742913264, 0.1692234595284049, 0.011228207168957137, 0.007057367358223787, 0.0325283758077748, 0.006755628417475174, 0.16414421001414028, 0.18708169485574425]"
BOBYQA,485,"[0.28093291940259907, 0.27301177253968856, 0.011555605096956762, 0.1692229898615668, 0.01122806150090519, 0.007057307298958537, 0.032528167377032985, 0.006755639783335554, 0.16414455182140328, 0.1870822304850606]"
BOBYQA,486,"[0.280932510002454, 0.2730115429208826, 0.01155577355410363, 0.16922310044690375, 0.011227720332304781, 0.007057757102764624, 0.03252829655372296, 0.006755045790274239, 0.16414467076734784, 0.18708203897054843]"
BOBYQA,487,"[0.2809324148571623, 0.27301150049945233, 0.01155592647232187, 0.1692235338468032, 0.011227205482999601, 0.007057589068835945, 0.03252828960518658, 0.006755442228680619, 0.16414502967211392, 0.1870815933262846]"
BOBYQA,488,"[0.2809324243672186, 0.2730118720893199, 0.011556201368779655, 0.16922395817504135, 0.011226550176843268, 0.007057806976257097, 0.03252856576764083, 0.006755655967164093, 0.16414510887536304, 0.18708162611675785]"
BOBYQA,489,"[0.2809326022068475, 0.2730118350726135, 0.01155616743064328, 0.1692235844577075, 0.011225781359508424, 0.007057978177101755, 0.03252896055777369, 0.006755863358917913, 0.16414517925282243, 0.18708167053508956]"
BOBYQA,490,"[0.280932671283264, 0.2730117681667856, 0.011556516629337748, 0.16922368780752717, 0.011225993685218991, 0.007058167154088993, 0.03252943199605403, 0.006755959783849126, 0.16414518748972842, 0.18708093180850263]"
BOBYQA,491,"[0.2809323312189601, 0.2730111215970627, 0.011556491849430098, 0.1692240329232198, 0.011225943903291758, 0.007058297630555911, 0.03252969368926501, 0.006756347253094394, 0.16414498415284295, 0.18708119088568637]"
BOBYQA,492,"[0.28093195337929794, 0.273011157423444, 0.011556766263290252, 0.16922349828754069, 0.011225623850180567, 0.0070584452784283064, 0.032529398650661547, 0.006756291001878759, 0.1641444758313984, 0.1870810426331044]"
ffjm2,1,"[0.25, 0.25, 0.25, 0.25, 0.25, 0.25, 0.25, 0.25, 0.25, 0.25]"
ffjm2,2,"[0.24509956198312804, 0.2507920952135023, 0.1777926858234235, 0.06864324329890995, 0.1023978756580293, 0.16705312324199545, 0.1901042461546636, 0.20765178445100632, 0.2445576059100857, 0.1429106275706416]"
ffjm2,3,"[0.23710050951988218, 0.26199384848030516, 0.03169972426474307, 0.13640479494223307, 0.1815450657952091, 0.12579591117661282, 0.12551732445030095, -0.02940052783982139, -0.0113963385199293, 0.16313783021826897]"
ffjm2,4,"[0.25180927829657085, 0.25233645579537134, -0.03362863221359866, 0.20195161848749715, 0.09857327478477859, -0.07552938634955819, 0.03000211677139286, 0.011774644637332132, 0.1392074529064435, 0.18821466127874203]"
ffjm2,5,"[0.2675611986192252, 0.2341199361798787, -0.028670781865681755, 0.21432502588135466, -0.04609690053886886, -0.03182674867027824, 0.03122699977204607, 0.02356448220452456, 0.12560525479986764, 0.1775162939037957]"
ffjm2,6,"[0.28280470310903416, 0.21207302779805903, -0.0074492687925616086, 0.18656283139283286, -0.06014019715439299, 0.0199507432099858, 0.04300825936457728, 0.007186597094000935, 0.13644191248676532, 0.18167995026990633]"
ffjm2,7,"[0.29817918760699635, 0.18493432333397747, -0.011777836043143804, 0.18672647123148697, -0.04971093501266842, 0.006430991428569935, 0.03061317698234575, 0.012359842694211825, 0.12697032985228887, 0.1786701580118668]"
ffjm2,8,"[0.29947369034925597, 0.18232273740051957, -0.012933122115033332, 0.18841327556592455, -0.06776432373998974, 0.007759623481886338, 0.03690339011101326, 0.01104357469888158, 0.12942111449372665, 0.17857413315239312]"
ffjm2,9,"[0.3008477803294328, 0.17941806434903457, -0.013618651402502787, 0.18790384903950672, -0.06332772465557, 0.01081060638303353, 0.0380926213109852, 0.010062798679611977, 0.1285239168529774, 0.17841452419922676]"
ffjm2,10,"[0.30222912520437295, 0.17643593060188661, -0.014061149437700923, 0.18787359666064804, -0.061023804005853235, 0.012665509621041274, 0.03864902523913752, 0.00899521580651959, 0.1280777259386766, 0.17833597430226106]"
ffjm2,11,"[0.30360869598056867, 0.17340121397451141, -0.014419674628346087, 0.18788844941275715, -0.05988562571271801, 0.013880136767037568, 0.03891297115512252, 0.007807073165054317, 0.12782540083539817, 0.17828639966506282]"
ffjm2,12,"[0.3049839284309659, 0.17031772897846237, -0.014753894752822124, 0.18793348485922984, -0.059356324525059026, 0.014729250423246113, 0.03897881239555542, 0.006425248802721844, 0.1276465342335943, 0.1782477740811909]"
ffjm2,13,"[0.3063545542770252, 0.1671840584692857, -0.015091457726730702, 0.18800085725975985, -0.05916385864793473, 0.015364764958448388, 0.0388504396067981, 0.004734899076890469, 0.12749197182057292, 0.17821653953010158]"
ffjm2,14,"[0.30772106000866173, 0.16399771255645146, -0.015446650383998946, 0.18808736456096525, -0.059176223081793614, 0.015885394739574378, 0.03846211748465936, 0.002580948063500345, 0.1273356434487145, 0.17819299452947096]"
ffjm2,15,"[0.3090844474896206, 0.16075591696699054, -0.015830634759047554, 0.18819432051837887, -0.05933826480298865, 0.016371412430527067, 0.037600698805484584, -0.00031805033894110983, 0.12712483956020648, 0.1781742368518167]"
ffjm2,16,"[0.310446712861302, 0.15745560605198683, -0.016250066879023303, 0.1883242373644306, -0.05966309786449775, 0.016917647126927983, 0.03595128635474645, -0.004429906230901724, 0.12711069693941773, 0.17823668159678666]"
ffjm2,17,"[0.31058099161851405, 0.15712428297385383, -0.016297368671045764, 0.18833782427090748, -0.0597099103846984, 0.01699099577101979, 0.03554843864441051, -0.005140953510281153, 0.12691738784082993, 0.1782052056610857]"
ffjm2,18,"[0.31290194262170895, 0.15119989195614095, -0.017128161816929933, 0.18859664302120757, -0.06022378913019579, 0.018508835549136654, 0.032057024940436246, -0.004801943279379883, 0.1241809293949571, 0.17764327710116784]"
ffjm2,19,"[0.3130361982699025, 0.15086063696494215, -0.017177969268524152, 0.18861041774794818, -0.06033834771913218, 0.018625837010381535, 0.03172360573767716, -0.005437832102934359, 0.1244186994670206, 0.17764793316077926]"
ffjm2,20,"[0.3130496105474584, 0.1508266789721168, -0.017182948590252867, 0.18861200046207757, -0.06034957459751713, 0.018637906287418432, 0.031693185652634154, -0.00550001407642331, 0.12443993782168299, 0.17765186690949802]"
ffjm2,21,"[0.31306481643876855, 0.1507922029621709, -0.017188449769375714, 0.18861169266427405, -0.0603792328633958, 0.018654231951275885, 0.03167204093398615, -0.005521267575348099, 0.1246315199619739, 0.17775160599703593]"
ffjm2,22,"[0.3130775343217568, 0.15075865718180584, -0.017192707120181606, 0.1886154876146883, -0.06038346910012853, 0.018664644793775803, 0.031637156828087015, -0.0055917228026985955, 0.12460969501645407, 0.17769768785005208]"
ffjm2,23,"[0.3130786994259268, 0.15075534680174044, -0.017193071022566942, 0.18861606522180532, -0.06038284726945419, 0.018665439584526572, 0.031633301583436954, -0.005601337472961321, 0.12459840196230669, 0.17768502776238423]"
ffjm2,24,"[0.31307869943953215, 0.15075534676772137, -0.017193071027609353, 0.18861606522316635, -0.06038284728241105, 0.018665439597200767, 0.03163330154839976, -0.0056013375697276935, 0.12459840196847138, 0.17768502779144565]"
